created,type,artist,timestamp,shabadID,verseID,description,link,matched_verse
NA,random,Bhai Harpreet Singh Ji Toronto,00:37:18,687,9290,Aaoo Hamare Raam Pyare Jio,https://akj.media/Media/Keertan/NewYork/2016/046_NewYork_Aug2016_SatE_RSK_BhaiHarpreetSinghJeeToronto.mp3,ਆਉ ਹਮਾਰੈ ਰਾਮ ਪਿਆਰੇ ਜੀਉ ॥
NA,random,Bhai Mohinder Singh Ji SDO,00:29:00,1429,16753,Nayee suniya man triptiyaaa and suniyaa pauirss,https://s3.us-east-1.amazonaws.com/keerat.xyz/keertan/sdo/yt_mga/649 MGA SDO 1611 Sarwani kirtan Suno Din Raati LD A 01 1978 Old Spool KS 1 Top Most.m4a,ਨਾਮਿ ਸੁਨਿਐ ਮਨੁ ਤ੍ਰਿਪਤੈ ਮੇਰੇ ਭਾਈ ॥੧॥
NA,random,Bhai Mohinder Singh Ji SDO,00:34:40,1684,20739,Sanmukh Seh Ban,https://s3.us-east-1.amazonaws.com/keerat.xyz/keertan/sdo/yt_mga/649 MGA SDO 1611 Sarwani kirtan Suno Din Raati LD A 01 1978 Old Spool KS 1 Top Most.m4a,
NA,random,Bhai Mohinder Singh Ji SDO,00:37:00,3279,37341,Dhun Meh Dhyan Simran,https://s3.us-east-1.amazonaws.com/keerat.xyz/keertan/sdo/yt_mga/649 MGA SDO 1611 Sarwani kirtan Suno Din Raati LD A 01 1978 Old Spool KS 1 Top Most.m4a,ਧੁਨਿ ਮਹਿ ਧਿਆਨੁ ਧਿਆਨ ਮਹਿ ਜਾਨਿਆ ਗੁਰਮੁਖਿ ਅਕਥ ਕਹਾਨੀ ॥੩॥
NA,random,Bhai Mohinder Singh Ji SDO,00:40:00,4193,50585,"Gobind Jio ,Mere Man tan Naam har bidhe",https://s3.us-east-1.amazonaws.com/keerat.xyz/keertan/sdo/yt_mga/649 MGA SDO 1611 Sarwani kirtan Suno Din Raati LD A 01 1978 Old Spool KS 1 Top Most.m4a,ਗੋਬਿੰਦ ਜੀਉ ਮੇਰੇ ਮਨ ਤਨ ਨਾਮ ਹਰਿ ਬੀਧੇ ॥
NA,random,Bhai Mohinder Singh Ji SDO,00:00:00,,,Simran track,https://s3.us-east-1.amazonaws.com/keerat.xyz/keertan/sdo/yt_mga/213 MGA SDO 1178 40 A.m4a,
NA,random,Bhai Mohinder Singh Ji SDO,00:09:45,1680,20632,Bhinee raanRiyee,https://s3.us-east-1.amazonaws.com/keerat.xyz/keertan/sdo/yt_mga/241 MGA SDO 1206 54 A.m4a,ਭਿੰਨੀ ਰੈਨੜੀਐ ਚਾਮਕਨਿ ਤਾਰੇ ॥
NA,random,Bhai Mohinder Singh Ji SDO,00:00:45,5470,59590,Partach ridya gur arjan kaa har puran bhram nivas liyoo,https://s3.us-east-1.amazonaws.com/keerat.xyz/keertan/sdo/yt_mga/595 MGA SDO 1557 Sab Kish Pura Hirde MSA 003 ASR 1979.m4a,ਪਰਤਛਿ ਰਿਦੈ ਗੁਰ ਅਰਜੁਨ ਕੈ ਹਰਿ ਪੂਰਨ ਬ੍ਰਹਮਿ ਨਿਵਾਸੁ ਲੀਅਉ ॥੫॥
NA,random,Bhai Mohinder Singh Ji SDO,0:00:00,4283,51864,Amrit naam swami tera,https://s3.us-east-1.amazonaws.com/keerat.xyz/keertan/sdo/yt_mga/121 MGA SDO 1087 SM.m4a,ਅੰਮ੍ਰਿਤ ਨਾਮੁ ਸੁਆਮੀ ਤੇਰਾ ਜੋ ਪੀਵੈ ਤਿਸ ਹੀ ਤ੍ਰਿਪਤਾਸ ॥
NA,random,Bhai Mohinder Singh Ji SDO,00:14:55,4261,51636,Koi ava Santo,https://s3.us-east-1.amazonaws.com/keerat.xyz/keertan/sdo/yt_mga/021 MGA SDO 1021 smpk 19 Gur Satgur Vich Nave Ke Vaddi vaadai.m4a,ਕੋਈ ਆਵੈ ਸੰਤੋ ਹਰਿ ਕਾ ਜਨੁ ਸੰਤੋ ਮੇਰਾ ਪ੍ਰੀਤਮ ਜਨੁ ਸੰਤੋ ਮੋਹਿ ਮਾਰਗੁ ਦਿਖਲਾਵੈ ॥
NA,random,Bhai Mohinder Singh Ji SDO,00:27:00,588,8233,Bhaj man mere ekyo naam,https://s3.us-east-1.amazonaws.com/keerat.xyz/keertan/sdo/yt_mga/021 MGA SDO 1021 smpk 19 Gur Satgur Vich Nave Ke Vaddi vaadai.m4a,ਭਜੁ ਮਨ ਮੇਰੇ ਏਕੋ ਨਾਮ ॥
NA,random,Bhai Mohinder Singh Ji SDO,00:40:00,2838,31812,Se sanjyog ,https://s3.us-east-1.amazonaws.com/keerat.xyz/keertan/sdo/yt_mga/021 MGA SDO 1021 smpk 19 Gur Satgur Vich Nave Ke Vaddi vaadai.m4a,ਸੇ ਸੰਜੋਗ ਕਰਹੁ ਮੇਰੇ ਪਿਆਰੇ ॥
NA,random,Bhai Mohinder Singh Ji SDO,01:03:40,1833,22114,Gurmukh sakhi laheli meri,https://s3.us-east-1.amazonaws.com/keerat.xyz/keertan/sdo/yt_mga/021 MGA SDO 1021 smpk 19 Gur Satgur Vich Nave Ke Vaddi vaadai.m4a,ਗੁਰਮੁਖਿ ਸਖੀ ਸਹੇਲੀ ਮੇਰੀ ਮੋ ਕਉ ਦੇਵਹੁ ਦਾਨੁ ਹਰਿ ਪ੍ਰਾਨ ਜੀਵਾਇਆ ॥
NA,random,Bhai Mohinder Singh Ji SDO,00:22:00,2062,23769,Jagat meh chuuthi deki preet,https://s3.us-east-1.amazonaws.com/keerat.xyz/keertan/sdo/yt_mga/543 MGA SDO 1505 123A Sabh Dhan kaho Gur Satgur.m4a,ਜਗਤ ਮੈ ਝੂਠੀ ਦੇਖੀ ਪ੍ਰੀਤਿ ॥
NA,random,Bhai Mohinder Singh Ji SDO,00:09:30,233,3474,Sab papi tareya,https://s3.us-east-1.amazonaws.com/keerat.xyz/keertan/sdo/yt_mga/553 MGA SDO 1515 Tere Jan Dekhan Paavaan 403 Delhi 1974.m4a,ਜੋ ਮਿਲਿਆ ਹਰਿ ਦੀਬਾਣ ਸਿਉ ਸੋ ਸਭਨੀ ਦੀਬਾਣੀ ਮਿਲਿਆ ॥
NA,random,Bhai Mohinder Singh Ji SDO,00:00:00,1645,19921,Tin jam neR na avA Gur Shabad Kamavaa,https://s3.us-east-1.amazonaws.com/keerat.xyz/keertan/sdo/yt_mga/553 MGA SDO 1515 Tere Jan Dekhan Paavaan 403 Delhi 1974.m4a,ਤਿਨ ਜਮੁ ਨੇੜਿ ਨ ਆਵੈ ਗੁਰ ਸਬਦੁ ਕਮਾਵੈ ਕਬਹੁ ਨ ਆਵਹਿ ਹਾਰਿ ਜੀਉ ॥
NA,random,Bhai Mohinder Singh Ji SDO,0:00,3093,34882,Satgur Shabad ojaro deepa,https://s3.us-east-1.amazonaws.com/keerat.xyz/keertan/sdo/yt_mga/239 MGA SDO 1204 53 A.m4a,ਸਤਿਗੁਰ ਸਬਦਿ ਉਜਾਰੋ ਦੀਪਾ ॥
NA,random,Bhai Mohinder Singh Ji SDO,00:24:50,1680,20632,Bhini ranRiye,https://s3.us-east-1.amazonaws.com/keerat.xyz/keertan/sdo/yt_mga/239 MGA SDO 1204 53 A.m4a,ਭਿੰਨੀ ਰੈਨੜੀਐ ਚਾਮਕਨਿ ਤਾਰੇ ॥
NA,random,Bhai Mohinder Singh Ji SDO,00:04:35,3375,39161,Anand anand sab ko kahaa ,https://s3.us-east-1.amazonaws.com/keerat.xyz/keertan/sdo/yt_mga/229 MGA SDO 1194 48 A.m4a,ਆਨੰਦੁ ਆਨੰਦੁ ਸਭੁ ਕੋ ਕਹੈ ਆਨੰਦੁ ਗੁਰੂ ਤੇ ਜਾਣਿਆ ॥
NA,random,Bhai Mohinder Singh Ji SDO,00:23:00,40197,201651,(Gursikhi barik haa)gur sikhee baareek hai sil chaTan fikee,https://s3.us-east-1.amazonaws.com/keerat.xyz/keertan/sdo/yt_mga/229 MGA SDO 1194 48 A.m4a,ਗੁਰ ਸਿਖੀ ਬਾਰੀਕ ਹੈ ਸਿਲ ਚਟਣੁ ਫਿਕੀ।
NA,random,Bhai Mohinder Singh Ji SDO,00:00:00,588,8233,Bhaj man mere eko naam,https://s3.us-east-1.amazonaws.com/keerat.xyz/keertan/sdo/yt_mga/249 MGA SDO 1214 58 A.m4a,ਭਜੁ ਮਨ ਮੇਰੇ ਏਕੋ ਨਾਮ ॥
NA,random,Bhai Mohinder Singh Ji SDO,00:00:00,3259,37031,Sadhu bin Ase abgat,https://s3.us-east-1.amazonaws.com/keerat.xyz/keertan/sdo/yt_mga/700 MGA SDO 1662 Sadhu Bin Ase Abgat Jave 03 1962 Anp Sahib Spool KS 67.m4a,ਸਾਧੂ ਬਿਨੁ ਐਸੇ ਅਬਗਤੁ ਜਾਵੈ ॥੧॥
NA,random,Bhai Mohinder Singh Ji SDO,00:32:50,,23846,Gur Amrit har much choiyaa,https://s3.us-east-1.amazonaws.com/keerat.xyz/keertan/sdo/yt_mga/700 MGA SDO 1662 Sadhu Bin Ase Abgat Jave 03 1962 Anp Sahib Spool KS 67.m4a,
NA,random,Bhai Mohinder Singh Ji SDO,00:01:00,,47560,Har naam dyaiyaa Shabad raas payiaa,https://s3.us-east-1.amazonaws.com/keerat.xyz/keertan/sdo/yt_mga/252 MGA SDO 1217 59 B.m4a,
NA,random,Bhai Mohinder Singh Ji SDO,00:00:00,3930,47046,Jin Jan gurmukh seviya (attempt lol),https://s3.us-east-1.amazonaws.com/keerat.xyz/keertan/sdo/yt_mga/117 MGA SDO 1083 M 32 B GURU LINE IN TRACK 03.m4a,ਜਿਨਿ ਜਨਿ ਗੁਰਮੁਖਿ ਸੇਵਿਆ ਤਿਨਿ ਸਭਿ ਸੁਖ ਪਾਈ ॥
NA,random,Bhai Mohinder Singh Ji SDO,00:23:00,2012,23406,Ari bhai gobind naam mat veesraa,https://s3.us-east-1.amazonaws.com/keerat.xyz/keertan/sdo/yt_mga/452 MGA SDO 1414 Mai Sat Sat Sat India 1980s.m4a,ਅਰੀ ਬਾਈ ਗੋਬਿਦ ਨਾਮੁ ਮਤਿ ਬੀਸਰੈ ॥ ਰਹਾਉ ॥
NA,random,Bhai Mohinder Singh Ji SDO,00:00:00,1648,20034,Dhan so vela,https://s3.us-east-1.amazonaws.com/keerat.xyz/keertan/sdo/yt_mga/392 MGA SDO 1357 M 109 A 1 Dhan So Vela Jit Mai Satgur Milyia.m4a,ਧੰਨੁ ਸੁ ਵੇਲਾ ਜਿਤੁ ਮੈ ਸਤਿਗੁਰੁ ਮਿਲਿਆ ਸੋ ਸਹੁ ਚਿਤਿ ਆਇਆ ॥
NA,random,Bhai Mohinder Singh Ji SDO,00:00:00,2883,32567,Hau aya dooro chal keee(gunvanti),https://s3.us-east-1.amazonaws.com/keerat.xyz/keertan/sdo/yt_mga/002 MGA SDO 1002 SDOBradford2 How Ayaaia Dooro Chalke.m4a,ਹਉ ਆਇਆ ਦੂਰਹੁ ਚਲਿ ਕੈ ਮੈ ਤਕੀ ਤਉ ਸਰਣਾਇ ਜੀਉ ॥
NA,random,Bhai Mohinder Singh Ji SDO,00:08:45,2650,30031,Har har bhagat driraavo,https://s3.us-east-1.amazonaws.com/keerat.xyz/keertan/sdo/yt_mga/002 MGA SDO 1002 SDOBradford2 How Ayaaia Dooro Chalke.m4a,ਹਰਿ ਹਰਿ ਹਰਿ ਹਰਿ ਭਗਤਿ ਦ੍ਰਿੜਾਵਹੁ ਹਰਿ ਹਰਿ ਨਾਮੁ ਓੁਮਾਹਾ ਰਾਮ ॥੧॥
NA,random,Bhai Mohinder Singh Ji SDO,00:23:00,4344,52291,Dhanvant naam ke vanjare,https://s3.us-east-1.amazonaws.com/keerat.xyz/keertan/sdo/yt_mga/002 MGA SDO 1002 SDOBradford2 How Ayaaia Dooro Chalke.m4a,ਧਨਵੰਤ ਨਾਮ ਕੇ ਵਣਜਾਰੇ ॥
NA,random,Shamsher Singh,00:00:00,,,Naam Japandari Lali,https://sgpc.net/puratan-kirtan/SHAMSHER SINGH/14_Bhai_ShemSher_Singh_Jee_Bhai_MohanPal_Singh_Jee_Gur_Darshan_Dekh_Nihalae%5B1%5D.mp3,
1676779637,random,Bhai Joginder Singh Talwara,00:00:00,1349,15353,Udho na kaga,https://www.ikirtan.com/Bhai_Joginder_Singh_Jee_Talwara/Bhaaee Joginder Singh %28Uddoh na kaagaa kaarey%29.mp3,ਉਡਹੁ ਨ ਕਾਗਾ ਕਾਰੇ ॥
1676780227,random,Bhai Tejinderpal Singh Ji Dulla,00:00:00,4188,50530,Gur ki Bani vitho,https://s3.us-east-1.amazonaws.com/keerat.xyz/keertan/dulla_ji/sc/scottishsikhs/Gur Kee Baanee Vittahu Vaariaa Bhaaee Gur Sabadh Vittahu Bal Jaaee (Dulla Ji).mp3,ਗੁਰਿ ਰਾਖੇ ਸੇ ਉਬਰੇ ਭਾਈ ਹਰਿ ਰਸੁ ਅੰਮ੍ਰਿਤੁ ਪੀਆਇ ॥
1676781057,random,Bhai Tejinderpal Singh Ji Dulla,00:00:00,2370,27150,Mera mat pita har raia ,https://s3.us-east-1.amazonaws.com/keerat.xyz/keertan/dulla_ji/sc/scottishsikhs/Maeraa Maath Pithaa Har Raaeiaa (Dulla Ji).mp3,ਮੇਰਾ ਮਾਤ ਪਿਤਾ ਹਰਿ ਰਾਇਆ ॥
1676821047,random,Bhai Mohinder Singh Ji SDO,00:00:00,1438,16859,Maa Prem ras paya ,https://s3.us-east-1.amazonaws.com/keerat.xyz/keertan/sdo/yt_mga/301 MGA SDO 1266 M 23 B 1.m4a,ਸੁਨਹੁ ਲੋਕਾ ਮੈ ਪ੍ਰੇਮ ਰਸੁ ਪਾਇਆ ॥
1676833907,random,Bhai Mehar Singh Ji,00:00:00,277,3840,dha(n)nu su dhes jahaa too(n) vasiaa,https://sikhsoul.com/golden_khajana_files/mp3/Keertan/Bhai Mehar Singh/Bhai Mehar Singh - Dhannu Su Dhes Jahaa Toon Vasiaa.mp3,ਧੰਨੁ ਸੁ ਦੇਸੁ ਜਹਾ ਤੂੰ ਵਸਿਆ ਮੇਰੇ ਸਜਣ ਮੀਤ ਮੁਰਾਰੇ ਜੀਉ ॥੨॥
1676839713,random,Bhai Mohinder Singh Ji SDO,00:04:00,311,4279,Prabh milne ki eh nishani,https://s3.us-east-1.amazonaws.com/keerat.xyz/keertan/sdo/yt_mga/611 MGA SDO 1573 Gur Poore Charan Kamal Man Voothe Delhi 1990 JS.m4a,ਪ੍ਰਭ ਮਿਲਣੈ ਕੀ ਏਹ ਨੀਸਾਣੀ ॥
1676839947,random,Bhai Mohinder Singh Ji SDO,00:00:00,2679,30266,Ab man Chout gyaa,https://s3.us-east-1.amazonaws.com/keerat.xyz/keertan/sdo/yt_mga/612 MGA SDO 1574 Ab Man Choot Gyiae HSP 03 1958 SPOOL KS 4 Top Most.m4a,ਅਬ ਮਨੁ ਛੂਟਿ ਗਇਆ ਸਾਧੂ ਸੰਗਿ ਮਿਲੇ ॥
1676840977,random,Bhai Harpreet Singh Ji Toronto,00:15:00,,,Vari tin vari java,https://akj.media/Media/Keertan/Toronto/2006/082_Toronto_Dec2006_ThuE_AK_BhaiHarpreetSinghJeeToronto.mp3,
1676842913,random,Bhai Mohinder Singh Ji SDO,00:02:00,2029,23538,akv Har Raam jap laha ,https://s3.us-east-1.amazonaws.com/keerat.xyz/keertan/sdo/yt_mga/212 MGA SDO 1177 39 B.m4a,ਹਰਿ ਰਾਮ ਨਾਮੁ ਜਪਿ ਲਾਹਾ ॥
1676843694,random,Bhai Mohinder Singh Ji SDO,00:06:00,,,Fire mangals in beginning. Then bhagat so hey ,https://sikhsoul.com/golden_khajana_files/mp3/Keertan/Bhai Mohinder Singh SDO/Bhagat Sohey Guhn Gavday.mp3,
1676857526,random,Bhai Harpreet Singh Ji Toronto,00:36:00,639,8788,Prabh mil be ko preet man lagiw,https://akj.media/Media/Keertan/NewJersey/1993/001_NewJersey_Dec1993_SatE_RSK_BhaiHarpreetSinghJeeToronto.mp3,ਪ੍ਰਭ ਮਿਲਬੇ ਕਉ ਪ੍ਰੀਤਿ ਮਨਿ ਲਾਗੀ ॥
1676866315,random,Bhai Tejinderpal Singh Ji Dulla,00:22:40,650,8898,Milho pyara jee,https://s3.us-east-1.amazonaws.com/keerat.xyz/keertan/dulla_ji/yt/D 172 MGA DULLA 172 Bin Bhaagaa Sathasang N Labhai 1998 Moga-ksLU7QaHS2c.mp3,ਮਿਲਹੁ ਪਿਆਰੇ ਜੀਆ ॥
1676867068,random,Bhai Tejinderpal Singh Ji Dulla,00:33:40,3050,34497,Santan ka Dana rooka,https://s3.us-east-1.amazonaws.com/keerat.xyz/keertan/dulla_ji/yt/D 172 MGA DULLA 172 Bin Bhaagaa Sathasang N Labhai 1998 Moga-ksLU7QaHS2c.mp3,ਸੰਤਨ ਕਾ ਦਾਨਾ ਰੂਖਾ ਸੋ ਸਰਬ ਨਿਧਾਨ ॥
1676867686,random,Bhai Tejinderpal Singh Ji Dulla,00:54:30,3107,34991,Nanak daas ehi daan manga ,https://s3.us-east-1.amazonaws.com/keerat.xyz/keertan/dulla_ji/yt/D 172 MGA DULLA 172 Bin Bhaagaa Sathasang N Labhai 1998 Moga-ksLU7QaHS2c.mp3,ਕਬਹੂ ਨ ਬਿਸਰੈ ਹੀਏ ਮੋਰੇ ਤੇ ਨਾਨਕ ਦਾਸ ਇਹੀ ਦਾਨੁ ਮੰਗਾ ॥੨॥੧੫॥੧੦੧॥
1677272568,random,Bhai Mohinder Singh Ji SDO,00:05:00,650,8907,Dhan guru Arjan dev sahib ji,https://sikhsoul.com/golden_khajana_files/mp3/Keertan/Bhai Mohinder Singh SDO/Soee Hoaa Jo This Bhaanaa Avar N Kin Hee Keethaa.mp3,ਕਰਿ ਕਿਰਪਾ ਧੂਰਿ ਦੇਹੁ ਸੰਤਨ ਕੀ ਸੁਖੁ ਨਾਨਕੁ ਇਹੁ ਬਾਛੈ ॥੪॥੯॥੧੩੦॥
1677274800,random,Bhai Mohinder Singh Ji SDO,00:18:53,2882,32554,Suchaji. Connects soe hoa jo tis bhana -> bhana takhat vadiyaa. Brilliant!!,https://sikhsoul.com/golden_khajana_files/mp3/Keertan/Bhai Mohinder Singh SDO/Soee Hoaa Jo This Bhaanaa Avar N Kin Hee Keethaa.mp3,ਭਾਣੈ ਤਖਤਿ ਵਡਾਈਆ ਭਾਣੈ ਭੀਖ ਉਦਾਸਿ ਜੀਉ ॥
1677276575,random,Bhai Mohinder Singh Ji SDO,1:06:45,2859,32034,Mere Raam rai muj te cachu na hoie. Sri mukhvach patshai 5 at 1:07:25,https://sikhsoul.com/golden_khajana_files/mp3/Keertan/Bhai Mohinder Singh SDO/Soee Hoaa Jo This Bhaanaa Avar N Kin Hee Keethaa.mp3,ਮੇਰੇ ਰਾਮ ਰਾਇ ਮੁਝ ਤੇ ਕਛੂ ਨ ਹੋਈ ॥
1677276825,random,Bhai Mohinder Singh Ji SDO,00:14:30,2012,23406,Ari bhai gobind naam mat beesraa ,https://sikhsoul.com/golden_khajana_files/mp3/Keertan/Bhai Mohinder Singh SDO/Aadhi Such Jugaadi Such.mp3,ਅਰੀ ਬਾਈ ਗੋਬਿਦ ਨਾਮੁ ਮਤਿ ਬੀਸਰੈ ॥ ਰਹਾਉ ॥
1677277106,random,Bhai Mohinder Singh Ji SDO,00:39:20,,,Cool katha lol. Updesh je dita satguru. And sarabloh maharaj Vaheguru mantar. Vaheguru gurshabad haa,https://sikhsoul.com/golden_khajana_files/mp3/Keertan/Bhai Mohinder Singh SDO/Aadhi Such Jugaadi Such.mp3,
1677277276,random,Bhai Mohinder Singh Ji SDO,00:52:10,2587,29318,Gur ka bachan basaa ji nale ,https://sikhsoul.com/golden_khajana_files/mp3/Keertan/Bhai Mohinder Singh SDO/Eae Man Piaariaa Thoo Sadhaa Sach Samaalae.mp3,ਗੁਰ ਕਾ ਬਚਨੁ ਬਸੈ ਜੀਅ ਨਾਲੇ ॥
1677283958,random,Bhai Mohinder Singh Ji SDO,00:00:00,,,Dhan so Vela,https://sikhsoul.com/golden_khajana_files/mp3/Keertan/Bhai Mohinder Singh SDO/Eae Man Maeriaa Thoo Kiaa Lai Aaeiaa Kiaa Lai Jaaeisee Raam.mp3,
1677284163,random,Bhai Mohinder Singh Ji SDO,00:01:25,4739,55725,Saas saas dhiyavo mukh nahi mora. Prabh ji ko naam ant pukroraa,https://sikhsoul.com/golden_khajana_files/mp3/Keertan/Bhai Mohinder Singh SDO/Eae Man Maeriaa Thoo Kiaa Lai Aaeiaa Kiaa Lai Jaaeisee Raam.mp3,ਸਾਸਿ ਸਾਸਿ ਧਿਆਵਹੁ ਮੁਖੁ ਨਹੀ ਮੋਰੈ ॥
1677284390,random,Bhai Mohinder Singh Ji SDO,00:50:20,1680,20632,Bhinee RaanaReyaa,https://sikhsoul.com/golden_khajana_files/mp3/Keertan/Bhai Mohinder Singh SDO/Eae Man Maeriaa Thoo Kiaa Lai Aaeiaa Kiaa Lai Jaaeisee Raam.mp3,ਭਿੰਨੀ ਰੈਨੜੀਐ ਚਾਮਕਨਿ ਤਾਰੇ ॥
1677284558,random,Bhai Mohinder Singh Ji SDO,00:51:55,236,3502,Bhinee ->. Har ke sant suno,https://sikhsoul.com/golden_khajana_files/mp3/Keertan/Bhai Mohinder Singh SDO/Eae Man Maeriaa Thoo Kiaa Lai Aaeiaa Kiaa Lai Jaaeisee Raam.mp3,ਹਰਿ ਕੇ ਸੰਤ ਸੁਣਹੁ ਜਨ ਭਾਈ ਹਰਿ ਸਤਿਗੁਰ ਕੀ ਇਕ ਸਾਖੀ ॥
1677297419,random,Bhai Tejinderpal Singh Ji Dulla,00:25:40,645,8845,Rakh pita prabh mere (fire vibes. Track with Dulla ji x hps ji),https://s3.us-east-1.amazonaws.com/keerat.xyz/keertan/dulla_ji/sc/nirbankeertan/Garath parath gehi laehu angur (Dulla Ji).mp3,ਰਾਖੁ ਪਿਤਾ ਪ੍ਰਭ ਮੇਰੇ ॥
1677297780,random,Bhai Tejinderpal Singh Ji Dulla,00:00:00,1209,14294,Thus dita puraa satguru (fire simran at 15 min),https://sikhsoul.com/golden_khajana_files/mp3/Keertan/Bhai Tejinderpal Singh Dulla/Bhai Tejinderpal Singh Dulla - Thus dhithaa poorai sathiguroo har dhhan sach akhutt.mp3,ਤੁਸਿ ਦਿਤਾ ਪੂਰੈ ਸਤਿਗੁਰੂ ਹਰਿ ਧਨੁ ਸਚੁ ਅਖੁਟੁ ॥
1677298155,random,Bhai Mohinder Singh Ji SDO,00:00:00,1648,20034,Dhan so vela jit meh satgur milya (fire simran at 19:20),https://sikhsoul.com/golden_khajana_files/mp3/Keertan/Bhai Mohinder Singh SDO/Dhhann S Vaelaa Jith Mai Sathigur Miliaa 1.mp3,ਧੰਨੁ ਸੁ ਵੇਲਾ ਜਿਤੁ ਮੈ ਸਤਿਗੁਰੁ ਮਿਲਿਆ ਸੋ ਸਹੁ ਚਿਤਿ ਆਇਆ ॥
1677298569,random,Bhai Tejinderpal Singh Ji Dulla,00:30:30,2874,32383,Simar simar simar gur apna soya ,https://s3.us-east-1.amazonaws.com/keerat.xyz/keertan/dulla_ji/yt/D 162 MGA DULLA 162 Din Darad Dukh Bhanjna Jaspal S Tabla JSUK 2005 USA-d8noIiQ5ULU.m4a,ਸਿਮਰਿ ਸਿਮਰਿ ਸਿਮਰਿ ਗੁਰੁ ਅਪੁਨਾ ਸੋਇਆ ਮਨੁ ਜਾਗਾਈ ॥੨੩॥
1677299125,random,Bhai Tejinderpal Singh Ji Dulla,00:00:00,4073,48478,Jivat Jivat Jivat raho,https://s3.us-east-1.amazonaws.com/keerat.xyz/keertan/dulla_ji/yt/D 001 MGA DULLA 001 Jivat Jivat Jivat Raho 12 06 04 1 P burgh-bxL 4Eaun1U.m4a,ਜੀਵਤ ਜੀਵਤ ਜੀਵਤ ਰਹਹੁ ॥
1677299297,random,Bhai Tejinderpal Singh Ji Dulla,00:40:10,4342,52277,Feeke har ke naam bin Saadh ,https://s3.us-east-1.amazonaws.com/keerat.xyz/keertan/dulla_ji/yt/D 001 MGA DULLA 001 Jivat Jivat Jivat Raho 12 06 04 1 P burgh-bxL 4Eaun1U.m4a,ਫੀਕੇ ਹਰਿ ਕੇ ਨਾਮ ਬਿਨੁ ਸਾਦ ॥
1679337780,random,Bhai Mohinder Singh Ji SDO,00:06:00,,202893,Sukh sagar gur chad ke,https://s3.us-east-1.amazonaws.com/keerat.xyz/keertan/sdo/yt_mga/685 MGA SDO 1647 So kishh Kar Jit Chhutte Prani B 03 1971 Moga SPOOL BS 16 52.m4a,
1679339876,random,Bhai Mohinder Singh Ji SDO,00:16:55,,15269,Samaj man baura re,https://s3.us-east-1.amazonaws.com/keerat.xyz/keertan/sdo/yt_mga/685 MGA SDO 1647 So kishh Kar Jit Chhutte Prani B 03 1971 Moga SPOOL BS 16 52.m4a,
1679340751,random,Bhai Mohinder Singh Ji SDO,00:25:30,647,8869,bikhye Bach har each -> Chod Chod re bekhiyaa ke rasooaa,https://s3.us-east-1.amazonaws.com/keerat.xyz/keertan/sdo/yt_mga/685 MGA SDO 1647 So kishh Kar Jit Chhutte Prani B 03 1971 Moga SPOOL BS 16 52.m4a,ਛੋਡਿ ਛੋਡਿ ਰੇ ਬਿਖਿਆ ਕੇ ਰਸੂਆ ॥
1679341145,random,Bhai Mohinder Singh Ji SDO,00:29:40,2650,30034,"bhagat har jasua -> har har jas ghumar pavo, bhagat drriRavo",https://s3.us-east-1.amazonaws.com/keerat.xyz/keertan/sdo/yt_mga/685 MGA SDO 1647 So kishh Kar Jit Chhutte Prani B 03 1971 Moga SPOOL BS 16 52.m4a,ਹਰਿ ਹਰਿ ਹਰਿ ਜਸੁ ਘੂਮਰਿ ਪਾਵਹੁ ਮਿਲਿ ਸਤਸੰਗਿ ਓੁਮਾਹਾ ਰਾਮ ॥੨॥
1686341734,SDO_MGA_1,Bhai Mohinder Singh Ji SDO,00:00:00,1442,16932,Pardesh jhag saude. Chill,https://s3.us-east-1.amazonaws.com/keerat.xyz/keertan/sdo/yt_mga/001 MGA SDO 1001 SDOBradford1 Pardesh jhak Soude Ko Ayaaia.m4a,ਪਰਦੇਸੁ ਝਾਗਿ ਸਉਦੇ ਕਉ ਆਇਆ ॥
1686341896,SDO_MGA_1,Bhai Mohinder Singh Ji SDO,00:19:15,5190,58494,keso keso kookiyee,https://s3.us-east-1.amazonaws.com/keerat.xyz/keertan/sdo/yt_mga/001 MGA SDO 1001 SDOBradford1 Pardesh jhak Soude Ko Ayaaia.m4a,ਕਬੀਰ ਕੇਸੋ ਕੇਸੋ ਕੂਕੀਐ ਨ ਸੋਈਐ ਅਸਾਰ ॥
1686343931,SDO_MGA_1,Bhai Mohinder Singh Ji SDO,00:20:35,,,raam raam bol bol khoj te -> khojat khoat bheeii baaragan,https://s3.us-east-1.amazonaws.com/keerat.xyz/keertan/sdo/yt_mga/001 MGA SDO 1001 SDOBradford1 Pardesh jhak Soude Ko Ayaaia.m4a,
1686344041,SDO_MGA_1,Bhai Mohinder Singh Ji SDO,00:23:05,2883,32567,hoo ayaa doooah chal kee. Gunvanti,https://s3.us-east-1.amazonaws.com/keerat.xyz/keertan/sdo/yt_mga/001 MGA SDO 1001 SDOBradford1 Pardesh jhak Soude Ko Ayaaia.m4a,ਹਉ ਆਇਆ ਦੂਰਹੁ ਚਲਿ ਕੈ ਮੈ ਤਕੀ ਤਉ ਸਰਣਾਇ ਜੀਉ ॥
1686344360,SDO_MGA_1,Bhai Mohinder Singh Ji SDO,00:31:05,1209,14298,Nanak Ko Gur Bakhya Naame Sang Jut. ,https://s3.us-east-1.amazonaws.com/keerat.xyz/keertan/sdo/yt_mga/001 MGA SDO 1001 SDOBradford1 Pardesh jhak Soude Ko Ayaaia.m4a,ਨਾਨਕ ਕਉ ਗੁਰਿ ਬਖਸਿਆ ਨਾਮੈ ਸੰਗਿ ਜੁਟੁ ॥੨੯॥
1686344663,SDO_MGA_1,Bhai Mohinder Singh Ji SDO,00:34:50,369,5665,eik khaRe kareh teree chaakaree vin naavai hor na bhaiaa ,https://s3.us-east-1.amazonaws.com/keerat.xyz/keertan/sdo/yt_mga/001 MGA SDO 1001 SDOBradford1 Pardesh jhak Soude Ko Ayaaia.m4a,ਇਕਿ ਖੜੇ ਕਰਹਿ ਤੇਰੀ ਚਾਕਰੀ ਵਿਣੁ ਨਾਵੈ ਹੋਰੁ ਨ ਭਾਇਆ ॥
1686344926,SDO_MGA_1,Bhai Mohinder Singh Ji SDO,00:36:35,1122,13728,Jo aap japaa aura naam japavaa,https://s3.us-east-1.amazonaws.com/keerat.xyz/keertan/sdo/yt_mga/001 MGA SDO 1001 SDOBradford1 Pardesh jhak Soude Ko Ayaaia.m4a,ਮਃ ੪ ॥
1686368399,SDO_MGA_1,Bhai Mohinder Singh Ji SDO,00:00:00,2883,32567,Gunvanti. How ayaa doorh chal kee. ,https://s3.us-east-1.amazonaws.com/keerat.xyz/keertan/sdo/yt_mga/002 MGA SDO 1002 SDOBradford2 How Ayaaia Dooro Chalke.m4a,ਹਉ ਆਇਆ ਦੂਰਹੁ ਚਲਿ ਕੈ ਮੈ ਤਕੀ ਤਉ ਸਰਣਾਇ ਜੀਉ ॥
1686368671,SDO_MGA_1,Bhai Mohinder Singh Ji SDO,00:12:35,1122,13732,Satgur seviya aapnaa,https://s3.us-east-1.amazonaws.com/keerat.xyz/keertan/sdo/yt_mga/002 MGA SDO 1002 SDOBradford2 How Ayaaia Dooro Chalke.m4a,ਸਭਿ ਕਾਰਜ ਤਿਨ ਕੇ ਸਿਧਿ ਹਹਿ ਜਿਨ ਗੁਰਮੁਖਿ ਕਿਰਪਾ ਧਾਰਿ ॥
1686369033,SDO_MGA_1,Bhai Mohinder Singh Ji SDO,00:22:22,4344,52291,Pardesh chack saude kao ayaa -> dhanvant naam kee vanjare,https://s3.us-east-1.amazonaws.com/keerat.xyz/keertan/sdo/yt_mga/002 MGA SDO 1002 SDOBradford2 How Ayaaia Dooro Chalke.m4a,ਧਨਵੰਤ ਨਾਮ ਕੇ ਵਣਜਾਰੇ ॥
1686369405,SDO_MGA_1,Bhai Mohinder Singh Ji SDO,00:39:50,551,7826,Dhanvant naam ke vanjare -> hum dhanvant baghat sach naiee ,https://s3.us-east-1.amazonaws.com/keerat.xyz/keertan/sdo/yt_mga/002 MGA SDO 1002 SDOBradford2 How Ayaaia Dooro Chalke.m4a,ਹਮ ਧਨਵੰਤ ਭਾਗਠ ਸਚ ਨਾਇ ॥
1686369547,SDO_MGA_1,Bhai Mohinder Singh Ji SDO,00:00:00,4778,56088,Sabh dhiyavoo,https://s3.us-east-1.amazonaws.com/keerat.xyz/keertan/sdo/yt_mga/003 MGA SDO 1003 smpk 01 Sub Dheavo Sub Dheavo Aad Sate.m4a,ਹਰਿ ਤੁਮੑ ਵਡ ਵਡੇ ਵਡੇ ਵਡ ਊਚੇ ਸਭ ਊਪਰਿ ਵਡੇ ਵਡੌਨਾ ॥
1686431610,SDO_MGA_1,Bhai Mohinder Singh Ji SDO,00:11:40,5343,58886,Sabh kal udhari ek dharm,https://s3.us-east-1.amazonaws.com/keerat.xyz/keertan/sdo/yt_mga/003 MGA SDO 1003 smpk 01 Sub Dheavo Sub Dheavo Aad Sate.m4a,ਬਲਿਓ ਚਰਾਗੁ ਅੰਧੵਾਰ ਮਹਿ ਸਭ ਕਲਿ ਉਧਰੀ ਇਕ ਨਾਮ ਧਰਮ ॥
1686545629,SDO_MGA_1,Bhai Mohinder Singh Ji SDO,00:16:40,,,Tudh baj kuro kuro. AKV,https://s3.us-east-1.amazonaws.com/keerat.xyz/keertan/sdo/yt_mga/003 MGA SDO 1003 smpk 01 Sub Dheavo Sub Dheavo Aad Sate.m4a,
1686546076,SDO_MGA_1,Bhai Mohinder Singh Ji SDO,00:35:05,1636,19665,Naam kheti beejho bhai meet,https://s3.us-east-1.amazonaws.com/keerat.xyz/keertan/sdo/yt_mga/003 MGA SDO 1003 smpk 01 Sub Dheavo Sub Dheavo Aad Sate.m4a,ਨਾਮੁ ਖੇਤੀ ਬੀਜਹੁ ਭਾਈ ਮੀਤ ॥
1686546241,SDO_MGA_1,Bhai Mohinder Singh Ji SDO,00:38:40,4816,56320,Man rasik rasan naam jap,https://s3.us-east-1.amazonaws.com/keerat.xyz/keertan/sdo/yt_mga/003 MGA SDO 1003 smpk 01 Sub Dheavo Sub Dheavo Aad Sate.m4a,ਹਮਾਰੈ ਏਹ ਕਿਰਪਾ ਕੀਜੈ ॥
1686546522,SDO_MGA_1,Bhai Mohinder Singh Ji SDO,00:00:18,,,Bin Sabde Acchar Na Kinhee Pyiaa,https://s3.us-east-1.amazonaws.com/keerat.xyz/keertan/sdo/yt_mga/004 MGA SDO 1004 smpk 02 Bin Sabde Acchar Na Kinhee Pyiaa.m4a,
1686628056,SDO_MGA_1,Bhai Mohinder Singh Ji SDO,00:16:10,506,7074,Track Changes. Raam hum satgur parbrham kar manee ,https://s3.us-east-1.amazonaws.com/keerat.xyz/keertan/sdo/yt_mga/004 MGA SDO 1004 smpk 02 Bin Sabde Acchar Na Kinhee Pyiaa.m4a,ਰਾਮ ਹਮ ਸਤਿਗੁਰ ਪਾਰਬ੍ਰਹਮ ਕਰਿ ਮਾਨੇ ॥
1686628304,SDO_MGA_1,Bhai Mohinder Singh Ji SDO,00:37:40,1544,18216,Parman jap jap har ka naam kade na chooriya,https://s3.us-east-1.amazonaws.com/keerat.xyz/keertan/sdo/yt_mga/004 MGA SDO 1004 smpk 02 Bin Sabde Acchar Na Kinhee Pyiaa.m4a,ਜਪਿ ਜਪਿ ਹਰਿ ਕਾ ਨਾਮੁ ਕਦੇ ਨ ਝੂਰੀਐ ॥
1686628365,SDO_MGA_1,Bhai Mohinder Singh Ji SDO,00:00:00,3379,39440,Mil rahiya prabh sadh jnaa ,https://s3.us-east-1.amazonaws.com/keerat.xyz/keertan/sdo/yt_mga/005 MGA SDO 1005 smpk 03 Mil Rehiea saad Jana.m4a,ਮਿਲਿ ਰਹੀਐ ਪ੍ਰਭ ਸਾਧ ਜਨਾ ਮਿਲਿ ਹਰਿ ਕੀਰਤਨੁ ਸੁਨੀਐ ਰਾਮ ॥
1686628533,SDO_MGA_1,Bhai Mohinder Singh Ji SDO,00:10:00,2944,33483,beanta beant gun tere -> Vaho vaho khasam tu vaho,https://s3.us-east-1.amazonaws.com/keerat.xyz/keertan/sdo/yt_mga/005 MGA SDO 1005 smpk 03 Mil Rehiea saad Jana.m4a,ਵਾਹੁ ਖਸਮ ਤੂ ਵਾਹੁ ਜਿਨਿ ਰਚਿ ਰਚਨਾ ਹਮ ਕੀਏ ॥
1686628648,SDO_MGA_1,Bhai Mohinder Singh Ji SDO,00:20:15,2880,32523,Sodat sodat sod tat bichariya ,https://s3.us-east-1.amazonaws.com/keerat.xyz/keertan/sdo/yt_mga/005 MGA SDO 1005 smpk 03 Mil Rehiea saad Jana.m4a,ਸੋਧਤ ਸੋਧਤ ਸੋਧਿ ਤਤੁ ਬੀਚਾਰਿਆ ॥
1686628821,SDO_MGA_1,Bhai Mohinder Singh Ji SDO,00:25:50,,,Bemukh sukh naa dekhaee. Vaara Bhai Gurdaas Ji,https://s3.us-east-1.amazonaws.com/keerat.xyz/keertan/sdo/yt_mga/005 MGA SDO 1005 smpk 03 Mil Rehiea saad Jana.m4a,
1686891380,SDO_MGA_1,Bhai Mohinder Singh Ji SDO,00:03:00,,,Rehatnama chaupa singh. Har jas chalat Jo bat sunavaa,https://s3.us-east-1.amazonaws.com/keerat.xyz/keertan/sdo/yt_mga/005 MGA SDO 1005 smpk 03 Mil Rehiea saad Jana.m4a,
1686891406,SDO_MGA_1,Bhai Mohinder Singh Ji SDO,00:30:00,4072,48467,"Mil Rehiea saad Jana.m4a""",https://s3.us-east-1.amazonaws.com/keerat.xyz/keertan/sdo/yt_mga/005 MGA SDO 1005 smpk 03 Mil Rehiea saad Jana.m4a,ਨਗਜ ਤੇਰੇ ਬੰਦੇ ਦੀਦਾਰੁ ਅਪਾਰੁ ॥
1686891436,SDO_MGA_1,Bhai Mohinder Singh Ji SDO,00:00:00,2880,32528,"Amrit Har Ka Naam.m4a""",https://s3.us-east-1.amazonaws.com/keerat.xyz/keertan/sdo/yt_mga/006 MGA SDO 1006 smpk 04 Amrit Har Ka Naam.m4a,ਅੰਮ੍ਰਿਤੁ ਹਰਿ ਕਾ ਨਾਮੁ ਤਿਨੑੀ ਜਨੀ ਜਪਿ ਲਇਆ ॥੬॥
1686891545,SDO_MGA_1,Bhai Mohinder Singh Ji SDO,00:02:35,2880,32531,History. Visar nahi datar apnaa naam deho,https://s3.us-east-1.amazonaws.com/keerat.xyz/keertan/sdo/yt_mga/006 MGA SDO 1006 smpk 04 Amrit Har Ka Naam.m4a,ਵਿਸਰੁ ਨਾਹੀ ਦਾਤਾਰ ਆਪਣਾ ਨਾਮੁ ਦੇਹੁ ॥
1686891620,SDO_MGA_1,Bhai Mohinder Singh Ji SDO,00:03:20,2415,27768,Har kirat sadhsangat haa,https://s3.us-east-1.amazonaws.com/keerat.xyz/keertan/sdo/yt_mga/006 MGA SDO 1006 smpk 04 Amrit Har Ka Naam.m4a,ਹਰਿ ਕੀਰਤਿ ਸਾਧਸੰਗਤਿ ਹੈ ਸਿਰਿ ਕਰਮਨ ਕੈ ਕਰਮਾ ॥
1686891739,SDO_MGA_1,Bhai Mohinder Singh Ji SDO,00:08:40,,,Sange andar sabta jis guru sahaiee,https://s3.us-east-1.amazonaws.com/keerat.xyz/keertan/sdo/yt_mga/006 MGA SDO 1006 smpk 04 Amrit Har Ka Naam.m4a,
1686891833,SDO_MGA_1,Bhai Mohinder Singh Ji SDO,00:26:00,1122,13730,Funny. Cold water. Not be lazy at that time. 2 Am. Gur satgur ka Jo Sikh Akhaiee,https://s3.us-east-1.amazonaws.com/keerat.xyz/keertan/sdo/yt_mga/006 MGA SDO 1006 smpk 04 Amrit Har Ka Naam.m4a,ਲਾਹਾ ਹਰਿ ਧਨੁ ਖਟਿਆ ਗੁਰਮੁਖਿ ਸਬਦੁ ਵੀਚਾਰਿ ॥
1686892085,SDO_MGA_1,Bhai Mohinder Singh Ji SDO,00:31:50,2853,31972,Kurbani terya sewka Jin har naam pyaraa ,https://s3.us-east-1.amazonaws.com/keerat.xyz/keertan/sdo/yt_mga/006 MGA SDO 1006 smpk 04 Amrit Har Ka Naam.m4a,ਹਉ ਕੁਰਬਾਣੀ ਤੇਰਿਆ ਸੇਵਕਾ ਜਿਨੑ ਹਰਿ ਨਾਮੁ ਪਿਆਰਾ ॥੩॥
1686892131,SDO_MGA_1,Bhai Mohinder Singh Ji SDO,00:32:30,3800,46434,Har ka naam vahiya har lga pyara,https://s3.us-east-1.amazonaws.com/keerat.xyz/keertan/sdo/yt_mga/006 MGA SDO 1006 smpk 04 Amrit Har Ka Naam.m4a,ਹਰਿ ਕਾ ਨਾਮੁ ਮਨਿ ਵਸਿਆ ਗੁਰ ਸਬਦਿ ਵੀਚਾਰਾ ॥
1686943461,SDO_MGA_1,Bhai Mohinder Singh Ji SDO,00:15:00,4001,47701,Satgur tak liya muhe papi pardaa ,https://s3.us-east-1.amazonaws.com/keerat.xyz/keertan/sdo/yt_mga/006 MGA SDO 1006 smpk 04 Amrit Har Ka Naam.m4a,ਸਤਿਗੁਰਿ ਢਾਕਿ ਲੀਆ ਮੋਹਿ ਪਾਪੀ ਪੜਦਾ ॥
1686943539,SDO_MGA_1,Bhai Mohinder Singh Ji SDO,00:15:50,2903,33077,Aad judaad bhagatan kaa rakhaa ,https://s3.us-east-1.amazonaws.com/keerat.xyz/keertan/sdo/yt_mga/006 MGA SDO 1006 smpk 04 Amrit Har Ka Naam.m4a,ਆਦਿ ਜੁਗਾਦਿ ਭਗਤਨ ਕਾ ਰਾਖਾ ਉਸਤਤਿ ਕਰਿ ਕਰਿ ਜੀਵਾ ॥
1686943801,SDO_MGA_1,Bhai Mohinder Singh Ji SDO,00:00:00,524,7330,Apne prabh sio hoh savdhan ,https://s3.us-east-1.amazonaws.com/keerat.xyz/keertan/sdo/yt_mga/007 MGA SDO 1007 smpk 05 Hoh Savdaan Apne Prabh Seho.m4a,ਅਪਨੇ ਪ੍ਰਭ ਸਿਉ ਹੋਹੁ ਸਾਵਧਾਨੁ ॥
1686943998,SDO_MGA_1,Bhai Mohinder Singh Ji SDO,00:27:50,1395,16249,Eyo quo cant pyare hova. Mera saho jaagaa ,https://s3.us-east-1.amazonaws.com/keerat.xyz/keertan/sdo/yt_mga/007 MGA SDO 1007 smpk 05 Hoh Savdaan Apne Prabh Seho.m4a,ਇਉ ਕਿਉ ਕੰਤ ਪਿਆਰੀ ਹੋਵਾ ॥
1686944170,SDO_MGA_1,Bhai Mohinder Singh Ji SDO,00:37:00,3162,35985,Eit oot neh doliyaa Har sewa jagan raam ,https://s3.us-east-1.amazonaws.com/keerat.xyz/keertan/sdo/yt_mga/007 MGA SDO 1007 smpk 05 Hoh Savdaan Apne Prabh Seho.m4a,ਈਤ ਊਤ ਨਹ ਡੋਲੀਐ ਹਰਿ ਸੇਵਾ ਜਾਗਨਿ ਰਾਮ ॥
1686944359,SDO_MGA_1,Bhai Mohinder Singh Ji SDO,00:01:55,2382,27281,Laj Chhod Har Ke Gun Gao,https://s3.us-east-1.amazonaws.com/keerat.xyz/keertan/sdo/yt_mga/008 MGA SDO 1008 smpk 06 Laj Chhod Har Ke Gun Gao.m4a,ਤਿਉ ਹਰਿ ਜਨੁ ਹਰਿ ਗੁਣ ਗਾਵੈ ॥੧॥
1686944404,SDO_MGA_1,Bhai Mohinder Singh Ji SDO,00:00:20,3280,37349,Laaj chod har ke gun gaava ,https://s3.us-east-1.amazonaws.com/keerat.xyz/keertan/sdo/yt_mga/008 MGA SDO 1008 smpk 06 Laj Chhod Har Ke Gun Gao.m4a,ਅਹਿਨਿਸਿ ਭਗਤਿ ਕਰੇ ਦਿਨੁ ਰਾਤੀ ਲਾਜ ਛੋਡਿ ਹਰਿ ਕੇ ਗੁਣ ਗਾਵੈ ॥੧॥ ਰਹਾਉ ॥
1686944990,random,Bhai Mohinder Singh Ji SDO,00:00:05,112,1516,Mitar chanere car dhaki ,https://s3.us-east-1.amazonaws.com/keerat.xyz/keertan/sdo/yt_mga/293 MGA SDO 1258 M 4 B2 1.m4a,ਮਿਤ੍ਰ ਘਣੇਰੇ ਕਰਿ ਥਕੀ ਮੇਰਾ ਦੁਖੁ ਕਾਟੈ ਕੋਇ ॥
1686945259,random,Bhai Mohinder Singh Ji SDO,00:52:55,736,10361,,https://s3.us-east-1.amazonaws.com/keerat.xyz/keertan/sdo/yt_mga/513 MGA SDO 1475 Bin gur mukat na paeeai bhaaee.m4a,ਹਰਿ ਸਿਉ ਜੁਰੈ ਤ ਸਭੁ ਕੋ ਮੀਤੁ ॥
1687190190,random,Bhai Mohinder Singh Ji SDO,00:00:00,,,Dhan Guru Hargobind Sahib Ji,https://s3.us-east-1.amazonaws.com/keerat.xyz/keertan/sdo/yt_mga/722 MGA SDO 1684 Sadh Sangat Sachkhand Vich 11 1964 JL Old Spool KS 89.m4a,
1687190259,random,Bhai Mohinder Singh Ji SDO,00:14:20,4810,56255,Har jan gun gavat hasiya ,https://s3.us-east-1.amazonaws.com/keerat.xyz/keertan/sdo/yt_mga/722 MGA SDO 1684 Sadh Sangat Sachkhand Vich 11 1964 JL Old Spool KS 89.m4a,ਹਰਿ ਜਨੁ ਗੁਨ ਗਾਵਤ ਹਸਿਆ ॥
1687290567,random,Bhai Mohinder Singh Ji SDO,00:32:10,3630,41866,Raam hum paathar nirguniaaeyt,https://sikhsoul.com/golden_khajana_files/mp3/Keertan/Bhai Mohinder Singh SDO/Sathigur No Jaehaa Ko Eishhadhaa.mp3,ਰਾਮ ਹਮ ਪਾਥਰ ਨਿਰਗੁਨੀਆਰੇ ॥
1687290595,random,Bhai Mohinder Singh Ji SDO,00:00:00,,,Dhan guru tegbhadar Sahib,https://sikhsoul.com/golden_khajana_files/mp3/Keertan/Bhai Mohinder Singh SDO/Sathigur No Jaehaa Ko Eishhadhaa.mp3,
1687291283,random,Bhai Mohinder Singh Ji SDO,00:48:10,4922,57709,Rougian roug khandanaa ,https://sikhsoul.com/golden_khajana_files/mp3/Keertan/Bhai Mohinder Singh SDO/Sathigur No Jaehaa Ko Eishhadhaa.mp3,ਨਿਰਧਨ ਭਯੰ ਧਨਵੰਤਹ ਰੋਗੀਅੰ ਰੋਗ ਖੰਡਨਹ ॥
1687291615,random,Bhai Mohinder Singh Ji SDO,00:52:10,,,Hum rulte firte ,https://sikhsoul.com/golden_khajana_files/mp3/Keertan/Bhai Mohinder Singh SDO/Sathigur No Jaehaa Ko Eishhadhaa.mp3,
1687459683,random,Bhai Mohinder Singh Ji SDO,00:24:45,4327,52172,har har diyo Sewak ko naam,https://s3.us-east-1.amazonaws.com/keerat.xyz/keertan/sdo/yt_mga/125 MGA SDO 1090 SDO~3.m4a,ਹਰਿ ਹਰਿ ਦੀਓ ਸੇਵਕ ਕਉ ਨਾਮ ॥
1687459756,random,Bhai Mohinder Singh Ji SDO,00:26:28,3375,39307,Dhan Sri Guru Amardaas Ji. Kya Tudh Karam kamaya,https://s3.us-east-1.amazonaws.com/keerat.xyz/keertan/sdo/yt_mga/125 MGA SDO 1090 SDO~3.m4a,ਏ ਸਰੀਰਾ ਮੇਰਿਆ ਇਸੁ ਜਗ ਮਹਿ ਆਇ ਕੈ ਕਿਆ ਤੁਧੁ ਕਰਮ ਕਮਾਇਆ ॥
1687462058,random,Bhai Mohinder Singh Ji SDO,00:00:00,2907,33175,,https://s3.us-east-1.amazonaws.com/keerat.xyz/keertan/sdo/yt_mga/373 MGA SDO 1338 Lakh Jehba Mere Pyare 1.m4a,ਕਰਿ ਕਿਰਪਾ ਮੇਰੇ ਪ੍ਰੀਤਮ ਸੁਆਮੀ ਨੇਤ੍ਰ ਦੇਖਹਿ ਦਰਸੁ ਤੇਰਾ ਰਾਮ ॥
1687533967,random,Bhai Tejinderpal Singh Ji Dulla,00:00:00,1848,22275,,https://s3.us-east-1.amazonaws.com/keerat.xyz/keertan/dulla_ji/sc/akjorg/din raatee aaraadhu piaaro nimakh na keejai dteelaa (Dulla Ji).mp3,ਦਿਨੁ ਰਾਤੀ ਆਰਾਧਹੁ ਪਿਆਰੋ ਨਿਮਖ ਨ ਕੀਜੈ ਢੀਲਾ ॥
1687536450,random,Dharam Singh Zakhme,00:00:00,145,2035,har gun gaau manaa satigur sev piaar,https://sgpc.net/puratan-kirtan/Dharam Singh Zakhme/Har Gun Gaoh Mana.mp3,ਹਰਿ ਗੁਣ ਗਾਉ ਮਨਾ ਸਤਿਗੁਰੁ ਸੇਵਿ ਪਿਆਰਿ ॥
1687546336,random,Bhai Mohinder Singh Ji SDO,00:00:00,,,Man re Thir Rahaho,https://s3.us-east-1.amazonaws.com/keerat.xyz/keertan/sdo/yt_mga/126 MGA SDO 1091 SDO~4.m4a,
1687546717,random,Bhai Mohinder Singh Ji SDO,00:10:30,,,san mukh seh ban,https://s3.us-east-1.amazonaws.com/keerat.xyz/keertan/sdo/yt_mga/126 MGA SDO 1091 SDO~4.m4a,
1687547734,random,Bhai Mohinder Singh Ji SDO,00:25:20,202,3300,Amrit Sadha Varsda,https://s3.us-east-1.amazonaws.com/keerat.xyz/keertan/sdo/yt_mga/126 MGA SDO 1091 SDO~4.m4a,ਇਹੁ ਮਨੁ ਮਾਇਆ ਮੋਹਿਆ ਵੇਖਣੁ ਸੁਨਣੁ ਨ ਹੋਇ ॥
1687574495,random,Bhai Mohinder Singh Ji SDO,00:00:00,2793,31266,hum vecheyo sir gur ke. Fire Simran,https://s3.us-east-1.amazonaws.com/keerat.xyz/keertan/sdo/yt_mga/307 MGA SDO 1272 8 B 1.m4a,ਭਉ ਜਨਮ ਮਰਣਾ ਮੇਟਿਓ ਗੁਰ ਸਬਦੀ ਹਰਿ ਅਸਥਿਰੁ ਸੇਵਿ ਸੁਖਿ ਸਮਘਾ ॥੧॥
1687575292,random,Bhai Mohinder Singh Ji SDO,00:03:30,2792,31262,vaho vaho Gobind Singh -> Hum vechyo sir gur ke,https://s3.us-east-1.amazonaws.com/keerat.xyz/keertan/sdo/yt_mga/307 MGA SDO 1272 8 B 1.m4a,ਹਮਰੀ ਜਾਤਿ ਪਾਤਿ ਗੁਰੁ ਸਤਿਗੁਰੁ ਹਮ ਵੇਚਿਓ ਸਿਰੁ ਗੁਰ ਕੇ ॥
1687576283,random,Bhai Mohinder Singh Ji SDO,00:13:40,,,"Aasaa Satgur Je milyaa, tis nu sir saumpiya -> Satgur Agar Sis peet deyo",https://s3.us-east-1.amazonaws.com/keerat.xyz/keertan/sdo/yt_mga/307 MGA SDO 1272 8 B 1.m4a,
1687576335,random,Bhai Mohinder Singh Ji SDO,00:17:30,,,gur paras hum loh,https://s3.us-east-1.amazonaws.com/keerat.xyz/keertan/sdo/yt_mga/307 MGA SDO 1272 8 B 1.m4a,
1687580589,random,Bhai Mohinder Singh Ji SDO,00:02:00,2351,26858,Hirdyaa naam vasayao ,https://s3.us-east-1.amazonaws.com/keerat.xyz/keertan/sdo/yt_mga/373 MGA SDO 1338 Lakh Jehba Mere Pyare 1.m4a,ਹਿਰਦੈ ਨਾਮੁ ਵਸਾਇਹੁ ॥
1687581521,random,Bhai Mohinder Singh Ji SDO,00:00:00,4239,51371,Lots of Simran vaheguru,https://sikhsoul.com/golden_khajana_files/mp3/Keertan/Bhai Mohinder Singh SDO/Maeree Patteeaa Likh Dhaehu Sree Guopaal.mp3,ਮੇਰੋ ਅਉਰ ਪੜੑਨ ਸਿਉ ਨਹੀ ਕਾਮੁ ॥੧॥ ਰਹਾਉ ॥
1687581749,random,Bhai Mohinder Singh Ji SDO,00:01:15,,,Sai naam amol -> kahte pavit ,https://sikhsoul.com/golden_khajana_files/mp3/Keertan/Bhai Mohinder Singh SDO/Maeree Patteeaa Likh Dhaehu Sree Guopaal.mp3,
1687889808,random,Bhai Harpreet Singh Ji Toronto,00:18:40,1366,15758,Sagal bhavan ke naika ,https://akj.media/Media/Keertan/Sydney/2005/038_Sydney_Oct2005_FriM_ADV_BhaiHarpreetSinghJeeToronto.mp3,ਸਗਲ ਭਵਨ ਕੇ ਨਾਇਕਾ ਇਕੁ ਛਿਨੁ ਦਰਸੁ ਦਿਖਾਇ ਜੀ ॥੧॥ ਰਹਾਉ ॥
1687889977,random,Bhai Mohinder Singh Ji SDO,00:00:00,5479,60041,Koi nidak ,https://s3.us-east-1.amazonaws.com/keerat.xyz/keertan/sdo/yt_mga/106 MGA SDO 1077 M 4 SIDE AAA.m4a,ਵਾਹੁ ਵਾਹੁ ਸਤਿਗੁਰੁ ਸਤਿ ਪੁਰਖੁ ਹੈ ਜਿਸ ਨੋ ਸਮਤੁ ਸਭ ਕੋਇ ॥
1687890056,random,Bhai Mohinder Singh Ji SDO,00:26:45,588,8233,Bhaj man mere,https://s3.us-east-1.amazonaws.com/keerat.xyz/keertan/sdo/yt_mga/106 MGA SDO 1077 M 4 SIDE AAA.m4a,ਭਜੁ ਮਨ ਮੇਰੇ ਏਕੋ ਨਾਮ ॥
1687890219,random,Bhai Mohinder Singh Ji SDO,00:28:15,5288,58712,Fareeda raat kathori vandiyaa ,https://s3.us-east-1.amazonaws.com/keerat.xyz/keertan/sdo/yt_mga/106 MGA SDO 1077 M 4 SIDE AAA.m4a,ਫਰੀਦਾ ਰਾਤਿ ਕਥੂਰੀ ਵੰਡੀਐ ਸੁਤਿਆ ਮਿਲੈ ਨ ਭਾਉ ॥
1687890620,random,Bhai Mohinder Singh Ji SDO,00:37:00,2627,29796,Kewal naam japho re prani -> japho ta eko naama,https://s3.us-east-1.amazonaws.com/keerat.xyz/keertan/sdo/yt_mga/106 MGA SDO 1077 M 4 SIDE AAA.m4a,ਕੇਵਲ ਨਾਮੁ ਜਪਹੁ ਰੇ ਪ੍ਰਾਨੀ ਪਰਹੁ ਏਕ ਕੀ ਸਰਨਾਂ ॥੩॥੨॥
1687891898,random,Bhai Mohinder Singh Ji SDO,00:00:00,3992,47431,,https://s3.us-east-1.amazonaws.com/keerat.xyz/keertan/sdo/soundcloud/AKJ- 34 - 00- Bhai Mohinder Singh Ji SDO - Pehle Pehrai Nain Slonarhiye-1266766141.mp3,ਪਹਿਲੈ ਪਹਰੈ ਨੈਣ ਸਲੋਨੜੀਏ ਰੈਣਿ ਅੰਧਿਆਰੀ ਰਾਮ ॥
1687892314,random,Bhai Mohinder Singh Ji SDO,00:00:00,,,Akv,https://sikhsoul.com/golden_khajana_files/mp3/Keertan/Bhai Mohinder Singh SDO/Loein Rathae Loeinee Kannee Surath Samaae.mp3,
1687892451,random,Bhai Mohinder Singh Ji SDO,00:11:30,489,6841,mai moorakh har har jap paRiaa ||1||,https://sikhsoul.com/golden_khajana_files/mp3/Keertan/Bhai Mohinder Singh SDO/Loein Rathae Loeinee Kannee Surath Samaae.mp3,ਮੈ ਮੂਰਖ ਹਰਿ ਹਰਿ ਜਪੁ ਪੜਿਆ ॥੧॥
1687897709,random,Bhai Mehar Singh Ji,00:22:00,,,Akv,https://s3.us-east-1.amazonaws.com/keerat.xyz/keertan/bhai_mehar_singh/Delhi Samagam 1975 Aasaa Dee Vaar-741120436.mp3,
1687900103,random,Giani Amolak Singh Ji,00:00:00,697,9398,,https://s3.us-east-1.amazonaws.com/keerat.xyz/keertan/giani_amolak_singh/Giani-Amolak-Singh-Ji-02-SaaDho-Gobind-Kay-Gun-Gaava-O-611325495.mp3,ਸਾਧੋ ਗੋਬਿੰਦ ਕੇ ਗੁਨ ਗਾਵਉ ॥
1688593883,random,Bhai Mohinder Singh Ji SDO,00:00:00,2905,33125,,https://sikhsoul.com/golden_khajana_files/mp3/Keertan/Bhai Mohinder Singh SDO/Too Sagro Ratnagro.mp3,ਤੂ ਠਾਕੁਰੋ ਬੈਰਾਗਰੋ ਮੈ ਜੇਹੀ ਘਣ ਚੇਰੀ ਰਾਮ ॥
1688594041,random,Bhai Mohinder Singh Ji SDO,00:00:00,4121,49330,,https://sikhsoul.com/golden_khajana_files/mp3/Keertan/Bhai Mohinder Singh SDO/Gur Kaa Sabadh Maerai Anthar Dhiaan.mp3,ਤਿਨਿ ਕਰਤੈ ਇਕੁ ਚਲਤੁ ਉਪਾਇਆ ॥
1688594483,random,Bhai Mohinder Singh Ji SDO,00:24:00,,,Satgur aagaa siss bhet deoo ,https://s3.us-east-1.amazonaws.com/keerat.xyz/keertan/sdo/yt_mga/412 MGA SDO 1375 Vaah vaah gobind singh.m4a,
1688596535,random,Bhai Mohinder Singh Ji SDO,00:56:00,,,Sdo biography,https://s3.us-east-1.amazonaws.com/keerat.xyz/keertan/sdo/yt_mga/412 MGA SDO 1375 Vaah vaah gobind singh.m4a,
1688596746,random,Bhai Mohinder Singh Ji SDO,00:25:35,2146,24522,aau sabhaagee needhaRe'e mat sahu dhekhaa soi ||,https://sikhsoul.com/golden_khajana_files/mp3/Keertan/Bhai Mohinder Singh SDO/Jinee Naam Dhhiaaeiaa Eik Man Eik Chith 2.mp3,ਆਉ ਸਭਾਗੀ ਨੀਦੜੀਏ ਮਤੁ ਸਹੁ ਦੇਖਾ ਸੋਇ ॥
1688596841,random,Bhai Mohinder Singh Ji SDO,00:00:00,4256,51588,,https://s3.us-east-1.amazonaws.com/keerat.xyz/keertan/sdo/soundcloud/Bhai Mohinder Singh Ji SDO - sravannee keertan sunau din ratee (Puratan Kirtan)-829711816.mp3,ਮੇਰਾ ਮਨੁ ਰਾਮ ਨਾਮਿ ਮਨੁ ਮਾਨੀ ॥
1688601071,random,Bhai Mohinder Singh Ji SDO,00:00:00,2903,33073,har charan kamal kee Tek satigur dhitee tus kai bal raam jeeau,https://www.ikirtan.com//Bhai_Mohinder_Singh_Jee_SDO/Vancouver_BC_1980s/Bhai_Mohinder_Singh_Jee_SDO_Vancouver_1980s_Vol_30.mp3,ਹਰਿ ਚਰਣ ਕਮਲ ਕੀ ਟੇਕ ਸਤਿਗੁਰਿ ਦਿਤੀ ਤੁਸਿ ਕੈ ਬਲਿ ਰਾਮ ਜੀਉ ॥
1689032988,random,Bhai Mohinder Singh Ji SDO,00:07:30,2556,28988,Mera man laga hai Raam praye,https://sikhsoul.com/golden_khajana_files/mp3/Keertan/Bhai Mohinder Singh SDO/Dhaekhahu Acharaj Bhaeiaa.mp3,ਮੇਰਾ ਮਨੁ ਲਾਗਾ ਹੈ ਰਾਮ ਪਿਆਰੇ ॥
1689042710,random,Bhai Mohinder Singh Ji SDO,00:00:00,1771,21434,nakaTee ko Thanagan baaddaa ddoo(n) ||,https://s3.us-east-1.amazonaws.com/keerat.xyz/keertan/sdo/yt_mga/179 MGA SDO 1144 22 B.m4a,ਨਕਟੀ ਕੋ ਠਨਗਨੁ ਬਾਡਾ ਡੂੰ ॥
1691619394,SDO_MGA_1,Bhai Mohinder Singh Ji SDO,00:06:25,524,7330,apane prabh siau hoh saavadhaan ||,https://s3.us-east-1.amazonaws.com/keerat.xyz/keertan/sdo/yt_mga/008 MGA SDO 1008 smpk 06 Laj Chhod Har Ke Gun Gao.m4a,ਅਪਨੇ ਪ੍ਰਭ ਸਿਉ ਹੋਹੁ ਸਾਵਧਾਨੁ ॥
1691619431,SDO_MGA_1,Bhai Mohinder Singh Ji SDO,00:06:25,524,7330,apane prabh siau hoh saavadhaan ||,https://s3.us-east-1.amazonaws.com/keerat.xyz/keertan/sdo/yt_mga/008 MGA SDO 1008 smpk 06 Laj Chhod Har Ke Gun Gao.m4a,ਅਪਨੇ ਪ੍ਰਭ ਸਿਉ ਹੋਹੁ ਸਾਵਧਾਨੁ ॥
1691619512,SDO_MGA_1,Bhai Mohinder Singh Ji SDO,00:04:15,4082,48613,(Rog and haumai parkaran) jo jo dheesai so so rogee ||,https://s3.us-east-1.amazonaws.com/keerat.xyz/keertan/sdo/yt_mga/009 MGA SDO 1009 smpk 07 Jo Jo Deese So So Rogi.m4a,ਜੋ ਜੋ ਦੀਸੈ ਸੋ ਸੋ ਰੋਗੀ ॥
1691619613,SDO_MGA_1,Bhai Mohinder Singh Ji SDO,00:07:10,2901,33030,maarehis ve jan haumai bikhiaa jin har prabh milan na dhiteeaa ||,https://s3.us-east-1.amazonaws.com/keerat.xyz/keertan/sdo/yt_mga/009 MGA SDO 1009 smpk 07 Jo Jo Deese So So Rogi.m4a,ਮਾਰੇਹਿਸੁ ਵੇ ਜਨ ਹਉਮੈ ਬਿਖਿਆ ਜਿਨਿ ਹਰਿ ਪ੍ਰਭ ਮਿਲਣ ਨ ਦਿਤੀਆ ॥
1691619810,SDO_MGA_1,Bhai Mohinder Singh Ji SDO,00:12:40,3157,35879,dhan dha(n)n guroo saabaas hai jin haumai maaree raam ||,https://s3.us-east-1.amazonaws.com/keerat.xyz/keertan/sdo/yt_mga/009 MGA SDO 1009 smpk 07 Jo Jo Deese So So Rogi.m4a,ਧਨੁ ਧੰਨੁ ਗੁਰੂ ਸਾਬਾਸਿ ਹੈ ਜਿਨਿ ਹਉਮੈ ਮਾਰੀ ਰਾਮ ॥
1691620083,SDO_MGA_1,Bhai Mohinder Singh Ji SDO,00:24:30,1684,20739,sanamukh seh baan sanamukh seh baan he mirag arape man tan praan he oh bedhio sahaj sarot ||,https://s3.us-east-1.amazonaws.com/keerat.xyz/keertan/sdo/yt_mga/009 MGA SDO 1009 smpk 07 Jo Jo Deese So So Rogi.m4a,ਸਨਮੁਖ ਸਹਿ ਬਾਨ ਸਨਮੁਖ ਸਹਿ ਬਾਨ ਹੇ ਮ੍ਰਿਗ ਅਰਪੇ ਮਨ ਤਨ ਪ੍ਰਾਨ ਹੇ ਓਹੁ ਬੇਧਿਓ ਸਹਜ ਸਰੋਤ ॥
1691822094,SDO_MGA_1,Bhai Mohinder Singh Ji SDO,00:41:27,,,satigur pooraa vaidh hai pa(n)je rog asaadh nivaare |,https://s3.us-east-1.amazonaws.com/keerat.xyz/keertan/sdo/yt_mga/009 MGA SDO 1009 smpk 07 Jo Jo Deese So So Rogi.m4a,
1691824643,SDO_MGA_1,Bhai Mohinder Singh Ji SDO,00:32:50,40615,205016,"akhee vekh na rajeeaa, bahu ra(n)g tamaase |",https://s3.us-east-1.amazonaws.com/keerat.xyz/keertan/sdo/yt_mga/009 MGA SDO 1009 smpk 07 Jo Jo Deese So So Rogi.m4a,ਅਖੀ ਵੇਖਿ ਨ ਰਜੀਆ ਬਹੁ ਰੰਗ ਤਮਾਸੇ।
1691824723,SDO_MGA_1,Bhai Mohinder Singh Ji SDO,00:41:26,,,satigur gunee nidhaan hai gun kar bakhasai avaguniaare |,https://s3.us-east-1.amazonaws.com/keerat.xyz/keertan/sdo/yt_mga/009 MGA SDO 1009 smpk 07 Jo Jo Deese So So Rogi.m4a,
1691824835,SDO_MGA_1,Bhai Mohinder Singh Ji SDO,00:00:40,,,mere raama. ham paapee saran pare har dhuaar ||,https://s3.us-east-1.amazonaws.com/keerat.xyz/keertan/sdo/yt_mga/010 MGA SDO 1010 smpk 08 Mere Ram Hum Papi Saran.m4a,
1691928763,SDO_MGA_1,Bhai Mohinder Singh Ji SDO,00:44:20,,,Mad nimartaa. All faults in me. ,https://s3.us-east-1.amazonaws.com/keerat.xyz/keertan/sdo/yt_mga/009 MGA SDO 1009 smpk 07 Jo Jo Deese So So Rogi.m4a,
1694192468,SDO_MGA_1,Bhai Mohinder Singh Ji SDO,00:07:33,2342,26782,meraa gur pooraa sukhadhaataa ||,https://s3.us-east-1.amazonaws.com/keerat.xyz/keertan/sdo/yt_mga/010 MGA SDO 1010 smpk 08 Mere Ram Hum Papi Saran.m4a,ਮੇਰਾ ਗੁਰੁ ਪੂਰਾ ਸੁਖਦਾਤਾ ॥
1694192551,SDO_MGA_1,Bhai Mohinder Singh Ji SDO,00:09:30,,,"Nanak naam chardikala, tere bhane sarbat da bhala",https://s3.us-east-1.amazonaws.com/keerat.xyz/keertan/sdo/yt_mga/010 MGA SDO 1010 smpk 08 Mere Ram Hum Papi Saran.m4a,
1694192656,SDO_MGA_1,Bhai Mohinder Singh Ji SDO,00:11:05,,,ganikaa paapan hoi kai paapaa(n) dhaa gal haar parotaa |,https://s3.us-east-1.amazonaws.com/keerat.xyz/keertan/sdo/yt_mga/010 MGA SDO 1010 smpk 08 Mere Ram Hum Papi Saran.m4a,
1694192707,SDO_MGA_1,Bhai Mohinder Singh Ji SDO,00:14:25,4082,48614,rog rahit meraa satigur jogee ||1|| rahaau ||,https://s3.us-east-1.amazonaws.com/keerat.xyz/keertan/sdo/yt_mga/010 MGA SDO 1010 smpk 08 Mere Ram Hum Papi Saran.m4a,ਰੋਗ ਰਹਿਤ ਮੇਰਾ ਸਤਿਗੁਰੁ ਜੋਗੀ ॥੧॥ ਰਹਾਉ ॥
1694192819,SDO_MGA_1,Bhai Mohinder Singh Ji SDO,00:22:36,,,gur sikhee baareek hai sil chaTan fikee |,https://s3.us-east-1.amazonaws.com/keerat.xyz/keertan/sdo/yt_mga/010 MGA SDO 1010 smpk 08 Mere Ram Hum Papi Saran.m4a,
1694193125,SDO_MGA_1,Bhai Mohinder Singh Ji SDO,00:32:40,2345,26803,ਗੁਰੁ ਪੂਰਾ. ਜਿਨ ਸਿਮਰਿਆ ਸੇਈ ਭਏ ਨਿਹਾਲ ॥ gur pooraa. jin simariaa seiee bhe nihaal ||,https://s3.us-east-1.amazonaws.com/keerat.xyz/keertan/sdo/yt_mga/010 MGA SDO 1010 smpk 08 Mere Ram Hum Papi Saran.m4a,ਹਰਿ ਜਨਿ ਸਿਮਰਿਆ ਨਾਮ ਅਧਾਰਿ ॥
1694193192,SDO_MGA_1,Bhai Mohinder Singh Ji SDO,00:34:29,3571,41273,vaddee hoo vaddaa apaar teraa maratabaa ||,https://s3.us-east-1.amazonaws.com/keerat.xyz/keertan/sdo/yt_mga/010 MGA SDO 1010 smpk 08 Mere Ram Hum Papi Saran.m4a,ਵਡੀ ਹੂ ਵਡਾ ਅਪਾਰੁ ਤੇਰਾ ਮਰਤਬਾ ॥
1694193311,SDO_MGA_1,Bhai Mohinder Singh Ji SDO,00:00:00,4887,57361,gur kahiaa ieh jhooThee dhohee ||,https://s3.us-east-1.amazonaws.com/keerat.xyz/keertan/sdo/yt_mga/011 MGA SDO 1011 smpk 09 Ik Hamara Anterjami.m4a,ਗੁਰਿ ਕਹਿਆ ਇਹ ਝੂਠੀ ਧੋਹੀ ॥
1694193398,SDO_MGA_1,Bhai Mohinder Singh Ji SDO,00:03:45,4138,49669,maiaa aaisee mohanee bhaiee ||,https://s3.us-east-1.amazonaws.com/keerat.xyz/keertan/sdo/yt_mga/011 MGA SDO 1011 smpk 09 Ik Hamara Anterjami.m4a,ਮਾਇਆ ਐਸੀ ਮੋਹਨੀ ਭਾਈ ॥
1694193654,SDO_MGA_1,Bhai Mohinder Singh Ji SDO,00:15:10,245,3558,hasa(n)dhiaa khela(n)dhiaa paina(n)dhiaa khaava(n)dhiaa viche hovai mukat ||2||,https://s3.us-east-1.amazonaws.com/keerat.xyz/keertan/sdo/yt_mga/011 MGA SDO 1011 smpk 09 Ik Hamara Anterjami.m4a,ਮਃ ੫ ॥
1694193712,SDO_MGA_1,Bhai Mohinder Singh Ji SDO,00:16:00,,,ka(n)nee(n) mu(n)dharaa(n) ma(n)tr gur sa(n)taa(n) dhooR bibhoot su laasee |,https://s3.us-east-1.amazonaws.com/keerat.xyz/keertan/sdo/yt_mga/011 MGA SDO 1011 smpk 09 Ik Hamara Anterjami.m4a,
1694193848,SDO_MGA_1,Bhai Mohinder Singh Ji SDO,00:20:30,,,10 nari maa kari katha,https://s3.us-east-1.amazonaws.com/keerat.xyz/keertan/sdo/yt_mga/011 MGA SDO 1011 smpk 09 Ik Hamara Anterjami.m4a,
1694193881,SDO_MGA_1,Bhai Mohinder Singh Ji SDO,00:21:00,40615,205016,"akhee vekh na rajeeaa, bahu ra(n)g tamaase |",https://s3.us-east-1.amazonaws.com/keerat.xyz/keertan/sdo/yt_mga/011 MGA SDO 1011 smpk 09 Ik Hamara Anterjami.m4a,ਅਖੀ ਵੇਖਿ ਨ ਰਜੀਆ ਬਹੁ ਰੰਗ ਤਮਾਸੇ।
1694194258,SDO_MGA_1,Bhai Mohinder Singh Ji SDO,00:31:25,48,529,janam birathaa jaat ra(n)g maiaa kai ||1|| rahaau ||,https://s3.us-east-1.amazonaws.com/keerat.xyz/keertan/sdo/yt_mga/011 MGA SDO 1011 smpk 09 Ik Hamara Anterjami.m4a,ਜਨਮੁ ਬ੍ਰਿਥਾ ਜਾਤ ਰੰਗਿ ਮਾਇਆ ਕੈ ॥੧॥ ਰਹਾਉ ॥
1694194323,SDO_MGA_1,Bhai Mohinder Singh Ji SDO,00:33:25,15,104,ਰਾਗ ਰਤਨ ਪਰਵਾਰ ਪਰੀਆ ਸਬਦ ਗਾਵਣ ਆਈਆ ॥ raag ratan paravaar pareeaa sabadh gaavan aaieeaa ||,https://s3.us-east-1.amazonaws.com/keerat.xyz/keertan/sdo/yt_mga/011 MGA SDO 1011 smpk 09 Ik Hamara Anterjami.m4a,ਮੰਨੈ ਪਰਵਾਰੈ ਸਾਧਾਰੁ ॥
1694194515,SDO_MGA_1,Bhai Mohinder Singh Ji SDO,00:00:00,205,3313,dhukhee dhunee saheReeaai jai ta lageh dhukh ||,https://s3.us-east-1.amazonaws.com/keerat.xyz/keertan/sdo/yt_mga/012 MGA SDO 1012 smpk 10 Rupi Bhukh Na Uttere.m4a,ਸਿਦਕੁ ਸਬੂਰੀ ਸਾਦਿਕਾ ਸਬਰੁ ਤੋਸਾ ਮਲਾਇਕਾਂ ॥
1694194732,SDO_MGA_1,Bhai Mohinder Singh Ji SDO,00:05:10,,,no no kaam ,https://s3.us-east-1.amazonaws.com/keerat.xyz/keertan/sdo/yt_mga/012 MGA SDO 1012 smpk 10 Rupi Bhukh Na Uttere.m4a,
1694194817,SDO_MGA_1,Bhai Mohinder Singh Ji SDO,00:05:40,,,lakh kaaman lakh kaavaroo lakh kaamaniaaree |,https://s3.us-east-1.amazonaws.com/keerat.xyz/keertan/sdo/yt_mga/012 MGA SDO 1012 smpk 10 Rupi Bhukh Na Uttere.m4a,
1694195060,SDO_MGA_1,Bhai Mohinder Singh Ji SDO,00:09:00,1513,17773,miT giee bhookh mahaa bikaraal ||2||,https://s3.us-east-1.amazonaws.com/keerat.xyz/keertan/sdo/yt_mga/012 MGA SDO 1012 smpk 10 Rupi Bhukh Na Uttere.m4a,ਮਿਟਿ ਗਈ ਭੂਖ ਮਹਾ ਬਿਕਰਾਲ ॥੨॥
1694195159,SDO_MGA_1,Bhai Mohinder Singh Ji SDO,00:12:30,40615,205016,"akhee vekh na rajeeaa, bahu ra(n)g tamaase |",https://s3.us-east-1.amazonaws.com/keerat.xyz/keertan/sdo/yt_mga/012 MGA SDO 1012 smpk 10 Rupi Bhukh Na Uttere.m4a,ਅਖੀ ਵੇਖਿ ਨ ਰਜੀਆ ਬਹੁ ਰੰਗ ਤਮਾਸੇ।
1694195372,SDO_MGA_1,Bhai Mohinder Singh Ji SDO,00:17:45,2506,28300,nain rahe ra(n)g laiee ||,https://s3.us-east-1.amazonaws.com/keerat.xyz/keertan/sdo/yt_mga/012 MGA SDO 1012 smpk 10 Rupi Bhukh Na Uttere.m4a,ਨੈਨ ਰਹੇ ਰੰਗੁ ਲਾਈ ॥
1694195726,SDO_MGA_1,Bhai Mohinder Singh Ji SDO,00:33:45,711,9695,nain salonee su(n)dhar naaree ||,https://s3.us-east-1.amazonaws.com/keerat.xyz/keertan/sdo/yt_mga/012 MGA SDO 1012 smpk 10 Rupi Bhukh Na Uttere.m4a,ਨੈਨ ਸਲੋਨੀ ਸੁੰਦਰ ਨਾਰੀ ॥
1694195789,SDO_MGA_1,Bhai Mohinder Singh Ji SDO,00:38:45,4327,52172,har har dheeo. sevak kau naam ||,https://s3.us-east-1.amazonaws.com/keerat.xyz/keertan/sdo/yt_mga/012 MGA SDO 1012 smpk 10 Rupi Bhukh Na Uttere.m4a,ਹਰਿ ਹਰਿ ਦੀਓ ਸੇਵਕ ਕਉ ਨਾਮ ॥
1694227043,SDO_MGA_1,Bhai Mohinder Singh Ji SDO,00:00:10,565,7979,sabh kichh pooraa hiradhai naam ||1||,https://s3.us-east-1.amazonaws.com/keerat.xyz/keertan/sdo/yt_mga/013 MGA SDO 1013 smpk 11 Sub Kishh Pura Hirde Naam.m4a,ਸਭੁ ਕਿਛੁ ਪੂਰਾ ਹਿਰਦੈ ਨਾਮੁ ॥੧॥
1694227131,SDO_MGA_1,Bhai Mohinder Singh Ji SDO,00:00:43,5470,59590,paratachh ridhai gur arajun kai har pooran braham nivaas leeaau ||5||,https://s3.us-east-1.amazonaws.com/keerat.xyz/keertan/sdo/yt_mga/013 MGA SDO 1013 smpk 11 Sub Kishh Pura Hirde Naam.m4a,ਪਰਤਛਿ ਰਿਦੈ ਗੁਰ ਅਰਜੁਨ ਕੈ ਹਰਿ ਪੂਰਨ ਬ੍ਰਹਮਿ ਨਿਵਾਸੁ ਲੀਅਉ ॥੫॥
1694227255,SDO_MGA_1,Bhai Mohinder Singh Ji SDO,00:06:55,2297,26329,gobidh preet lagee at piaaree ||,https://s3.us-east-1.amazonaws.com/keerat.xyz/keertan/sdo/yt_mga/013 MGA SDO 1013 smpk 11 Sub Kishh Pura Hirde Naam.m4a,ਗੋਬਿਦ ਪ੍ਰੀਤਿ ਲਗੀ ਅਤਿ ਪਿਆਰੀ ॥
1694227652,SDO_MGA_1,Bhai Mohinder Singh Ji SDO,00:26:30,4455,53218,naam nira(n)jan alakh hai kiau. lakhiaa jaiee ||,https://s3.us-east-1.amazonaws.com/keerat.xyz/keertan/sdo/yt_mga/013 MGA SDO 1013 smpk 11 Sub Kishh Pura Hirde Naam.m4a,ਨਾਮੁ ਨਿਰੰਜਨ ਅਲਖੁ ਹੈ ਕਿਉ ਲਖਿਆ ਜਾਈ ॥
1694227751,SDO_MGA_1,Bhai Mohinder Singh Ji SDO,00:33:05,12,90,je ko ma(n)n jaanai man koi ||12||,https://s3.us-east-1.amazonaws.com/keerat.xyz/keertan/sdo/yt_mga/013 MGA SDO 1013 smpk 11 Sub Kishh Pura Hirde Naam.m4a,ਜੇ ਕੋ ਮੰਨਿ ਜਾਣੈ ਮਨਿ ਕੋਇ ॥੧੨॥
1694227808,SDO_MGA_1,Bhai Mohinder Singh Ji SDO,00:35:00,2351,26858,ਹਿਰਦੈ ਨਾਮੁ ਵਸਾਇਹੁ ॥  ghar baiThe guroo dhiaaih ||,https://s3.us-east-1.amazonaws.com/keerat.xyz/keertan/sdo/yt_mga/013 MGA SDO 1013 smpk 11 Sub Kishh Pura Hirde Naam.m4a,ਹਿਰਦੈ ਨਾਮੁ ਵਸਾਇਹੁ ॥
1694272111,SDO_MGA_1,Bhai Mohinder Singh Ji SDO,00:00:00,1349,15353,auddahu na kaagaa kaare ||,https://s3.us-east-1.amazonaws.com/keerat.xyz/keertan/sdo/yt_mga/014 MGA SDO 1014 smpk 12 Uddeh Na kaga.m4a,ਉਡਹੁ ਨ ਕਾਗਾ ਕਾਰੇ ॥
1694273169,SDO_MGA_1,Bhai Mohinder Singh Ji SDO,00:09:37,749,10642,mil mere preetamaa jeeau tudh bin kharee nimaanee ||,https://s3.us-east-1.amazonaws.com/keerat.xyz/keertan/sdo/yt_mga/014 MGA SDO 1014 smpk 12 Uddeh Na kaga.m4a,ਮਿਲੁ ਮੇਰੇ ਪ੍ਰੀਤਮਾ ਜੀਉ ਤੁਧੁ ਬਿਨੁ ਖਰੀ ਨਿਮਾਣੀ ॥
1694273770,SDO_MGA_1,Bhai Mohinder Singh Ji SDO,00:19:10,359,5561,naanak kee bena(n)teeaa har surajanu. dhekhaa nain ||1||,https://s3.us-east-1.amazonaws.com/keerat.xyz/keertan/sdo/yt_mga/014 MGA SDO 1014 smpk 12 Uddeh Na kaga.m4a,ਨਾਨਕ ਕੀ ਬੇਨੰਤੀਆ ਹਰਿ ਸੁਰਜਨੁ ਦੇਖਾ ਨੈਣ ॥੧॥
1694273919,SDO_MGA_1,Bhai Mohinder Singh Ji SDO,00:00:00,3930,47046,Funny. jin jan gurmukh seviaa tin sabh sukh paiee ||,https://s3.us-east-1.amazonaws.com/keerat.xyz/keertan/sdo/yt_mga/015 MGA SDO 1015 smpk 13 Jin Jun Gurmukh Sevian.m4a,ਜਿਨਿ ਜਨਿ ਗੁਰਮੁਖਿ ਸੇਵਿਆ ਤਿਨਿ ਸਭਿ ਸੁਖ ਪਾਈ ॥
1694274333,SDO_MGA_1,Bhai Mohinder Singh Ji SDO,00:06:20,28,292,aaiee pa(n)thee sagal jamaatee man jeetai jag jeet ||,https://s3.us-east-1.amazonaws.com/keerat.xyz/keertan/sdo/yt_mga/015 MGA SDO 1015 smpk 13 Jin Jun Gurmukh Sevian.m4a,ਆਈ ਪੰਥੀ ਸਗਲ ਜਮਾਤੀ ਮਨਿ ਜੀਤੈ ਜਗੁ ਜੀਤੁ ॥
1694274549,SDO_MGA_1,Bhai Mohinder Singh Ji SDO,00:09:35,245,3558,jin kau poorab likhiaa tin ra(n)g lagaa nira(n)kaar ||,https://s3.us-east-1.amazonaws.com/keerat.xyz/keertan/sdo/yt_mga/015 MGA SDO 1015 smpk 13 Jin Jun Gurmukh Sevian.m4a,ਮਃ ੫ ॥
1694274962,SDO_MGA_1,Bhai Mohinder Singh Ji SDO,00:11:13,245,3558,kaahe man too ddolataa har manasaa pooranahaar ||,https://s3.us-east-1.amazonaws.com/keerat.xyz/keertan/sdo/yt_mga/015 MGA SDO 1015 smpk 13 Jin Jun Gurmukh Sevian.m4a,ਮਃ ੫ ॥
1694275243,SDO_MGA_1,Bhai Mohinder Singh Ji SDO,00:15:20,,,har chauthaRee laava. man sahaj bhiaa har paiaa. bal raam jeeau ||,https://s3.us-east-1.amazonaws.com/keerat.xyz/keertan/sdo/yt_mga/015 MGA SDO 1015 smpk 13 Jin Jun Gurmukh Sevian.m4a,
1694275565,SDO_MGA_1,Bhai Mohinder Singh Ji SDO,00:00:00,,,Long mangal 6 min. Nika ,https://s3.us-east-1.amazonaws.com/keerat.xyz/keertan/sdo/yt_mga/016 MGA SDO 1016 smpk 14 Bhagat Sohe Gun Gavande.m4a,
1694275614,SDO_MGA_1,Bhai Mohinder Singh Ji SDO,00:06:18,,,bhagat soheh gun gaavate naanaka. prabh kai dhuaar ||6||,https://s3.us-east-1.amazonaws.com/keerat.xyz/keertan/sdo/yt_mga/016 MGA SDO 1016 smpk 14 Bhagat Sohe Gun Gavande.m4a,
1694275850,SDO_MGA_1,Bhai Mohinder Singh Ji SDO,00:09:35,359,5553,sevee satigur aapanaa har simaree. dhin sabh rain ||,https://s3.us-east-1.amazonaws.com/keerat.xyz/keertan/sdo/yt_mga/016 MGA SDO 1016 smpk 14 Bhagat Sohe Gun Gavande.m4a,ਸੇਵੀ ਸਤਿਗੁਰੁ ਆਪਣਾ ਹਰਿ ਸਿਮਰੀ ਦਿਨ ਸਭਿ ਰੈਣ ॥
1694276062,SDO_MGA_1,Bhai Mohinder Singh Ji SDO,00:20:00,5299,58737,e dhui nainaa. mat chhuhau pir dhekhan kee aas ||91||,https://s3.us-east-1.amazonaws.com/keerat.xyz/keertan/sdo/yt_mga/016 MGA SDO 1016 smpk 14 Bhagat Sohe Gun Gavande.m4a,ਏ ਦੁਇ ਨੈਨਾ ਮਤਿ ਛੁਹਉ ਪਿਰ ਦੇਖਨ ਕੀ ਆਸ ॥੯੧॥
1694276197,SDO_MGA_1,Bhai Mohinder Singh Ji SDO,00:21:50,236,3502,har ke sa(n)t sunahu jan bhaiee har satigur kee ik saakhee ||,https://s3.us-east-1.amazonaws.com/keerat.xyz/keertan/sdo/yt_mga/016 MGA SDO 1016 smpk 14 Bhagat Sohe Gun Gavande.m4a,ਹਰਿ ਕੇ ਸੰਤ ਸੁਣਹੁ ਜਨ ਭਾਈ ਹਰਿ ਸਤਿਗੁਰ ਕੀ ਇਕ ਸਾਖੀ ॥
1694316501,SDO_MGA_1,Bhai Mohinder Singh Ji SDO,00:27:10,245,3558,hasa(n)dhiaa khela(n)dhiaa paina(n)dhiaa khaava(n)dhiaa viche hovai mukat ||2||,https://s3.us-east-1.amazonaws.com/keerat.xyz/keertan/sdo/yt_mga/016 MGA SDO 1016 smpk 14 Bhagat Sohe Gun Gavande.m4a,ਮਃ ੫ ॥
1694316619,SDO_MGA_1,Bhai Mohinder Singh Ji SDO,00:28:52,1258,14546,auTha(n)dhiaa baha(n)dhiaa sava(n)dhiaa sukh soi ||,https://s3.us-east-1.amazonaws.com/keerat.xyz/keertan/sdo/yt_mga/016 MGA SDO 1016 smpk 14 Bhagat Sohe Gun Gavande.m4a,ਉਠੰਦਿਆ ਬਹੰਦਿਆ ਸਵੰਦਿਆ ਸੁਖੁ ਸੋਇ ॥
1694316690,SDO_MGA_1,Bhai Mohinder Singh Ji SDO,00:30:00,4064,48375,uooThat sukheeaa baiThat sukheeaa ||,https://s3.us-east-1.amazonaws.com/keerat.xyz/keertan/sdo/yt_mga/016 MGA SDO 1016 smpk 14 Bhagat Sohe Gun Gavande.m4a,ਊਠਤ ਸੁਖੀਆ ਬੈਠਤ ਸੁਖੀਆ ॥
1694379543,SDO_MGA_1,Bhai Mohinder Singh Ji SDO,00:31:05,99,1293,ਕਟੀਐ ਤੇਰਾ ਅਹੰ ਰੋਗੁ ॥  kaTeeaai teraa aha(n) rog ||,https://s3.us-east-1.amazonaws.com/keerat.xyz/keertan/sdo/yt_mga/016 MGA SDO 1016 smpk 14 Bhagat Sohe Gun Gavande.m4a,ਅੰਤਰਹੁ ਦੁਖੁ ਭ੍ਰਮੁ ਕਟੀਐ ਸੁਖੁ ਪਰਾਪਤਿ ਹੋਇ ॥
1694391047,SDO_MGA_1,Bhai Mohinder Singh Ji SDO,00:42:00,2638,29894,har ke naam bin jhooThe sagal paasaare ||1|| rahaau ||,https://s3.us-east-1.amazonaws.com/keerat.xyz/keertan/sdo/yt_mga/016 MGA SDO 1016 smpk 14 Bhagat Sohe Gun Gavande.m4a,ਹਰਿ ਕੇ ਨਾਮ ਬਿਨੁ ਝੂਠੇ ਸਗਲ ਪਾਸਾਰੇ ॥੧॥ ਰਹਾਉ ॥
1694402964,SDO_MGA_1,Bhai Mohinder Singh Ji SDO,00:00:00,1656,20256,manu. raam kasavaTee laiaa ka(n)chan sovi(n)naa ||,https://s3.us-east-1.amazonaws.com/keerat.xyz/keertan/sdo/yt_mga/017 MGA SDO 1017 smpk 15 Jo Mai Vedan.m4a,ਮਨੁ ਰਾਮਿ ਕਸਵਟੀ ਲਾਇਆ ਕੰਚਨੁ ਸੋਵਿੰਨਾ ॥
1694403052,SDO_MGA_1,Bhai Mohinder Singh Ji SDO,00:01:00,,,Akv beinging asa ki vaar,https://s3.us-east-1.amazonaws.com/keerat.xyz/keertan/sdo/yt_mga/017 MGA SDO 1017 smpk 15 Jo Mai Vedan.m4a,
1694457744,SDO_MGA_1,Bhai Mohinder Singh Ji SDO,00:02:50,3660,42229,jo mai bedhan saa. kis aakhaa maiee ||,https://s3.us-east-1.amazonaws.com/keerat.xyz/keertan/sdo/yt_mga/017 MGA SDO 1017 smpk 15 Jo Mai Vedan.m4a,ਜੋ ਮੈ ਬੇਦਨ ਸਾ ਕਿਸੁ ਆਖਾ ਮਾਈ ॥
1694814095,SDO_MGA_1,Bhai Mohinder Singh Ji SDO,00:13:10,1656,20259,har prem baanee. man maariaa aneeaale aneeaa. raam raaje ||,https://s3.us-east-1.amazonaws.com/keerat.xyz/keertan/sdo/yt_mga/017 MGA SDO 1017 smpk 15 Jo Mai Vedan.m4a,ਹਰਿ ਪ੍ਰੇਮ ਬਾਣੀ ਮਨੁ ਮਾਰਿਆ ਅਣੀਆਲੇ ਅਣੀਆ ਰਾਮ ਰਾਜੇ ॥
1694814190,SDO_MGA_1,Bhai Mohinder Singh Ji SDO,00:16:50,1504,17673,moorakh mugadh agiaan aveechaaree ||,https://s3.us-east-1.amazonaws.com/keerat.xyz/keertan/sdo/yt_mga/017 MGA SDO 1017 smpk 15 Jo Mai Vedan.m4a,ਮੂਰਖ ਮੁਗਧ ਅਗਿਆਨ ਅਵੀਚਾਰੀ ॥
1694814330,SDO_MGA_1,Bhai Mohinder Singh Ji SDO,00:25:12,1656,20263,"ham moorakh mugadh saranaagatee mil govi(n)dh ra(n)gaa, raam raaje ||",https://s3.us-east-1.amazonaws.com/keerat.xyz/keertan/sdo/yt_mga/017 MGA SDO 1017 smpk 15 Jo Mai Vedan.m4a,ਹਮ ਮੂਰਖ ਮੁਗਧ ਸਰਣਾਗਤੀ ਮਿਲੁ ਗੋਵਿੰਦ ਰੰਗਾ ਰਾਮ ਰਾਜੇ ॥
1694814591,SDO_MGA_1,Bhai Mohinder Singh Ji SDO,00:00:00,4739,55727,prabh jee ko naam a(n)t pukarorai ||1||,https://s3.us-east-1.amazonaws.com/keerat.xyz/keertan/sdo/yt_mga/018 MGA SDO 1018 smpk 16 Sada Sach Samale.m4a,ਪ੍ਰਭ ਜੀ ਕੋ ਨਾਮੁ ਅੰਤਿ ਪੁਕਰੋਰੈ ॥੧॥
1694814665,SDO_MGA_1,Bhai Mohinder Singh Ji SDO,00:01:00,,,gur sikhee baareek hai sil chaTan fikee |,https://s3.us-east-1.amazonaws.com/keerat.xyz/keertan/sdo/yt_mga/018 MGA SDO 1018 smpk 16 Sada Sach Samale.m4a,
1695055648,SDO_MGA_1,Bhai Mohinder Singh Ji SDO,00:03:00,3375,39182,e man piaariaa too sadhaa sach samaale ||,https://s3.us-east-1.amazonaws.com/keerat.xyz/keertan/sdo/yt_mga/018 MGA SDO 1018 smpk 16 Sada Sach Samale.m4a,ਏ ਮਨ ਪਿਆਰਿਆ ਤੂ ਸਦਾ ਸਚੁ ਸਮਾਲੇ ॥
1695055799,SDO_MGA_1,Bhai Mohinder Singh Ji SDO,00:07:05,2587,29318,gur kaa bachan basai jeea naale ||,https://s3.us-east-1.amazonaws.com/keerat.xyz/keertan/sdo/yt_mga/018 MGA SDO 1018 smpk 16 Sada Sach Samale.m4a,ਗੁਰ ਕਾ ਬਚਨੁ ਬਸੈ ਜੀਅ ਨਾਲੇ ॥
1695055899,SDO_MGA_1,Bhai Mohinder Singh Ji SDO,00:09:35,4270,51726,maiee sat sati. sat har sat sati. sat saadhaa ||,https://s3.us-east-1.amazonaws.com/keerat.xyz/keertan/sdo/yt_mga/018 MGA SDO 1018 smpk 16 Sada Sach Samale.m4a,ਮਾਈ ਸਤਿ ਸਤਿ ਸਤਿ ਹਰਿ ਸਤਿ ਸਤਿ ਸਤਿ ਸਾਧਾ ॥
1695056234,SDO_MGA_1,Bhai Mohinder Singh Ji SDO,00:14:40,,,naam rahio. saadhoo rahio rahio gur gobi(n)dh ||,https://s3.us-east-1.amazonaws.com/keerat.xyz/keertan/sdo/yt_mga/018 MGA SDO 1018 smpk 16 Sada Sach Samale.m4a,
1695056313,SDO_MGA_1,Bhai Mohinder Singh Ji SDO,00:16:45,525,7347,jo gur dheeaa su. man kai kaam ||,https://s3.us-east-1.amazonaws.com/keerat.xyz/keertan/sdo/yt_mga/018 MGA SDO 1018 smpk 16 Sada Sach Samale.m4a,ਜੋ ਗੁਰਿ ਦੀਆ ਸੁ ਮਨ ਕੈ ਕਾਮਿ ॥
1695056414,SDO_MGA_1,Bhai Mohinder Singh Ji SDO,00:18:19,1258,14546,auTha(n)dhiaa baha(n)dhiaa sava(n)dhiaa sukh soi ||,https://s3.us-east-1.amazonaws.com/keerat.xyz/keertan/sdo/yt_mga/018 MGA SDO 1018 smpk 16 Sada Sach Samale.m4a,ਉਠੰਦਿਆ ਬਹੰਦਿਆ ਸਵੰਦਿਆ ਸੁਖੁ ਸੋਇ ॥
1695056615,SDO_MGA_1,Bhai Mohinder Singh Ji SDO,00:20:30,5,44,ਜਾ ਬਹਹਿ ਗੁਰਮੁਖਿ ਹਰਿ ਨਾਮੁ ਬੋਲਹਿ ਜਾ ਖੜੇ ਗੁਰਮੁਖਿ ਹਰਿ ਹਰਿ ਕਹਿਆ ॥,https://s3.us-east-1.amazonaws.com/keerat.xyz/keertan/sdo/yt_mga/018 MGA SDO 1018 smpk 16 Sada Sach Samale.m4a,ਗੁਰਮੁਖਿ ਨਾਦੰ ਗੁਰਮੁਖਿ ਵੇਦੰ ਗੁਰਮੁਖਿ ਰਹਿਆ ਸਮਾਈ ॥
1695330906,SDO_MGA_1,Bhai Mohinder Singh Ji SDO,00:22:05,4270,51727,bachan guroo jo poorai kahio mai chheek gaa(n)Tharee baadhaa ||1|| rahaau ||,https://s3.us-east-1.amazonaws.com/keerat.xyz/keertan/sdo/yt_mga/018 MGA SDO 1018 smpk 16 Sada Sach Samale.m4a,ਬਚਨੁ ਗੁਰੂ ਜੋ ਪੂਰੈ ਕਹਿਓ ਮੈ ਛੀਕਿ ਗਾਂਠਰੀ ਬਾਧਾ ॥੧॥ ਰਹਾਉ ॥
1695330965,SDO_MGA_1,Bhai Mohinder Singh Ji SDO,00:22:55,3162,35985,e'eet uoota. neh ddoleeaai har sevaa jaagan raam ||,https://s3.us-east-1.amazonaws.com/keerat.xyz/keertan/sdo/yt_mga/018 MGA SDO 1018 smpk 16 Sada Sach Samale.m4a,ਈਤ ਊਤ ਨਹ ਡੋਲੀਐ ਹਰਿ ਸੇਵਾ ਜਾਗਨਿ ਰਾਮ ॥
1695331269,SDO_MGA_1,Bhai Mohinder Singh Ji SDO,00:33:20,236,3502,har ke sa(n)t sunahu jan bhaiee har satigur kee ik saakhee ||,https://s3.us-east-1.amazonaws.com/keerat.xyz/keertan/sdo/yt_mga/018 MGA SDO 1018 smpk 16 Sada Sach Samale.m4a,ਹਰਿ ਕੇ ਸੰਤ ਸੁਣਹੁ ਜਨ ਭਾਈ ਹਰਿ ਸਤਿਗੁਰ ਕੀ ਇਕ ਸਾਖੀ ॥
1695331310,SDO_MGA_1,Bhai Mohinder Singh Ji SDO,00:00:00,4922,57709,niradhana. bhaya(n) dhanava(n)teh rogeea(n). rog kha(n)ddaneh ||,https://s3.us-east-1.amazonaws.com/keerat.xyz/keertan/sdo/yt_mga/019 MGA SDO 1019 smpk 17 Rogi Ander Rog Khandene.m4a,ਨਿਰਧਨ ਭਯੰ ਧਨਵੰਤਹ ਰੋਗੀਅੰ ਰੋਗ ਖੰਡਨਹ ॥
1695333184,SDO_MGA_1,Bhai Mohinder Singh Ji SDO,00:00:15,,,Dhan Sri Harkrishan Sahib Ji,https://s3.us-east-1.amazonaws.com/keerat.xyz/keertan/sdo/yt_mga/019 MGA SDO 1019 smpk 17 Rogi Ander Rog Khandene.m4a,
1695333336,SDO_MGA_1,Bhai Mohinder Singh Ji SDO,00:04:05,2976,33640,satigur sevaa safal hai seviaai fal paavai ||19||,https://s3.us-east-1.amazonaws.com/keerat.xyz/keertan/sdo/yt_mga/019 MGA SDO 1019 smpk 17 Rogi Ander Rog Khandene.m4a,ਸਤਿਗੁਰ ਸੇਵਾ ਸਫਲ ਹੈ ਸੇਵਿਐ ਫਲ ਪਾਵੈ ॥੧੯॥
1695334225,SDO_MGA_1,Bhai Mohinder Singh Ji SDO,00:11:12,4327,52172,har har dheeo. sevak kau naam ||,https://s3.us-east-1.amazonaws.com/keerat.xyz/keertan/sdo/yt_mga/019 MGA SDO 1019 smpk 17 Rogi Ander Rog Khandene.m4a,ਹਰਿ ਹਰਿ ਦੀਓ ਸੇਵਕ ਕਉ ਨਾਮ ॥
1695334276,SDO_MGA_1,Bhai Mohinder Singh Ji SDO,00:12:03,3259,37031,saadhoo bin aaise abagat jaavai ||1||,https://s3.us-east-1.amazonaws.com/keerat.xyz/keertan/sdo/yt_mga/019 MGA SDO 1019 smpk 17 Rogi Ander Rog Khandene.m4a,ਸਾਧੂ ਬਿਨੁ ਐਸੇ ਅਬਗਤੁ ਜਾਵੈ ॥੧॥
1695334344,SDO_MGA_1,Bhai Mohinder Singh Ji SDO,00:12:45,3046,34449,bin saadhoo jo jeevanaa teto birathaaree ||,https://s3.us-east-1.amazonaws.com/keerat.xyz/keertan/sdo/yt_mga/019 MGA SDO 1019 smpk 17 Rogi Ander Rog Khandene.m4a,ਬਿਨੁ ਸਾਧੂ ਜੋ ਜੀਵਨਾ ਤੇਤੋ ਬਿਰਥਾਰੀ ॥
1696038884,random,Bhai Mohinder Singh Ji SDO,00:00:00,359,5553,sevee satigur aapanaa har simaree. dhin sabh rain ||,https://s3.us-east-1.amazonaws.com/keerat.xyz/keertan/sdo/soundcloud/Bhai Mohinder Singh Ji SDO - har simaree din sabh rainn (Puratan Kirtan)-829711912.mp3,ਸੇਵੀ ਸਤਿਗੁਰੁ ਆਪਣਾ ਹਰਿ ਸਿਮਰੀ ਦਿਨ ਸਭਿ ਰੈਣ ॥
1697215764,SDO_MGA_1,Bhai Mohinder Singh Ji SDO,00:22:26,,,sukh saagar gur chhadd kai bhavajal a(n)dhar bha(n)bhalabhoose |,https://s3.us-east-1.amazonaws.com/keerat.xyz/keertan/sdo/yt_mga/019 MGA SDO 1019 smpk 17 Rogi Ander Rog Khandene.m4a,
1697215936,SDO_MGA_1,Bhai Mohinder Singh Ji SDO,00:36:50,,,vin gur mukat na hoviee jiau(n) ghar vin boohe |13|,https://s3.us-east-1.amazonaws.com/keerat.xyz/keertan/sdo/yt_mga/019 MGA SDO 1019 smpk 17 Rogi Ander Rog Khandene.m4a,
1697216068,SDO_MGA_1,Bhai Mohinder Singh Ji SDO,00:00:00,3046,34451,jaa dhin bheTe saadh moh uaa dhin balihaaree ||,https://s3.us-east-1.amazonaws.com/keerat.xyz/keertan/sdo/yt_mga/020 MGA SDO 1020 smpk 18 Bin Sadhu Jo Jeevna.m4a,ਜਾ ਦਿਨ ਭੇਟੇ ਸਾਧ ਮੋਹਿ ਉਆ ਦਿਨ ਬਲਿਹਾਰੀ ॥
1697216204,SDO_MGA_1,Bhai Mohinder Singh Ji SDO,00:04:07,,,"gur poore binu, a(n)t khuaaree |15|",https://s3.us-east-1.amazonaws.com/keerat.xyz/keertan/sdo/yt_mga/020 MGA SDO 1020 smpk 18 Bin Sadhu Jo Jeevna.m4a,
1697216302,SDO_MGA_1,Bhai Mohinder Singh Ji SDO,00:00:00,1122,13730,koiee ni(n)dhaku. vaddiaaiee dhekh na sakai so karatai aap pachaiaa ||,https://s3.us-east-1.amazonaws.com/keerat.xyz/keertan/sdo/yt_mga/021 MGA SDO 1021 smpk 19 Gur Satgur Vich Nave Ke Vaddi vaadai.m4a,ਲਾਹਾ ਹਰਿ ਧਨੁ ਖਟਿਆ ਗੁਰਮੁਖਿ ਸਬਦੁ ਵੀਚਾਰਿ ॥
1697216351,SDO_MGA_1,Bhai Mohinder Singh Ji SDO,00:00:25,245,3559,vin tudhu. hor j ma(n)ganaa sir dhukhaa kai dhukh ||,https://s3.us-east-1.amazonaws.com/keerat.xyz/keertan/sdo/yt_mga/021 MGA SDO 1021 smpk 19 Gur Satgur Vich Nave Ke Vaddi vaadai.m4a,ਮੁੰਢਹੁ ਭੁਲੀ ਨਾਨਕਾ ਫਿਰਿ ਫਿਰਿ ਜਨਮਿ ਮੁਈਆਸੁ ॥
1697216431,SDO_MGA_1,Bhai Mohinder Singh Ji SDO,00:01:20,2638,29893,naam tero aaratee majan muraare ||,https://s3.us-east-1.amazonaws.com/keerat.xyz/keertan/sdo/yt_mga/021 MGA SDO 1021 smpk 19 Gur Satgur Vich Nave Ke Vaddi vaadai.m4a,ਨਾਮੁ ਤੇਰੋ ਆਰਤੀ ਮਜਨੁ ਮੁਰਾਰੇ ॥
1697216493,SDO_MGA_1,Bhai Mohinder Singh Ji SDO,00:04:20,188,3138,veeaahu hoaa mere baabulaa gurmukhe har paiaa ||,https://s3.us-east-1.amazonaws.com/keerat.xyz/keertan/sdo/yt_mga/021 MGA SDO 1021 smpk 19 Gur Satgur Vich Nave Ke Vaddi vaadai.m4a,ਵੀਆਹੁ ਹੋਆ ਮੇਰੇ ਬਾਬੁਲਾ ਗੁਰਮੁਖੇ ਹਰਿ ਪਾਇਆ ॥
1697216601,SDO_MGA_1,Bhai Mohinder Singh Ji SDO,00:05:50,236,3502,har ke sa(n)t sunahu jan bhaiee har satigur kee ik saakhee ||,https://s3.us-east-1.amazonaws.com/keerat.xyz/keertan/sdo/yt_mga/021 MGA SDO 1021 smpk 19 Gur Satgur Vich Nave Ke Vaddi vaadai.m4a,ਹਰਿ ਕੇ ਸੰਤ ਸੁਣਹੁ ਜਨ ਭਾਈ ਹਰਿ ਸਤਿਗੁਰ ਕੀ ਇਕ ਸਾਖੀ ॥
1697216688,SDO_MGA_1,Bhai Mohinder Singh Ji SDO,00:08:45,,,"satigur naanak pragaTiaa miTee dhu(n)dhu, jag chaanan hoaa |",https://s3.us-east-1.amazonaws.com/keerat.xyz/keertan/sdo/yt_mga/021 MGA SDO 1021 smpk 19 Gur Satgur Vich Nave Ke Vaddi vaadai.m4a,
1697216832,SDO_MGA_1,Bhai Mohinder Singh Ji SDO,00:11:35,359,5561,naanak kee bena(n)teeaa har surajanu. dhekhaa nain ||1||,https://s3.us-east-1.amazonaws.com/keerat.xyz/keertan/sdo/yt_mga/021 MGA SDO 1021 smpk 19 Gur Satgur Vich Nave Ke Vaddi vaadai.m4a,ਨਾਨਕ ਕੀ ਬੇਨੰਤੀਆ ਹਰਿ ਸੁਰਜਨੁ ਦੇਖਾ ਨੈਣ ॥੧॥
1697216975,SDO_MGA_1,Bhai Mohinder Singh Ji SDO,00:14:55,4261,51636,"koiee aavai sa(n)to, har kaa jan sa(n)to meraa preetam jan sa(n)to moh maarag dhikhalaavai ||",https://s3.us-east-1.amazonaws.com/keerat.xyz/keertan/sdo/yt_mga/021 MGA SDO 1021 smpk 19 Gur Satgur Vich Nave Ke Vaddi vaadai.m4a,ਕੋਈ ਆਵੈ ਸੰਤੋ ਹਰਿ ਕਾ ਜਨੁ ਸੰਤੋ ਮੇਰਾ ਪ੍ਰੀਤਮ ਜਨੁ ਸੰਤੋ ਮੋਹਿ ਮਾਰਗੁ ਦਿਖਲਾਵੈ ॥
1697217722,SDO_MGA_1,Bhai Mohinder Singh Ji SDO,00:26:40,588,8233,bhaj man mere eko naam ||,https://s3.us-east-1.amazonaws.com/keerat.xyz/keertan/sdo/yt_mga/021 MGA SDO 1021 smpk 19 Gur Satgur Vich Nave Ke Vaddi vaadai.m4a,ਭਜੁ ਮਨ ਮੇਰੇ ਏਕੋ ਨਾਮ ॥
1697219256,SDO_MGA_1,Bhai Mohinder Singh Ji SDO,00:40:00,2838,31812,se sa(n)jog karahu mere piaare ||,https://s3.us-east-1.amazonaws.com/keerat.xyz/keertan/sdo/yt_mga/021 MGA SDO 1021 smpk 19 Gur Satgur Vich Nave Ke Vaddi vaadai.m4a,ਸੇ ਸੰਜੋਗ ਕਰਹੁ ਮੇਰੇ ਪਿਆਰੇ ॥
1697234564,SDO_MGA_1,Bhai Mohinder Singh Ji SDO,00:45:20,4072,48468,naam binaa sabh dhuneeaa chhaar ||1||,https://s3.us-east-1.amazonaws.com/keerat.xyz/keertan/sdo/yt_mga/021 MGA SDO 1021 smpk 19 Gur Satgur Vich Nave Ke Vaddi vaadai.m4a,ਨਾਮ ਬਿਨਾ ਸਭ ਦੁਨੀਆ ਛਾਰੁ ॥੧॥
1697655257,SDO_MGA_1,Bhai Mohinder Singh Ji SDO,00:49:40,1471,17301,ਹਰਿ ਕੇ ਨਾਮ ਬਿਨੁ ਝੂਠੇ ਸਗਲ ਪਾਸਾਰੇ ,https://s3.us-east-1.amazonaws.com/keerat.xyz/keertan/sdo/yt_mga/021 MGA SDO 1021 smpk 19 Gur Satgur Vich Nave Ke Vaddi vaadai.m4a,ਏਕੋ ਏਕੁ ਆਪਿ ਇਕੁ ਏਕੈ ਏਕੈ ਹੈ ਸਗਲਾ ਪਾਸਾਰੇ ॥
1697655509,SDO_MGA_1,Bhai Mohinder Singh Ji SDO,00:50:55,1901,22756,sabhanaa upaavaa sir upaau hai har naam paraapat hoi ||,https://s3.us-east-1.amazonaws.com/keerat.xyz/keertan/sdo/yt_mga/021 MGA SDO 1021 smpk 19 Gur Satgur Vich Nave Ke Vaddi vaadai.m4a,ਸਭਨਾ ਉਪਾਵਾ ਸਿਰਿ ਉਪਾਉ ਹੈ ਹਰਿ ਨਾਮੁ ਪਰਾਪਤਿ ਹੋਇ ॥
1697655887,SDO_MGA_1,Bhai Mohinder Singh Ji SDO,00:55:10,1544,18216,jap jap har kaa naam kadhe na jhooreeaai ||,https://s3.us-east-1.amazonaws.com/keerat.xyz/keertan/sdo/yt_mga/021 MGA SDO 1021 smpk 19 Gur Satgur Vich Nave Ke Vaddi vaadai.m4a,ਜਪਿ ਜਪਿ ਹਰਿ ਕਾ ਨਾਮੁ ਕਦੇ ਨ ਝੂਰੀਐ ॥
1697656520,SDO_MGA_1,Bhai Mohinder Singh Ji SDO,01:00:02,40,387,ਨਾਨਕ ਸਤਿਗੁਰ ਵਾਹੁ ਵਾਹੁ ਜਿਸ ਤੇ ਨਾਮੁ ਪਰਾਪਤਿ ਹੋਇ ||,https://s3.us-east-1.amazonaws.com/keerat.xyz/keertan/sdo/yt_mga/021 MGA SDO 1021 smpk 19 Gur Satgur Vich Nave Ke Vaddi vaadai.m4a,ੴ ਸਤਿਗੁਰ ਪ੍ਰਸਾਦਿ ॥
1697656884,SDO_MGA_1,Bhai Mohinder Singh Ji SDO,01:03:40,1833,22114,"gurmukh sakhee sahelee meree mo kau dhevahu dhaanu, har praan jeevaiaa ||",https://s3.us-east-1.amazonaws.com/keerat.xyz/keertan/sdo/yt_mga/021 MGA SDO 1021 smpk 19 Gur Satgur Vich Nave Ke Vaddi vaadai.m4a,ਗੁਰਮੁਖਿ ਸਖੀ ਸਹੇਲੀ ਮੇਰੀ ਮੋ ਕਉ ਦੇਵਹੁ ਦਾਨੁ ਹਰਿ ਪ੍ਰਾਨ ਜੀਵਾਇਆ ॥
1697657059,SDO_MGA_1,Bhai Mohinder Singh Ji SDO,01:05:50,,,naanaka. naam milai taa(n) jeevaa(n) tan man theevai hariaa ||1||,https://s3.us-east-1.amazonaws.com/keerat.xyz/keertan/sdo/yt_mga/021 MGA SDO 1021 smpk 19 Gur Satgur Vich Nave Ke Vaddi vaadai.m4a,
1697662618,SDO_MGA_1,Bhai Mohinder Singh Ji SDO,01:12:00,112,1516,mitr ghanere kar thakee meraa dhukh kaaTai koi ||,https://s3.us-east-1.amazonaws.com/keerat.xyz/keertan/sdo/yt_mga/021 MGA SDO 1021 smpk 19 Gur Satgur Vich Nave Ke Vaddi vaadai.m4a,ਮਿਤ੍ਰ ਘਣੇਰੇ ਕਰਿ ਥਕੀ ਮੇਰਾ ਦੁਖੁ ਕਾਟੈ ਕੋਇ ॥
1697664256,SDO_MGA_1,Bhai Mohinder Singh Ji SDO,00:00:00,3279,37341,dhun meh dhiaanu. dhiaan meh jaaniaa gurmukh akath kahaanee ||3||,https://s3.us-east-1.amazonaws.com/keerat.xyz/keertan/sdo/yt_mga/022 MGA SDO 1022 smpk 20 Dhun Mai Dhiaan Dhiaan Mai Jainaee.m4a,ਧੁਨਿ ਮਹਿ ਧਿਆਨੁ ਧਿਆਨ ਮਹਿ ਜਾਨਿਆ ਗੁਰਮੁਖਿ ਅਕਥ ਕਹਾਨੀ ॥੩॥
1697664414,SDO_MGA_1,Bhai Mohinder Singh Ji SDO,00:01:38,1648,19998,ਹਰਿ ਤੀਜੜੀ ਲਾਵ ਮਨਿ ਚਾਉ ਭਇਆ ਬੈਰਾਗੀਆ. ਬਲਿ ਰਾਮ ਜੀਉ ॥,https://s3.us-east-1.amazonaws.com/keerat.xyz/keertan/sdo/yt_mga/022 MGA SDO 1022 smpk 20 Dhun Mai Dhiaan Dhiaan Mai Jainaee.m4a,ਮੇਰੇ ਮਨ ਬੈਰਾਗੀਆ ਤੂੰ ਬੈਰਾਗੁ ਕਰਿ ਕਿਸੁ ਦਿਖਾਵਹਿ ॥
1697664718,SDO_MGA_1,Bhai Mohinder Singh Ji SDO,00:05:45,7433,75698,ਜਿਮੀ ਜਮਾਨ ਕੇ ਬਿਖੈ ਸਮਸਤਿ ਏਕ ਜੋਤਿ ਹੈ ॥ ਨ ਘਾਟਿ ਹੈ ਨ ਬਾਢਿ ਹੈ ਨ ਘਾਟਿ ਬਾਢਿ ਹੋਤ ਹੈ ॥,https://s3.us-east-1.amazonaws.com/keerat.xyz/keertan/sdo/yt_mga/022 MGA SDO 1022 smpk 20 Dhun Mai Dhiaan Dhiaan Mai Jainaee.m4a,ਜਿਮੀ ਜਮਾਨ ਕੇ ਬਿਖੈ ਸਮਸਤਿ ਏਕ ਜੋਤਿ ਹੈ ॥
1697664991,SDO_MGA_1,Bhai Mohinder Singh Ji SDO,00:10:10,1347,15337,sa(n)pai dhekhi. na harakheeaai bipat dhekhi. na roi ||,https://s3.us-east-1.amazonaws.com/keerat.xyz/keertan/sdo/yt_mga/022 MGA SDO 1022 smpk 20 Dhun Mai Dhiaan Dhiaan Mai Jainaee.m4a,ਸੰਪੈ ਦੇਖਿ ਨ ਹਰਖੀਐ ਬਿਪਤਿ ਦੇਖਿ ਨ ਰੋਇ ॥
1697665389,SDO_MGA_1,Bhai Mohinder Singh Ji SDO,00:16:16,,,saa(n)gai a(n)dhar saabate se virale ba(n)dhe |21|,https://s3.us-east-1.amazonaws.com/keerat.xyz/keertan/sdo/yt_mga/022 MGA SDO 1022 smpk 20 Dhun Mai Dhiaan Dhiaan Mai Jainaee.m4a,
1697666885,SDO_MGA_1,Bhai Mohinder Singh Ji SDO,00:20:20,4155,49962,garuR chaR(h)e aae gopaal ||16||,https://s3.us-east-1.amazonaws.com/keerat.xyz/keertan/sdo/yt_mga/022 MGA SDO 1022 smpk 20 Dhun Mai Dhiaan Dhiaan Mai Jainaee.m4a,ਗਰੁੜ ਚੜੑੇ ਆਏ ਗੋਪਾਲ ॥੧੬॥
1697675764,SDO_MGA_1,Bhai Mohinder Singh Ji SDO,00:00:00,,,Guru Granth Sahib Ji Parkaran. ekaa eka(n)kaar likh dhekhaaliaa |,https://s3.us-east-1.amazonaws.com/keerat.xyz/keertan/sdo/yt_mga/023 MGA SDO 1023 smpk 21 Ika Ikankar Likh.m4a,
1697733546,SDO_MGA_1,Bhai Mohinder Singh Ji SDO,00:06:00,3294,37536,ekai ekai ek toohee ||,https://s3.us-east-1.amazonaws.com/keerat.xyz/keertan/sdo/yt_mga/023 MGA SDO 1023 smpk 21 Ika Ikankar Likh.m4a,ਏਕੈ ਏਕੈ ਏਕ ਤੂਹੀ ॥
1697734020,SDO_MGA_1,Bhai Mohinder Singh Ji SDO,00:09:03,13,91,ਸਬਦੁ ਗੁਰੂ ਸੁਰਤਿ ਧੁਨਿ ਚੇਲਾ ॥,https://s3.us-east-1.amazonaws.com/keerat.xyz/keertan/sdo/yt_mga/023 MGA SDO 1023 smpk 21 Ika Ikankar Likh.m4a,ਮੰਨੈ ਸੁਰਤਿ ਹੋਵੈ ਮਨਿ ਬੁਧਿ ॥
1697734072,SDO_MGA_1,Bhai Mohinder Singh Ji SDO,00:10:17,38,375,ਸਬਦੁ ਗੁਰ ਪੀਰਾ ਗਹਿਰ ਗੰਭੀਰਾ ਬਿਨੁ ਸਬਦੈ ਜਗੁ ਬਉਰਾਨੰ ॥-> ਬਾਣੀ ਗੁਰੂ ਗੁਰੂ ਹੈ ਬਾਣੀ ਵਿਚਿ ਬਾਣੀ ਅੰਮ੍ਰਿਤੁ ਸਾਰੇ ॥-> ਸਤਿਗੁਰੁ ਦੇਉ ਪਰਤਖਿ ਹਰਿ ਮੂਰਤਿ ਜੋ ਅੰਮ੍ਰਿਤ ਬਚਨ ਸੁਣਾਵੈ ॥ ,https://s3.us-east-1.amazonaws.com/keerat.xyz/keertan/sdo/yt_mga/023 MGA SDO 1023 smpk 21 Ika Ikankar Likh.m4a,ਭਾਂਡਾ ਭਾਉ ਅੰਮ੍ਰਿਤੁ ਤਿਤੁ ਢਾਲਿ ॥
1697734888,SDO_MGA_1,Bhai Mohinder Singh Ji SDO,00:20:05,40,387,ਸਤਿਗੁਰ ਮਹਿ ਸਬਦ ਸਬਦ ਮਹਿ ਸਤਿਗੁਰ ਹੈ ਨਿਗੁਨ ਸਗੁਨ ਗਿਆਨ ਧਿਆਨ ਸਮਝਾਵੈ ਜੀ,https://s3.us-east-1.amazonaws.com/keerat.xyz/keertan/sdo/yt_mga/023 MGA SDO 1023 smpk 21 Ika Ikankar Likh.m4a,ੴ ਸਤਿਗੁਰ ਪ੍ਰਸਾਦਿ ॥
1697735105,SDO_MGA_1,Bhai Mohinder Singh Ji SDO,00:26:40,,,Nanak so Angad gur devna,https://s3.us-east-1.amazonaws.com/keerat.xyz/keertan/sdo/yt_mga/023 MGA SDO 1023 smpk 21 Ika Ikankar Likh.m4a,
1697735514,SDO_MGA_1,Bhai Mohinder Singh Ji SDO,00:27:39,,,Mahapurkh Sant Baba Attar Singh Ji,https://s3.us-east-1.amazonaws.com/keerat.xyz/keertan/sdo/yt_mga/023 MGA SDO 1023 smpk 21 Ika Ikankar Likh.m4a,
1697736103,SDO_MGA_1,Bhai Mohinder Singh Ji SDO,00:33:10,1660,20327,jithai jai bahai. meraa satiguroo so thaan suhaavaa. raam raaje ||,https://s3.us-east-1.amazonaws.com/keerat.xyz/keertan/sdo/yt_mga/023 MGA SDO 1023 smpk 21 Ika Ikankar Likh.m4a,ਜਿਥੈ ਜਾਇ ਬਹੈ ਮੇਰਾ ਸਤਿਗੁਰੂ ਸੋ ਥਾਨੁ ਸੁਹਾਵਾ ਰਾਮ ਰਾਜੇ ॥
1697736495,SDO_MGA_1,Bhai Mohinder Singh Ji SDO,00:36:00,551,7828,peeuoo dhaadhe kaa khol ddiThaa khajaanaa ||,https://s3.us-east-1.amazonaws.com/keerat.xyz/keertan/sdo/yt_mga/023 MGA SDO 1023 smpk 21 Ika Ikankar Likh.m4a,ਪੀਊ ਦਾਦੇ ਕਾ ਖੋਲਿ ਡਿਠਾ ਖਜਾਨਾ ॥
1697736682,SDO_MGA_1,Bhai Mohinder Singh Ji SDO,00:42:35,2762,30860,sa(n)t janaa mil har jas gaio ||,https://s3.us-east-1.amazonaws.com/keerat.xyz/keertan/sdo/yt_mga/023 MGA SDO 1023 smpk 21 Ika Ikankar Likh.m4a,ਸੰਤ ਜਨਾ ਮਿਲਿ ਹਰਿ ਜਸੁ ਗਾਇਓ ॥
1697736729,SDO_MGA_1,Bhai Mohinder Singh Ji SDO,00:43:45,1660,20335,"gursikhaa man vaadhaieeaa jin meraa satiguroo ddiThaa, raam raaje ||",https://s3.us-east-1.amazonaws.com/keerat.xyz/keertan/sdo/yt_mga/023 MGA SDO 1023 smpk 21 Ika Ikankar Likh.m4a,ਗੁਰਸਿਖਾ ਮਨਿ ਵਾਧਾਈਆ ਜਿਨ ਮੇਰਾ ਸਤਿਗੁਰੂ ਡਿਠਾ ਰਾਮ ਰਾਜੇ ॥
1697736815,SDO_MGA_1,Bhai Mohinder Singh Ji SDO,00:00:00,2315,26540,ਹਰਿ ਜਨ ਕਉ ਇਹੀ ਸੁਹਾਵੈ ॥,https://s3.us-east-1.amazonaws.com/keerat.xyz/keertan/sdo/yt_mga/024 MGA SDO 1024 smpk 22 Har Jan Ko Ehi Sohave.m4a,ਰਾਜਨ ਮਹਿ ਰਾਜਾ ਉਰਝਾਇਓ ਮਾਨਨ ਮਹਿ ਅਭਿਮਾਨੀ ॥
1697736830,SDO_MGA_1,Bhai Mohinder Singh Ji SDO,00:00:10,2382,27282,apane kaaj kau. kiau alakaieeaai ||,https://s3.us-east-1.amazonaws.com/keerat.xyz/keertan/sdo/yt_mga/024 MGA SDO 1024 smpk 22 Har Jan Ko Ehi Sohave.m4a,ਅਪਨੇ ਕਾਜ ਕਉ ਕਿਉ ਅਲਕਾਈਐ ॥
1697755968,random,Bhai Tejinderpal Singh Ji Dulla,00:13:20,645,8845,raakh pitaa prabh mere ||,https://s3.us-east-1.amazonaws.com/keerat.xyz/keertan/dulla_ji/yt/D 141 MGA DULLA 141 Paap Kamaavadhiaa Thaeraa Koe N Baelee Raam 1991 Amritsar-5LIDTx3VYR4.mp3,ਰਾਖੁ ਪਿਤਾ ਪ੍ਰਭ ਮੇਰੇ ॥
1697760154,random,Bhai Joginder Singh Ji Talwara,00:00:00,3302,37664,aaiso re har ras meeThaa ||,https://www.ikirtan.com/Bhai_Joginder_Singh_Jee_Talwara/Bhai_Joginder_Singh_Jee_Pratan_Ludhiana_Smagam_Asso_Rae_Har_Ras_Meethaa.mp3,ਐਸੋ ਰੇ ਹਰਿ ਰਸੁ ਮੀਠਾ ॥
1697898787,SDO_MGA_1,Bhai Mohinder Singh Ji SDO,00:07:45,3368,39005,sabh kaa ek dhanee ||1|| rahaau ||,https://s3.us-east-1.amazonaws.com/keerat.xyz/keertan/sdo/yt_mga/024 MGA SDO 1024 smpk 22 Har Jan Ko Ehi Sohave.m4a,ਸਭ ਕਾ ਏਕੁ ਧਨੀ ॥੧॥ ਰਹਾਉ ॥
1697899290,SDO_MGA_1,Bhai Mohinder Singh Ji SDO,00:31:05,4733,55669,saadh janaa mil har jas gaieeaai ||1|| rahaau ||,https://s3.us-east-1.amazonaws.com/keerat.xyz/keertan/sdo/yt_mga/024 MGA SDO 1024 smpk 22 Har Jan Ko Ehi Sohave.m4a,ਸਾਧ ਜਨਾ ਮਿਲਿ ਹਰਿ ਜਸੁ ਗਾਈਐ ॥੧॥ ਰਹਾਉ ॥
1697899578,SDO_MGA_1,Bhai Mohinder Singh Ji SDO,00:34:55,15,104,"cool anand sahib, the ਰਾਗ ਰਤਨ ਪਰਵਾਰ ਪਰੀਆ ਸਬਦ ਗਾਵਣ ਆਈਆ ॥",https://s3.us-east-1.amazonaws.com/keerat.xyz/keertan/sdo/yt_mga/024 MGA SDO 1024 smpk 22 Har Jan Ko Ehi Sohave.m4a,ਮੰਨੈ ਪਰਵਾਰੈ ਸਾਧਾਰੁ ॥
1697899637,SDO_MGA_1,Bhai Mohinder Singh Ji SDO,00:38:45,749,10642,mil mere preetamaa jeeau tudh bin kharee nimaanee ||,https://s3.us-east-1.amazonaws.com/keerat.xyz/keertan/sdo/yt_mga/024 MGA SDO 1024 smpk 22 Har Jan Ko Ehi Sohave.m4a,ਮਿਲੁ ਮੇਰੇ ਪ੍ਰੀਤਮਾ ਜੀਉ ਤੁਧੁ ਬਿਨੁ ਖਰੀ ਨਿਮਾਣੀ ॥
1697899800,SDO_MGA_1,Bhai Mohinder Singh Ji SDO,00:00:13,1662,20378,piaare har bin prem na khelasaa ||,https://s3.us-east-1.amazonaws.com/keerat.xyz/keertan/sdo/yt_mga/025 MGA SDO 1025 smpk 23 Har Bin Prem.m4a,ਪਿਆਰੇ ਹਰਿ ਬਿਨੁ ਪ੍ਰੇਮੁ ਨ ਖੇਲਸਾ ॥
1698015731,SDO_MGA_1,Bhai Mohinder Singh Ji SDO,00:09:49,1438,16859,sunahu lokaa mai prem ras paiaa ||,https://s3.us-east-1.amazonaws.com/keerat.xyz/keertan/sdo/yt_mga/025 MGA SDO 1025 smpk 23 Har Bin Prem.m4a,ਸੁਨਹੁ ਲੋਕਾ ਮੈ ਪ੍ਰੇਮ ਰਸੁ ਪਾਇਆ ॥
1698016052,SDO_MGA_1,Bhai Mohinder Singh Ji SDO,00:40:50,1520,17873,sunahu meet aaisaa prem piaar ||,https://s3.us-east-1.amazonaws.com/keerat.xyz/keertan/sdo/yt_mga/025 MGA SDO 1025 smpk 23 Har Bin Prem.m4a,ਸੁਨਹੁ ਮੀਤ ਐਸਾ ਪ੍ਰੇਮ ਪਿਆਰੁ ॥
1698016139,SDO_MGA_1,Bhai Mohinder Singh Ji SDO,00:00:00,369,5665,eik khaRe kareh teree chaakaree vin naavai. hor na bhaiaa ||,https://s3.us-east-1.amazonaws.com/keerat.xyz/keertan/sdo/yt_mga/026 MGA SDO 1026 smpk 24 Ik Khare Kareh Teri Chakri.m4a,ਇਕਿ ਖੜੇ ਕਰਹਿ ਤੇਰੀ ਚਾਕਰੀ ਵਿਣੁ ਨਾਵੈ ਹੋਰੁ ਨ ਭਾਇਆ ॥
1698436955,SDO_MGA_1,Bhai Mohinder Singh Ji SDO,00:04:10,2421,27809,har teree vaddee kaar mai moorakh laieeaai ||,https://s3.us-east-1.amazonaws.com/keerat.xyz/keertan/sdo/yt_mga/026 MGA SDO 1026 smpk 24 Ik Khare Kareh Teri Chakri.m4a,ਹਰਿ ਤੇਰੀ ਵਡੀ ਕਾਰ ਮੈ ਮੂਰਖ ਲਾਈਐ ॥
1698955930,random,Bhai Tejinderpal Singh Ji Dulla,00:34:40,3050,34497,sa(n)tan kaa dhaanaa rookhaa so sarab nidhaan ||,https://akj.media/Media/Keertan/Maryland/2001/011_Maryland_Mar2001_SatE_RSK_BhaiTejinderpalSinghJeeDoolaVeerjee.mp3,ਸੰਤਨ ਕਾ ਦਾਨਾ ਰੂਖਾ ਸੋ ਸਰਬ ਨਿਧਾਨ ॥
1699047047,SDO_MGA_1,Bhai Mohinder Singh Ji SDO,00:16:40,525,7347,jo gur dheeaa su. man kai kaam ||,https://s3.us-east-1.amazonaws.com/keerat.xyz/keertan/sdo/yt_mga/026 MGA SDO 1026 smpk 24 Ik Khare Kareh Teri Chakri.m4a,ਜੋ ਗੁਰਿ ਦੀਆ ਸੁ ਮਨ ਕੈ ਕਾਮਿ ॥
1699047303,SDO_MGA_1,Bhai Mohinder Singh Ji SDO,00:18:00,2254,25840,har naamai kaa ham lekhaa likhiaa sabh jam kee agalee kaan giee ||,https://s3.us-east-1.amazonaws.com/keerat.xyz/keertan/sdo/yt_mga/026 MGA SDO 1026 smpk 24 Ik Khare Kareh Teri Chakri.m4a,ਹਰਿ ਨਾਮੈ ਕਾ ਹਮ ਲੇਖਾ ਲਿਖਿਆ ਸਭ ਜਮ ਕੀ ਅਗਲੀ ਕਾਣਿ ਗਈ ॥
1699047998,SDO_MGA_1,Bhai Mohinder Singh Ji SDO,00:00:00,2556,28988,meraa man laagaa hai raam piaare ||,https://s3.us-east-1.amazonaws.com/keerat.xyz/keertan/sdo/yt_mga/027 MGA SDO 1027 smpk 25.m4a,ਮੇਰਾ ਮਨੁ ਲਾਗਾ ਹੈ ਰਾਮ ਪਿਆਰੇ ॥
1699049427,SDO_MGA_1,Bhai Mohinder Singh Ji SDO,00:16:13,,,saadhasa(n)gat asathaan jagamag noor hai |,https://s3.us-east-1.amazonaws.com/keerat.xyz/keertan/sdo/yt_mga/027 MGA SDO 1027 smpk 25.m4a,
1699565686,SDO_MGA_1,Bhai Mohinder Singh Ji SDO,00:29:50,2068,23865,"dharat paataal aakaas hai, meree ji(n)dhuRe'e sabh har har naam dhiaavai raam ||",https://s3.us-east-1.amazonaws.com/keerat.xyz/keertan/sdo/yt_mga/027 MGA SDO 1027 smpk 25.m4a,ਧਰਤਿ ਪਾਤਾਲੁ ਆਕਾਸੁ ਹੈ ਮੇਰੀ ਜਿੰਦੁੜੀਏ ਸਭ ਹਰਿ ਹਰਿ ਨਾਮੁ ਧਿਆਵੈ ਰਾਮ ॥
1699565904,SDO_MGA_1,Bhai Mohinder Singh Ji SDO,00:00:00,1425,16712,naam binaa nahee jeeviaa jai ||,https://s3.us-east-1.amazonaws.com/keerat.xyz/keertan/sdo/yt_mga/028 MGA SDO 1028 smpk 26.m4a,ਨਾਮ ਬਿਨਾ ਨਹੀ ਜੀਵਿਆ ਜਾਇ ॥
1699760372,SDO_MGA_1,Bhai Mohinder Singh Ji SDO,00:07:30,1425,16710,naam japahu mere saajan sainaa ||,https://s3.us-east-1.amazonaws.com/keerat.xyz/keertan/sdo/yt_mga/028 MGA SDO 1028 smpk 26.m4a,ਨਾਮੁ ਜਪਹੁ ਮੇਰੇ ਸਾਜਨ ਸੈਨਾ ॥
1699817648,SDO_MGA_1,Bhai Mohinder Singh Ji SDO,00:15:00,588,8233,bhaj man mere eko naam ||,https://s3.us-east-1.amazonaws.com/keerat.xyz/keertan/sdo/yt_mga/028 MGA SDO 1028 smpk 26.m4a,ਭਜੁ ਮਨ ਮੇਰੇ ਏਕੋ ਨਾਮ ॥
1699817914,SDO_MGA_1,Bhai Mohinder Singh Ji SDO,00:23:31,67,795,ਜਪਹੁ ਤ ਏਕੋ ਨਾਮਾ ॥,https://s3.us-east-1.amazonaws.com/keerat.xyz/keertan/sdo/yt_mga/028 MGA SDO 1028 smpk 26.m4a,ਮੂੜੇ ਰਾਮੁ ਜਪਹੁ ਗੁਣ ਸਾਰਿ ॥
1699818055,SDO_MGA_1,Bhai Mohinder Singh Ji SDO,00:25:05,2177,25038,ਸਬਦੈ ਕਾ ਨਿਬੇੜਾ ਸੁਣਿ ਤੂ ਅਉਧੂ ਬਿਨੁ ਨਾਵੈ ਜੋਗੁ. ਨ ਹੋਈ ॥,https://s3.us-east-1.amazonaws.com/keerat.xyz/keertan/sdo/yt_mga/028 MGA SDO 1028 smpk 26.m4a,ਏ ਮਨ ਮੇਰਿਆ ਆਵਾ ਗਉਣੁ ਸੰਸਾਰੁ ਹੈ ਅੰਤਿ ਸਚਿ ਨਿਬੇੜਾ ਰਾਮ ॥
1699818293,SDO_MGA_1,Bhai Mohinder Singh Ji SDO,00:29:35,4327,52172,har har dheeo. sevak kau naam ||,https://s3.us-east-1.amazonaws.com/keerat.xyz/keertan/sdo/yt_mga/028 MGA SDO 1028 smpk 26.m4a,ਹਰਿ ਹਰਿ ਦੀਓ ਸੇਵਕ ਕਉ ਨਾਮ ॥
1699818471,SDO_MGA_1,Bhai Mohinder Singh Ji SDO,00:32:15,2903,33077,aadh jugaadh bhagatan kaa raakhaa usatat kar kar jeevaa ||,https://s3.us-east-1.amazonaws.com/keerat.xyz/keertan/sdo/yt_mga/028 MGA SDO 1028 smpk 26.m4a,ਆਦਿ ਜੁਗਾਦਿ ਭਗਤਨ ਕਾ ਰਾਖਾ ਉਸਤਤਿ ਕਰਿ ਕਰਿ ਜੀਵਾ ॥
1699820694,SDO_MGA_1,Bhai Mohinder Singh Ji SDO,00:00:00,51,557,Aarti. kaisee aaratee hoi || bhav kha(n)ddanaa teree aaratee ||,https://s3.us-east-1.amazonaws.com/keerat.xyz/keertan/sdo/yt_mga/029 MGA SDO 1029 smpk 27.m4a,ਕੈਸੀ ਆਰਤੀ ਹੋਇ ॥ ਭਵ ਖੰਡਨਾ ਤੇਰੀ ਆਰਤੀ ॥
1699821341,SDO_MGA_1,Bhai Mohinder Singh Ji SDO,00:08:25,,,Jai tegang,https://s3.us-east-1.amazonaws.com/keerat.xyz/keertan/sdo/yt_mga/029 MGA SDO 1029 smpk 27.m4a,
1699821422,SDO_MGA_1,Bhai Mohinder Singh Ji SDO,00:12:00,3571,41277,terai ghar aana(n)dh vadhaiee tudh ghar ||,https://s3.us-east-1.amazonaws.com/keerat.xyz/keertan/sdo/yt_mga/029 MGA SDO 1029 smpk 27.m4a,ਤੇਰੈ ਘਰਿ ਆਨੰਦੁ ਵਧਾਈ ਤੁਧੁ ਘਰਿ ॥
1699821700,SDO_MGA_1,Bhai Mohinder Singh Ji SDO,00:15:40,4567,54197,sakhee sahelee bhe ana(n)dhaa gur kaaraj hamare poore ||,https://s3.us-east-1.amazonaws.com/keerat.xyz/keertan/sdo/yt_mga/029 MGA SDO 1029 smpk 27.m4a,ਸਖੀ ਸਹੇਲੀ ਭਏ ਅਨੰਦਾ ਗੁਰਿ ਕਾਰਜ ਹਮਰੇ ਪੂਰੇ ॥
1699821988,SDO_MGA_1,Bhai Mohinder Singh Ji SDO,00:20:00,,,hamaraa dhanu. maadhau gobi(n)dh dharaneedhar ihai saar dhan kaheeaai ||,https://s3.us-east-1.amazonaws.com/keerat.xyz/keertan/sdo/yt_mga/029 MGA SDO 1029 smpk 27.m4a,
1699822454,SDO_MGA_1,Bhai Mohinder Singh Ji SDO,00:45:05,4344,52291,dhanava(n)t naam ke vanajaare ||,https://s3.us-east-1.amazonaws.com/keerat.xyz/keertan/sdo/yt_mga/029 MGA SDO 1029 smpk 27.m4a,ਧਨਵੰਤ ਨਾਮ ਕੇ ਵਣਜਾਰੇ ॥
1699822468,SDO_MGA_1,Bhai Mohinder Singh Ji SDO,00:00:00,4344,52291,dhanava(n)t naam ke vanajaare ||,https://s3.us-east-1.amazonaws.com/keerat.xyz/keertan/sdo/yt_mga/030 MGA SDO 1030 smpk 28.m4a,ਧਨਵੰਤ ਨਾਮ ਕੇ ਵਣਜਾਰੇ ॥
1699931226,SDO_MGA_1,Bhai Mohinder Singh Ji SDO,00:01:50,4021,47882,har ke naam ke biaapaaree ||,https://s3.us-east-1.amazonaws.com/keerat.xyz/keertan/sdo/yt_mga/030 MGA SDO 1030 smpk 28.m4a,ਹਰਿ ਕੇ ਨਾਮ ਕੇ ਬਿਆਪਾਰੀ ॥
1699941378,SDO_MGA_1,Bhai Mohinder Singh Ji SDO,00:08:35,,,maiee khaaT aaio ghari. pootaa ||,https://s3.us-east-1.amazonaws.com/keerat.xyz/keertan/sdo/yt_mga/030 MGA SDO 1030 smpk 28.m4a,
1699942236,SDO_MGA_1,Bhai Mohinder Singh Ji SDO,00:13:00,202,3299,satagur dhaataa jeea kaa sadh jeevai dhevanahaaraa ||,https://s3.us-east-1.amazonaws.com/keerat.xyz/keertan/sdo/yt_mga/030 MGA SDO 1030 smpk 28.m4a,ਹੋਰੁ ਬਿਰਹਾ ਸਭ ਧਾਤੁ ਹੈ ਜਬ ਲਗੁ ਸਾਹਿਬ ਪ੍ਰੀਤਿ ਨ ਹੋਇ ॥
1700024782,SDO_MGA_1,Bhai Mohinder Singh Ji SDO,00:20:45,,,laadh khajaanaa. gur naanak kau dheeaa ih man har ra(n)g ra(n)ge ||4||2||3||,https://s3.us-east-1.amazonaws.com/keerat.xyz/keertan/sdo/yt_mga/030 MGA SDO 1030 smpk 28.m4a,
1700024902,SDO_MGA_1,Bhai Mohinder Singh Ji SDO,00:28:10,1402,16327,tau kaaran saahibaa ra(n)g rate ||,https://s3.us-east-1.amazonaws.com/keerat.xyz/keertan/sdo/yt_mga/030 MGA SDO 1030 smpk 28.m4a,ਤਉ ਕਾਰਣਿ ਸਾਹਿਬਾ ਰੰਗਿ ਰਤੇ ॥
1700025023,SDO_MGA_1,Bhai Mohinder Singh Ji SDO,00:41:15,,,"sa(n)tat hee. satasa(n)gat sa(n)g sura(n)g rate, jas gaavat hai ||",https://s3.us-east-1.amazonaws.com/keerat.xyz/keertan/sdo/yt_mga/030 MGA SDO 1030 smpk 28.m4a,
1700025137,SDO_MGA_1,Bhai Mohinder Singh Ji SDO,00:00:03,4208,50832,apane jan prabh aap rakhe ||,https://s3.us-east-1.amazonaws.com/keerat.xyz/keertan/sdo/yt_mga/031 MGA SDO 1031 smpk 29.m4a,ਅਪਣੇ ਜਨ ਪ੍ਰਭਿ ਆਪਿ ਰਖੇ ॥
1700061004,SDO_MGA_1,Bhai Mohinder Singh Ji SDO,00:07:43,5525,60304,suaamee ko girahu jiau sadhaa suaan tajat nahee nit ||,https://s3.us-east-1.amazonaws.com/keerat.xyz/keertan/sdo/yt_mga/031 MGA SDO 1031 smpk 29.m4a,ਸੁਆਮੀ ਕੋ ਗ੍ਰਿਹੁ ਜਿਉ ਸਦਾ ਸੁਆਨ ਤਜਤ ਨਹੀ ਨਿਤ ॥
1700061063,SDO_MGA_1,Bhai Mohinder Singh Ji SDO,00:08:28,1645,19920,"jin(h) ik man dhiaaiaa, tin(h) sukh paiaa te virale sa(n)saar jeeau ||",https://s3.us-east-1.amazonaws.com/keerat.xyz/keertan/sdo/yt_mga/031 MGA SDO 1031 smpk 29.m4a,ਜਿਨੑ ਇਕ ਮਨਿ ਧਿਆਇਆ ਤਿਨੑ ਸੁਖੁ ਪਾਇਆ ਤੇ ਵਿਰਲੇ ਸੰਸਾਰਿ ਜੀਉ ॥
1700061424,SDO_MGA_1,Bhai Mohinder Singh Ji SDO,00:12:39,2436,27902,jo boleh har har naau tin jam chhadd giaa ||,https://s3.us-east-1.amazonaws.com/keerat.xyz/keertan/sdo/yt_mga/031 MGA SDO 1031 smpk 29.m4a,ਜੋ ਬੋਲਹਿ ਹਰਿ ਹਰਿ ਨਾਉ ਤਿਨ ਜਮੁ ਛਡਿ ਗਇਆ ॥
1700062006,SDO_MGA_1,Bhai Mohinder Singh Ji SDO,00:20:39,363,5625,jo man chiti. tudh dhiaaidhe mere sachiaa bal bal hau. tin jaatee ||1||,https://s3.us-east-1.amazonaws.com/keerat.xyz/keertan/sdo/yt_mga/031 MGA SDO 1031 smpk 29.m4a,ਜੋ ਮਨਿ ਚਿਤਿ ਤੁਧੁ ਧਿਆਇਦੇ ਮੇਰੇ ਸਚਿਆ ਬਲਿ ਬਲਿ ਹਉ ਤਿਨ ਜਾਤੀ ॥੧॥
1700062136,SDO_MGA_1,Bhai Mohinder Singh Ji SDO,00:22:14,,,"jin ik mani. har dhiaaiaa, meree ji(n)dhuRe'e tin sa(n)t janaa jaikaaro raam ||",https://s3.us-east-1.amazonaws.com/keerat.xyz/keertan/sdo/yt_mga/031 MGA SDO 1031 smpk 29.m4a,
1700062724,SDO_MGA_1,Bhai Mohinder Singh Ji SDO,00:30:15,5428,59386,ਵਾਹਿਗੁਰੂ naam jahaj haa. Chare so utre par,https://s3.us-east-1.amazonaws.com/keerat.xyz/keertan/sdo/yt_mga/031 MGA SDO 1031 smpk 29.m4a,ਵਾਹਿਗੁਰੂ ਵਾਹਿਗੁਰੂ ਵਾਹਿਗੁਰੂ ਵਾਹਿ ਜੀਉ ॥
1700063094,SDO_MGA_1,Bhai Mohinder Singh Ji SDO,00:34:36,233,3475,"jithai oh jai, tithai oh surakharoo us kai muh ddiThai, sabh paapee tariaa ||",https://s3.us-east-1.amazonaws.com/keerat.xyz/keertan/sdo/yt_mga/031 MGA SDO 1031 smpk 29.m4a,ਜਿਥੈ ਓਹੁ ਜਾਇ ਤਿਥੈ ਓਹੁ ਸੁਰਖਰੂ ਉਸ ਕੈ ਮੁਹਿ ਡਿਠੈ ਸਭ ਪਾਪੀ ਤਰਿਆ ॥
1700168683,SDO_MGA_1,Bhai Mohinder Singh Ji SDO,00:43:00,2780,31109,ਟੁਕੁ ਦਮੁ ਕਰਾਰੀ. ਜਉ ਕਰਹੁ ਹਾਜਿਰ ਹਜੂਰਿ ਖੁਦਾਇ ॥੧॥,https://s3.us-east-1.amazonaws.com/keerat.xyz/keertan/sdo/yt_mga/031 MGA SDO 1031 smpk 29.m4a,ਟੁਕੁ ਦਮੁ ਕਰਾਰੀ ਜਉ ਕਰਹੁ ਹਾਜਿਰ ਹਜੂਰਿ ਖੁਦਾਇ ॥੧॥
1700168896,SDO_MGA_1,Bhai Mohinder Singh Ji SDO,00:00:00,1483,17434,satigur meraa sadhaa dhiaalaa moh dheen kau raakh leeaa ||,https://s3.us-east-1.amazonaws.com/keerat.xyz/keertan/sdo/yt_mga/032 MGA SDO 1032 smpk 30.m4a,ਸਤਿਗੁਰੁ ਮੇਰਾ ਸਦਾ ਦਇਆਲਾ ਮੋਹਿ ਦੀਨ ਕਉ ਰਾਖਿ ਲੀਆ ॥
1700169696,SDO_MGA_1,Bhai Mohinder Singh Ji SDO,00:10:21,87,1086,ਸਭਿ ਆਖਹੁ ਸਤਿਗੁਰੁ ਵਾਹੁ ਵਾਹੁ ਜਿਨਿ ਦਾਨੁ ਹਰਿ ਨਾਮੁ ਮੁਖਿ ਦੀਆ ,https://s3.us-east-1.amazonaws.com/keerat.xyz/keertan/sdo/yt_mga/032 MGA SDO 1032 smpk 30.m4a,ਹਉ ਸਤਿਗੁਰੁ ਸੇਵੀ ਆਪਣਾ ਇਕ ਮਨਿ ਇਕ ਚਿਤਿ ਭਾਇ ॥
1700169635,SDO_MGA_1,Bhai Mohinder Singh Ji SDO,00:12:15,,,naanaka. naam milai taa(n) jeevaa(n) tan man theevai hariaa ||1||,https://s3.us-east-1.amazonaws.com/keerat.xyz/keertan/sdo/yt_mga/032 MGA SDO 1032 smpk 30.m4a,
1700169764,SDO_MGA_1,Bhai Mohinder Singh Ji SDO,00:14:30,588,8233,bhaj man mere eko naam ||,https://s3.us-east-1.amazonaws.com/keerat.xyz/keertan/sdo/yt_mga/032 MGA SDO 1032 smpk 30.m4a,ਭਜੁ ਮਨ ਮੇਰੇ ਏਕੋ ਨਾਮ ॥
1700169884,SDO_MGA_1,Bhai Mohinder Singh Ji SDO,00:15:35,5428,59386,ਵਾਹਿਗੁਰੂ gur Shabad hai. ਵਾਹਿਗੁਰੂ ਵਾਹਿਗੁਰੂ japho praniyo,https://s3.us-east-1.amazonaws.com/keerat.xyz/keertan/sdo/yt_mga/032 MGA SDO 1032 smpk 30.m4a,ਵਾਹਿਗੁਰੂ ਵਾਹਿਗੁਰੂ ਵਾਹਿਗੁਰੂ ਵਾਹਿ ਜੀਉ ॥
1700169929,SDO_MGA_1,Bhai Mohinder Singh Ji SDO,00:16:20,,,bhagat soheh gun gaavate naanaka. prabh kai dhuaar ||6||,https://s3.us-east-1.amazonaws.com/keerat.xyz/keertan/sdo/yt_mga/032 MGA SDO 1032 smpk 30.m4a,
1700170191,SDO_MGA_1,Bhai Mohinder Singh Ji SDO,00:17:55,1,3,ਆਦਿ ਸਚੁ ਜੁਗਾਦਿ ਸਚੁ ॥,https://s3.us-east-1.amazonaws.com/keerat.xyz/keertan/sdo/yt_mga/032 MGA SDO 1032 smpk 30.m4a,ਆਦਿ ਸਚੁ ਜੁਗਾਦਿ ਸਚੁ ॥
1700182568,SDO_MGA_1,Bhai Mohinder Singh Ji SDO,00:19:30,4778,56092,"sabh dhiaavahu aadh sate, jugaadh sate paratakh sate, sadhaa sadhaa sate jan naanaku. dhaas dhasonaa ||5||",https://s3.us-east-1.amazonaws.com/keerat.xyz/keertan/sdo/yt_mga/032 MGA SDO 1032 smpk 30.m4a,ਸਭਿ ਧਿਆਵਹੁ ਆਦਿ ਸਤੇ ਜੁਗਾਦਿ ਸਤੇ ਪਰਤਖਿ ਸਤੇ ਸਦਾ ਸਦਾ ਸਤੇ ਜਨੁ ਨਾਨਕੁ ਦਾਸੁ ਦਸੋਨਾ ॥੫॥
1700184598,SDO_MGA_1,Bhai Mohinder Singh Ji SDO,00:40:04,4270,51726,maiee sat sati. sat har sat sati. sat saadhaa ||,https://s3.us-east-1.amazonaws.com/keerat.xyz/keertan/sdo/yt_mga/032 MGA SDO 1032 smpk 30.m4a,ਮਾਈ ਸਤਿ ਸਤਿ ਸਤਿ ਹਰਿ ਸਤਿ ਸਤਿ ਸਤਿ ਸਾਧਾ ॥
1700184661,SDO_MGA_1,Bhai Mohinder Singh Ji SDO,00:41:53,,,SDO Katha. Experiments of truth,https://s3.us-east-1.amazonaws.com/keerat.xyz/keertan/sdo/yt_mga/032 MGA SDO 1032 smpk 30.m4a,
1700184713,SDO_MGA_1,Bhai Mohinder Singh Ji SDO,00:44:10,,,naam rahio. saadhoo rahio rahio gur gobi(n)dh ||,https://s3.us-east-1.amazonaws.com/keerat.xyz/keertan/sdo/yt_mga/032 MGA SDO 1032 smpk 30.m4a,
1700184965,SDO_MGA_1,Bhai Mohinder Singh Ji SDO,00:01:18,4270,51726,maiee sat sati. sat har sat sati. sat saadhaa ||,https://s3.us-east-1.amazonaws.com/keerat.xyz/keertan/sdo/yt_mga/033 MGA SDO 1033 smpk 31.m4a,ਮਾਈ ਸਤਿ ਸਤਿ ਸਤਿ ਹਰਿ ਸਤਿ ਸਤਿ ਸਤਿ ਸਾਧਾ ॥
1700185003,SDO_MGA_1,Bhai Mohinder Singh Ji SDO,00:01:55,,,Sdo katha. Charan Amrit ,https://s3.us-east-1.amazonaws.com/keerat.xyz/keertan/sdo/yt_mga/033 MGA SDO 1033 smpk 31.m4a,
1700188165,SDO_MGA_1,Bhai Mohinder Singh Ji SDO,00:20:47,3942,47100,nihachal ek naraino har agam agaadhaa ||,https://s3.us-east-1.amazonaws.com/keerat.xyz/keertan/sdo/yt_mga/033 MGA SDO 1033 smpk 31.m4a,ਨਿਹਚਲੁ ਏਕੁ ਨਰਾਇਣੋ ਹਰਿ ਅਗਮ ਅਗਾਧਾ ॥
1700323799,SDO_MGA_1,Bhai Mohinder Singh Ji SDO,00:30:25,3938,47082,taT teerath dhev dhevaaliaa kedhaar mathuraa kaasee ||,https://s3.us-east-1.amazonaws.com/keerat.xyz/keertan/sdo/yt_mga/033 MGA SDO 1033 smpk 31.m4a,ਤਟ ਤੀਰਥ ਦੇਵ ਦੇਵਾਲਿਆ ਕੇਦਾਰੁ ਮਥੁਰਾ ਕਾਸੀ ॥
1700323926,SDO_MGA_1,Bhai Mohinder Singh Ji SDO,00:33:47,,,naam rahio. saadhoo rahio rahio gur gobi(n)dh ||,https://s3.us-east-1.amazonaws.com/keerat.xyz/keertan/sdo/yt_mga/033 MGA SDO 1033 smpk 31.m4a,
1700324294,SDO_MGA_1,Bhai Mohinder Singh Ji SDO,00:39:05,89,1126,ਸਭੁ ਇਕੋ ਸਬਦੁ ਵਰਤਦਾ ਜੋ ਕਰੇ ਸੁ ਹੋਈ ॥,https://s3.us-east-1.amazonaws.com/keerat.xyz/keertan/sdo/yt_mga/033 MGA SDO 1033 smpk 31.m4a,ਸਭ ਮਹਿ ਇਕੁ ਵਰਤਦਾ ਏਕੋ ਰਹਿਆ ਸਮਾਇ ॥
1700324555,SDO_MGA_1,Bhai Mohinder Singh Ji SDO,00:43:55,2345,26803,ਗੁਰੁ ਪੂਰਾ. ਜਿਨ ਸਿਮਰਿਆ ਸੇਈ ਭਏ ਨਿਹਾਲ ॥,https://s3.us-east-1.amazonaws.com/keerat.xyz/keertan/sdo/yt_mga/033 MGA SDO 1033 smpk 31.m4a,ਹਰਿ ਜਨਿ ਸਿਮਰਿਆ ਨਾਮ ਅਧਾਰਿ ॥
1700324662,SDO_MGA_1,Bhai Mohinder Singh Ji SDO,00:45:41,3571,41273,vaddee hoo vaddaa apaar teraa maratabaa ||,https://s3.us-east-1.amazonaws.com/keerat.xyz/keertan/sdo/yt_mga/033 MGA SDO 1033 smpk 31.m4a,ਵਡੀ ਹੂ ਵਡਾ ਅਪਾਰੁ ਤੇਰਾ ਮਰਤਬਾ ॥
1700324756,SDO_MGA_1,Bhai Mohinder Singh Ji SDO,00:00:00,1,3,ਆਦਿ ਸਚੁ ਜੁਗਾਦਿ ਸਚੁ ॥,https://s3.us-east-1.amazonaws.com/keerat.xyz/keertan/sdo/yt_mga/034 MGA SDO 1034 smpk 32.m4a,ਆਦਿ ਸਚੁ ਜੁਗਾਦਿ ਸਚੁ ॥
1700324799,SDO_MGA_1,Bhai Mohinder Singh Ji SDO,00:01:00,4778,56092,"sabh dhiaavahu aadh sate, jugaadh sate paratakh sate, sadhaa sadhaa sate jan naanaku. dhaas dhasonaa ||5||",https://s3.us-east-1.amazonaws.com/keerat.xyz/keertan/sdo/yt_mga/034 MGA SDO 1034 smpk 32.m4a,ਸਭਿ ਧਿਆਵਹੁ ਆਦਿ ਸਤੇ ਜੁਗਾਦਿ ਸਤੇ ਪਰਤਖਿ ਸਤੇ ਸਦਾ ਸਦਾ ਸਤੇ ਜਨੁ ਨਾਨਕੁ ਦਾਸੁ ਦਸੋਨਾ ॥੫॥
1700324921,SDO_MGA_1,Bhai Mohinder Singh Ji SDO,00:03:00,4270,51727,bachan guroo jo poorai kahio mai chheek gaa(n)Tharee baadhaa ||1|| rahaau ||,https://s3.us-east-1.amazonaws.com/keerat.xyz/keertan/sdo/yt_mga/034 MGA SDO 1034 smpk 32.m4a,ਬਚਨੁ ਗੁਰੂ ਜੋ ਪੂਰੈ ਕਹਿਓ ਮੈ ਛੀਕਿ ਗਾਂਠਰੀ ਬਾਧਾ ॥੧॥ ਰਹਾਉ ॥
1700325142,SDO_MGA_1,Bhai Mohinder Singh Ji SDO,00:04:35,101,1322,ਏਹੁ ਕੁਟੰਬੁ. ਤੂ ਜਿ ਦੇਖਦਾ ਚਲੈ ਨਾਹੀ. ਤੇਰੈ ਨਾਲੇ ॥ ਏ ਮਨ ਪਿਆਰਿਆ ਤੂ ਸਦਾ ਸਚੁ ਸਮਾਲੇ ॥,https://s3.us-east-1.amazonaws.com/keerat.xyz/keertan/sdo/yt_mga/034 MGA SDO 1034 smpk 32.m4a,ਦੇਖਿ ਕੁਟੰਬੁ ਮੋਹਿ ਲੋਭਾਣਾ ਚਲਦਿਆ ਨਾਲਿ ਨ ਜਾਈ ॥
1700325246,SDO_MGA_1,Bhai Mohinder Singh Ji SDO,00:08:20,,,naam rahio. saadhoo rahio rahio gur gobi(n)dh ||,https://s3.us-east-1.amazonaws.com/keerat.xyz/keertan/sdo/yt_mga/034 MGA SDO 1034 smpk 32.m4a,
1700325444,SDO_MGA_1,Bhai Mohinder Singh Ji SDO,00:11:30,,,gur sikhee baareek hai sil chaTan fikee |,https://s3.us-east-1.amazonaws.com/keerat.xyz/keertan/sdo/yt_mga/034 MGA SDO 1034 smpk 32.m4a,
1700325657,SDO_MGA_1,Bhai Mohinder Singh Ji SDO,00:14:35,2012,23406,aree baiee gobidh naam mat beesarai || rahaau ||,https://s3.us-east-1.amazonaws.com/keerat.xyz/keertan/sdo/yt_mga/034 MGA SDO 1034 smpk 32.m4a,ਅਰੀ ਬਾਈ ਗੋਬਿਦ ਨਾਮੁ ਮਤਿ ਬੀਸਰੈ ॥ ਰਹਾਉ ॥
1700326454,SDO_MGA_1,Bhai Mohinder Singh Ji SDO,00:25:43,,,Sant attar Singh ji mata ji sakhi,https://s3.us-east-1.amazonaws.com/keerat.xyz/keertan/sdo/yt_mga/034 MGA SDO 1034 smpk 32.m4a,
1700326587,SDO_MGA_1,Bhai Mohinder Singh Ji SDO,00:27:45,135,1876,ਸਦਾ ਸਦਾ ਜਪੀਐ ਪ੍ਰਭ ਨਾਮ ॥,https://s3.us-east-1.amazonaws.com/keerat.xyz/keertan/sdo/yt_mga/034 MGA SDO 1034 smpk 32.m4a,ਕਰਿ ਕਿਰਪਾ ਪ੍ਰਭ ਆਪਣੀ ਜਪੀਐ ਅੰਮ੍ਰਿਤ ਨਾਮੁ ॥
1700498679,SDO_MGA_1,Bhai Mohinder Singh Ji SDO,00:29:35,,,gur sikhee baareek hai sil chaTan fikee |,https://s3.us-east-1.amazonaws.com/keerat.xyz/keertan/sdo/yt_mga/034 MGA SDO 1034 smpk 32.m4a,
1700499379,SDO_MGA_1,Bhai Mohinder Singh Ji SDO,00:39:25,1197,14239,SDO Katha. Updesh,https://s3.us-east-1.amazonaws.com/keerat.xyz/keertan/sdo/yt_mga/034 MGA SDO 1034 smpk 32.m4a,ਜਿਨ ਸਤਿਗੁਰ ਕਾ ਭਾਣਾ ਮੰਨਿਆ ਤਿਨ ਚੜੀ ਚਵਗਣਿ ਵੰਨੇ ॥
1700499675,SDO_MGA_1,Bhai Mohinder Singh Ji SDO,00:40:20,,,saar mantar charo ka char. vaheguru sarabhloh Granth,https://s3.us-east-1.amazonaws.com/keerat.xyz/keertan/sdo/yt_mga/034 MGA SDO 1034 smpk 32.m4a,
1700499771,SDO_MGA_1,Bhai Mohinder Singh Ji SDO,00:41:40,,,vaheguru japho praniyo,https://s3.us-east-1.amazonaws.com/keerat.xyz/keertan/sdo/yt_mga/034 MGA SDO 1034 smpk 32.m4a,
1700500551,SDO_MGA_1,Bhai Mohinder Singh Ji SDO,00:43:48,3845,46643,eis jug meh naam nidhaan hai naamo naal chalai ||,https://s3.us-east-1.amazonaws.com/keerat.xyz/keertan/sdo/yt_mga/034 MGA SDO 1034 smpk 32.m4a,ਇਸੁ ਜੁਗ ਮਹਿ ਨਾਮੁ ਨਿਧਾਨੁ ਹੈ ਨਾਮੋ ਨਾਲਿ ਚਲੈ ॥
1700500788,SDO_MGA_1,Bhai Mohinder Singh Ji SDO,00:00:00,3845,46643,eis jug meh naam nidhaan hai naamo naal chalai ||,https://s3.us-east-1.amazonaws.com/keerat.xyz/keertan/sdo/yt_mga/035 MGA SDO 1035 smpk 33.m4a,ਇਸੁ ਜੁਗ ਮਹਿ ਨਾਮੁ ਨਿਧਾਨੁ ਹੈ ਨਾਮੋ ਨਾਲਿ ਚਲੈ ॥
1700500891,SDO_MGA_1,Bhai Mohinder Singh Ji SDO,00:00:55,428,6075,ਏ ਮਨ ਪਿਆਰਿਆ ਤੂ ਸਦਾ ਸਚੁ ਸਮਾਲੇ ॥ ਏਹੁ ਕੁਟੰਬੁ. ਤੂ ਜਿ ਦੇਖਦਾ ਚਲੈ ਨਾਹੀ. ਤੇਰੈ ਨਾਲੇ ॥ ਸਾਥਿ ਤੇਰੈ. ਚਲੈ ਨਾਹੀ ਤਿਸੁ ਨਾਲਿ. ਕਿਉ ਚਿਤੁ ਲਾਈਐ ॥ ਐਸਾ ਕੰਮੁ ਮੂਲੇ. ਨ ਕੀਚੈ ਜਿਤੁ ਅੰਤਿ ਪਛੋਤਾਈਐ ॥ ਸਤਿਗੁਰੂ ਕਾ ਉਪਦੇਸੁ ਸੁਣਿ ਤੂ ਹੋਵੈ ਤੇਰੈ ਨਾਲੇ ॥ ਕਹੈ ਨਾਨਕੁ. ਮਨ ਪਿਆਰੇ ਤੂ ਸਦਾ ਸਚੁ ਸਮਾਲੇ ॥੧੧॥,https://s3.us-east-1.amazonaws.com/keerat.xyz/keertan/sdo/yt_mga/035 MGA SDO 1035 smpk 33.m4a,ਜੀਵਦਿਆ ਮਰੁ ਮਾਰਿ ਨ ਪਛੋਤਾਈਐ ॥
1700517165,SDO_MGA_1,Bhai Mohinder Singh Ji SDO,00:05:25,2587,29318,gur kaa bachan basai jeea naale ||,https://s3.us-east-1.amazonaws.com/keerat.xyz/keertan/sdo/yt_mga/035 MGA SDO 1035 smpk 33.m4a,ਗੁਰ ਕਾ ਬਚਨੁ ਬਸੈ ਜੀਅ ਨਾਲੇ ॥
1700517722,SDO_MGA_1,Bhai Mohinder Singh Ji SDO,00:16:02,2345,26803,ਗੁਰੁ ਪੂਰਾ. ਜਿਨ ਸਿਮਰਿਆ ਸੇਈ ਭਏ ਨਿਹਾਲ ॥,https://s3.us-east-1.amazonaws.com/keerat.xyz/keertan/sdo/yt_mga/035 MGA SDO 1035 smpk 33.m4a,ਹਰਿ ਜਨਿ ਸਿਮਰਿਆ ਨਾਮ ਅਧਾਰਿ ॥
1700585471,SDO_MGA_1,Bhai Mohinder Singh Ji SDO,00:18:32,3338,38347,apanaa prabh nadhar nihaale ||1||,https://s3.us-east-1.amazonaws.com/keerat.xyz/keertan/sdo/yt_mga/035 MGA SDO 1035 smpk 33.m4a,ਅਪਨਾ ਪ੍ਰਭੁ ਨਦਰਿ ਨਿਹਾਲੇ ॥੧॥
1700585764,SDO_MGA_1,Bhai Mohinder Singh Ji SDO,00:21:33,,,bhagat bhagat jag vajiaa chahu chakaa(n) dhe vich chamireTaa |,https://s3.us-east-1.amazonaws.com/keerat.xyz/keertan/sdo/yt_mga/035 MGA SDO 1035 smpk 33.m4a,
1700586079,SDO_MGA_1,Bhai Mohinder Singh Ji SDO,00:27:33,1122,13730,satigur dhaataa dhiaal hai jis no dhiaa sadhaa hoi ||,https://s3.us-east-1.amazonaws.com/keerat.xyz/keertan/sdo/yt_mga/035 MGA SDO 1035 smpk 33.m4a,ਲਾਹਾ ਹਰਿ ਧਨੁ ਖਟਿਆ ਗੁਰਮੁਖਿ ਸਬਦੁ ਵੀਚਾਰਿ ॥
1700586476,SDO_MGA_1,Bhai Mohinder Singh Ji SDO,00:32:49,45,487,ਬੇਅੰਤਾ. ਬੇਅੰਤ ਗੁਣ ਤੇਰੇ ਕੇਤਕ ਗਾਵਾ ਰਾਮ ॥ ਤੇਰੇ ਚਰਣਾ. ਤੇਰੇ ਚਰਣ ਧੂੜਿ ਵਡਭਾਗੀ ਪਾਵਾ ਰਾਮ ॥,https://s3.us-east-1.amazonaws.com/keerat.xyz/keertan/sdo/yt_mga/035 MGA SDO 1035 smpk 33.m4a,ਤੇਰੀ ਭਗਤਿ ਤੇਰੀ ਭਗਤਿ ਭੰਡਾਰ ਜੀ ਭਰੇ ਬਿਅੰਤ ਬੇਅੰਤਾ ॥
1700586542,SDO_MGA_1,Bhai Mohinder Singh Ji SDO,00:33:53,1721,21093,teraa a(n)tu. na jaiee lakhiaa ||1|| rahaau ||,https://s3.us-east-1.amazonaws.com/keerat.xyz/keertan/sdo/yt_mga/035 MGA SDO 1035 smpk 33.m4a,ਤੇਰਾ ਅੰਤੁ ਨ ਜਾਈ ਲਖਿਆ ॥੧॥ ਰਹਾਉ ॥
1700586913,SDO_MGA_1,Bhai Mohinder Singh Ji SDO,00:37:23,40,388,"so dhar teraa kehaa, so ghar kehaa jit beh sarab samaale ||",https://s3.us-east-1.amazonaws.com/keerat.xyz/keertan/sdo/yt_mga/035 MGA SDO 1035 smpk 33.m4a,ਸੋ ਦਰੁ ਤੇਰਾ ਕੇਹਾ ਸੋ ਘਰੁ ਕੇਹਾ ਜਿਤੁ ਬਹਿ ਸਰਬ ਸਮਾਲੇ ॥
1700587136,SDO_MGA_1,Bhai Mohinder Singh Ji SDO,00:39:31,43,451,ਮੇਰੇ ਮੀਤ ਗੁਰਦੇਵ ਮੋ ਕਉ. ਰਾਮ ਨਾਮੁ ਪਰਗਾਸਿ ॥,https://s3.us-east-1.amazonaws.com/keerat.xyz/keertan/sdo/yt_mga/035 MGA SDO 1035 smpk 33.m4a,ਮੇਰੇ ਮੀਤ ਗੁਰਦੇਵ ਮੋ ਕਉ ਰਾਮ ਨਾਮੁ ਪਰਗਾਸਿ ॥
1700587177,SDO_MGA_1,Bhai Mohinder Singh Ji SDO,00:42:00,,,mere maadhau jee satasa(n)gat mile. su tariaa ||,https://s3.us-east-1.amazonaws.com/keerat.xyz/keertan/sdo/yt_mga/035 MGA SDO 1035 smpk 33.m4a,
1700587753,SDO_MGA_1,Bhai Mohinder Singh Ji SDO,00:44:00,,,Rehraas part of it. Sangat read together,https://s3.us-east-1.amazonaws.com/keerat.xyz/keertan/sdo/yt_mga/035 MGA SDO 1035 smpk 33.m4a,
1700587787,SDO_MGA_1,Bhai Mohinder Singh Ji SDO,00:00:00,1,3,ਆਦਿ ਸਚੁ ਜੁਗਾਦਿ ਸਚੁ ॥,https://s3.us-east-1.amazonaws.com/keerat.xyz/keertan/sdo/yt_mga/036 MGA SDO 1036 smpk 34.m4a,ਆਦਿ ਸਚੁ ਜੁਗਾਦਿ ਸਚੁ ॥
1700587818,SDO_MGA_1,Bhai Mohinder Singh Ji SDO,00:00:38,1489,17501,saach naam meraa man laagaa ||,https://s3.us-east-1.amazonaws.com/keerat.xyz/keertan/sdo/yt_mga/036 MGA SDO 1036 smpk 34.m4a,ਸਾਚਿ ਨਾਮਿ ਮੇਰਾ ਮਨੁ ਲਾਗਾ ॥
1700590306,SDO_MGA_1,Bhai Mohinder Singh Ji SDO,00:03:30,,,Sdo katha. Why no talk. Tee Jan sughar siyanee Raam raaje ,https://s3.us-east-1.amazonaws.com/keerat.xyz/keertan/sdo/yt_mga/036 MGA SDO 1036 smpk 34.m4a,
1700590439,SDO_MGA_1,Bhai Mohinder Singh Ji SDO,00:05:27,5322,58801,SDO KATHA. sabar a(n)dhar saabaree tan evai jaaleni(h) ||,https://s3.us-east-1.amazonaws.com/keerat.xyz/keertan/sdo/yt_mga/036 MGA SDO 1036 smpk 34.m4a,ਸਬਰ ਅੰਦਰਿ ਸਾਬਰੀ ਤਨੁ ਏਵੈ ਜਾਲੇਨਿੑ ॥
1700590677,SDO_MGA_1,Bhai Mohinder Singh Ji SDO,00:09:54,,,je paieeaai chup keetiaa(n) pasooaa(n) jaR haasee |,https://s3.us-east-1.amazonaws.com/keerat.xyz/keertan/sdo/yt_mga/036 MGA SDO 1036 smpk 34.m4a,
1700598152,SDO_MGA_1,Bhai Mohinder Singh Ji SDO,00:16:00,3506,40826,se jan saache sadhaa sadhaa jinee har ras peetaa ||,https://s3.us-east-1.amazonaws.com/keerat.xyz/keertan/sdo/yt_mga/036 MGA SDO 1036 smpk 34.m4a,ਸੇ ਜਨ ਸਾਚੇ ਸਦਾ ਸਦਾ ਜਿਨੀ ਹਰਿ ਰਸੁ ਪੀਤਾ ॥
1700599579,SDO_MGA_1,Bhai Mohinder Singh Ji SDO,00:25:25,2126,24390,Sdo katha. No drink. jhooThaa madhu. mool na peechiee je kaa paar vasai ||,https://s3.us-east-1.amazonaws.com/keerat.xyz/keertan/sdo/yt_mga/036 MGA SDO 1036 smpk 34.m4a,ਝੂਠਾ ਮਦੁ ਮੂਲਿ ਨ ਪੀਚਈ ਜੇ ਕਾ ਪਾਰਿ ਵਸਾਇ ॥
1700599639,SDO_MGA_1,Bhai Mohinder Singh Ji SDO,00:27:15,1377,15952,jin(h) peeaa. se masat bhe hai tooTe ba(n)dhan faahe ||,https://s3.us-east-1.amazonaws.com/keerat.xyz/keertan/sdo/yt_mga/036 MGA SDO 1036 smpk 34.m4a,ਜਿਨੑ ਪੀਆ ਸੇ ਮਸਤ ਭਏ ਹੈ ਤੂਟੇ ਬੰਧਨ ਫਾਹੇ ॥
1700600247,SDO_MGA_1,Bhai Mohinder Singh Ji SDO,00:28:00,5428,59386,Sdo katha. Do ਵਾਹਿਗੁਰੂ ਵਾਹਿਗੁਰੂ. Will get ras one day,https://s3.us-east-1.amazonaws.com/keerat.xyz/keertan/sdo/yt_mga/036 MGA SDO 1036 smpk 34.m4a,ਵਾਹਿਗੁਰੂ ਵਾਹਿਗੁਰੂ ਵਾਹਿਗੁਰੂ ਵਾਹਿ ਜੀਉ ॥
1700600389,SDO_MGA_1,Bhai Mohinder Singh Ji SDO,00:30:45,3728,43268,re mooRe too hochhai ras lapaTaio ||,https://s3.us-east-1.amazonaws.com/keerat.xyz/keertan/sdo/yt_mga/036 MGA SDO 1036 smpk 34.m4a,ਰੇ ਮੂੜੇ ਤੂ ਹੋਛੈ ਰਸਿ ਲਪਟਾਇਓ ॥
1700601475,SDO_MGA_1,Bhai Mohinder Singh Ji SDO,00:00:00,5256,58638,fareedhaa. koThe ma(n)ddap maaReeaa usaaredhe bhee ge ||,https://s3.us-east-1.amazonaws.com/keerat.xyz/keertan/sdo/yt_mga/037 MGA SDO 1037 smpk 35.m4a,ਫਰੀਦਾ ਕੋਠੇ ਮੰਡਪ ਮਾੜੀਆ ਉਸਾਰੇਦੇ ਭੀ ਗਏ ॥
1700601510,SDO_MGA_1,Bhai Mohinder Singh Ji SDO,00:00:40,2176,25013,sachaa saudhaa har naam hai sachaa vaapaaraa raam ||,https://s3.us-east-1.amazonaws.com/keerat.xyz/keertan/sdo/yt_mga/037 MGA SDO 1037 smpk 35.m4a,ਸਚਾ ਸਉਦਾ ਹਰਿ ਨਾਮੁ ਹੈ ਸਚਾ ਵਾਪਾਰਾ ਰਾਮ ॥
1701032516,SDO_MGA_1,Bhai Mohinder Singh Ji SDO,00:01:20,1,3,ਆਦਿ ਸਚੁ ਜੁਗਾਦਿ ਸਚੁ ॥,https://s3.us-east-1.amazonaws.com/keerat.xyz/keertan/sdo/yt_mga/037 MGA SDO 1037 smpk 35.m4a,ਆਦਿ ਸਚੁ ਜੁਗਾਦਿ ਸਚੁ ॥
1701032612,SDO_MGA_1,Bhai Mohinder Singh Ji SDO,00:02:56,,,ਪੀਵਹੁ ਪਾਹੁਲ ਖੰਡੇਧਾਰ ਹੋਇ ਜਨਮ ਸੁਹੇਲਾ ।,https://s3.us-east-1.amazonaws.com/keerat.xyz/keertan/sdo/yt_mga/037 MGA SDO 1037 smpk 35.m4a,
1701032913,SDO_MGA_1,Bhai Mohinder Singh Ji SDO,00:06:40,2478,28130,ਹਰਿ ਹਰਿ ਹਰਿ. ਹਰਿ ਭਗਤਿ ਦ੍ਰਿੜਾਵਹੁ ਹਰਿ ਹਰਿ ਨਾਮੁ ਓੁਮਾਹਾ ਰਾਮ ॥੧॥,https://s3.us-east-1.amazonaws.com/keerat.xyz/keertan/sdo/yt_mga/037 MGA SDO 1037 smpk 35.m4a,ਹਰਿ ਹਰਿ ਸੰਤ ਮਿਲਹੁ ਮੇਰੇ ਭਾਈ ਹਰਿ ਨਾਮੁ ਦ੍ਰਿੜਾਵਹੁ ਇਕ ਕਿਨਕਾ ॥
1701033220,SDO_MGA_1,Bhai Mohinder Singh Ji SDO,00:11:29,3200,36223,sach sahaj anadhu. satiguroo paas sachee gur maneeaa ||,https://s3.us-east-1.amazonaws.com/keerat.xyz/keertan/sdo/yt_mga/037 MGA SDO 1037 smpk 35.m4a,ਸਚੁ ਸਹਜੁ ਅਨਦੁ ਸਤਿਗੁਰੂ ਪਾਸਿ ਸਚੀ ਗੁਰ ਮਣੀਆ ॥
1701033461,SDO_MGA_1,Bhai Mohinder Singh Ji SDO,00:14:49,5428,59386,"ਵਾਹਿਗੁਰੂ ਸਭਿ ਧਿਆਵਹੁ ਆਦਿ ਸਤੇ, ਜੁਗਾਦਿ ਸਤੇ ਪਰਤਖਿ ਸਤੇ, ਸਦਾ ਸਦਾ ਸਤੇ ਜਨੁ ਨਾਨਕੁ. ਦਾਸੁ ਦਸੋਨਾ ॥੫॥",https://s3.us-east-1.amazonaws.com/keerat.xyz/keertan/sdo/yt_mga/037 MGA SDO 1037 smpk 35.m4a,ਵਾਹਿਗੁਰੂ ਵਾਹਿਗੁਰੂ ਵਾਹਿਗੁਰੂ ਵਾਹਿ ਜੀਉ ॥
1701033556,SDO_MGA_1,Bhai Mohinder Singh Ji SDO,00:16:02,,,naam rahio. saadhoo rahio rahio gur gobi(n)dh ||,https://s3.us-east-1.amazonaws.com/keerat.xyz/keertan/sdo/yt_mga/037 MGA SDO 1037 smpk 35.m4a,
1701033936,SDO_MGA_1,Bhai Mohinder Singh Ji SDO,00:20:37,205,3314,kooR nikhuTe naanakaa oRak sach rahee ||2||,https://s3.us-east-1.amazonaws.com/keerat.xyz/keertan/sdo/yt_mga/037 MGA SDO 1037 smpk 35.m4a,ਦੀਦਾਰੁ ਪੂਰੇ ਪਾਇਸਾ ਥਾਉ ਨਾਹੀ ਖਾਇਕਾ ॥੨॥
1701107195,SDO_MGA_1,Bhai Mohinder Singh Ji SDO,00:22:29,,,SDO KATHA. Kaho piyoo ,https://s3.us-east-1.amazonaws.com/keerat.xyz/keertan/sdo/yt_mga/037 MGA SDO 1037 smpk 35.m4a,
1701107274,SDO_MGA_1,Bhai Mohinder Singh Ji SDO,00:24:55,,,SDO KATHA Computer CHITAR Gupat,https://s3.us-east-1.amazonaws.com/keerat.xyz/keertan/sdo/yt_mga/037 MGA SDO 1037 smpk 35.m4a,
1701107651,SDO_MGA_1,Bhai Mohinder Singh Ji SDO,00:35:10,3178,36098,jan naanaka. sach araadhiaa gurmukh sukh paiee ||5||,https://s3.us-east-1.amazonaws.com/keerat.xyz/keertan/sdo/yt_mga/037 MGA SDO 1037 smpk 35.m4a,ਜਨ ਨਾਨਕ ਸਚੁ ਅਰਾਧਿਆ ਗੁਰਮੁਖਿ ਸੁਖੁ ਪਾਈ ॥੫॥
1701116705,SDO_MGA_1,Bhai Mohinder Singh Ji SDO,00:35:41,,,SDO KATHA. DHAN JAPJI SAHIB,https://s3.us-east-1.amazonaws.com/keerat.xyz/keertan/sdo/yt_mga/037 MGA SDO 1037 smpk 35.m4a,
1701117363,SDO_MGA_1,Bhai Mohinder Singh Ji SDO,00:39:32,2638,29894,har ke naam bin jhooThe sagal paasaare ||1|| rahaau ||,https://s3.us-east-1.amazonaws.com/keerat.xyz/keertan/sdo/yt_mga/037 MGA SDO 1037 smpk 35.m4a,ਹਰਿ ਕੇ ਨਾਮ ਬਿਨੁ ਝੂਠੇ ਸਗਲ ਪਾਸਾਰੇ ॥੧॥ ਰਹਾਉ ॥
1701117593,SDO_MGA_1,Bhai Mohinder Singh Ji SDO,00:43:00,7426,75149,"ਕੋਊ, ਬੁਤਾਨ ਕੋ ਪੂਜਤ ਹੈ ਪਸੁ ਕੋਊ, ਮ੍ਰਿਤਾਨ ਕੋ ਪੂਜਨ ਧਾਇਓ ॥",https://s3.us-east-1.amazonaws.com/keerat.xyz/keertan/sdo/yt_mga/037 MGA SDO 1037 smpk 35.m4a,ਕੋਊ ਬੁਤਾਨ ਕੋ ਪੂਜਤ ਹੈ ਪਸੁ ਕੋਊ ਮ੍ਰਿਤਾਨ ਕੋ ਪੂਜਨ ਧਾਇਓ ॥
1701117787,SDO_MGA_1,Bhai Mohinder Singh Ji SDO,00:43:43,656,8967,ਏਕ ਨਾਮ ਕੋ. ਥੀਓ ਪੂਜਾਰੀ ਮੋ ਕਉ ਅਚਰਜੁ ਗੁਰਹਿ ਦਿਖਾਇਓ ॥੧॥,https://s3.us-east-1.amazonaws.com/keerat.xyz/keertan/sdo/yt_mga/037 MGA SDO 1037 smpk 35.m4a,ਏਕ ਨਾਮ ਕੋ ਥੀਓ ਪੂਜਾਰੀ ਮੋ ਕਉ ਅਚਰਜੁ ਗੁਰਹਿ ਦਿਖਾਇਓ ॥੧॥
1701117948,SDO_MGA_1,Bhai Mohinder Singh Ji SDO,00:45:08,93,1196,pu(n)n dhaana. jap tap jete sabh uoopar naam || ਹਰਿ ਹਰਿ ਰਸਨਾ ਜੋ ਜਪੈ ਤਿਸੁ ਪੂਰਨ ਕਾਮੁ  ,https://s3.us-east-1.amazonaws.com/keerat.xyz/keertan/sdo/yt_mga/037 MGA SDO 1037 smpk 35.m4a,ਅੰਦਰੁ ਰਚੈ ਹਰਿ ਸਚ ਸਿਉ ਰਸਨਾ ਹਰਿ ਗੁਣ ਗਾਇ ॥੧॥
1701118034,SDO_MGA_1,Bhai Mohinder Singh Ji SDO,00:00:00,749,10642,mil mere preetamaa jeeau tudh bin kharee nimaanee ||,https://s3.us-east-1.amazonaws.com/keerat.xyz/keertan/sdo/yt_mga/038 MGA SDO 1038 smpk 36.m4a,ਮਿਲੁ ਮੇਰੇ ਪ੍ਰੀਤਮਾ ਜੀਉ ਤੁਧੁ ਬਿਨੁ ਖਰੀ ਨਿਮਾਣੀ ॥
1701118399,SDO_MGA_1,Bhai Mohinder Singh Ji SDO,00:10:13,,,"hau bhiee uddeenee. ka(n)t kau, a(n)maalee so piru. kadh nainee dhekhaa ||",https://s3.us-east-1.amazonaws.com/keerat.xyz/keertan/sdo/yt_mga/038 MGA SDO 1038 smpk 36.m4a,
1701119081,SDO_MGA_1,Bhai Mohinder Singh Ji SDO,00:28:05,2158,24655,mai man vaddee aas hare kiau kar har dharasan paavaa ||,https://s3.us-east-1.amazonaws.com/keerat.xyz/keertan/sdo/yt_mga/038 MGA SDO 1038 smpk 36.m4a,ਮੈ ਮਨਿ ਵਡੀ ਆਸ ਹਰੇ ਕਿਉ ਕਰਿ ਹਰਿ ਦਰਸਨੁ ਪਾਵਾ ॥
1701119428,SDO_MGA_1,Bhai Mohinder Singh Ji SDO,00:45:10,186,3094,Anand sahib ਅਨੰਦੁ ਭਇਆ ਮੇਰੀ ਮਾਏ ਸਤਿਗੁਰੂ. ਮੈ ਪਾਇਆ ॥,https://s3.us-east-1.amazonaws.com/keerat.xyz/keertan/sdo/yt_mga/038 MGA SDO 1038 smpk 36.m4a,ਕਰਿ ਸੇਵਹੁ ਪੂਰਾ ਸਤਿਗੁਰੂ ਵਣਜਾਰਿਆ ਮਿਤ੍ਰਾ ਸਭ ਚਲੀ ਰੈਣਿ ਵਿਹਾਦੀ ॥
1701119470,SDO_MGA_1,Bhai Mohinder Singh Ji SDO,00:00:00,2776,31040,aai mil gursikha. aai mil too mere guroo ke piaare || rahaau ||,https://s3.us-east-1.amazonaws.com/keerat.xyz/keertan/sdo/yt_mga/039 MGA SDO 1039 smpk 37.m4a,ਆਇ ਮਿਲੁ ਗੁਰਸਿਖ ਆਇ ਮਿਲੁ ਤੂ ਮੇਰੇ ਗੁਰੂ ਕੇ ਪਿਆਰੇ ॥ ਰਹਾਉ ॥
1701201116,SDO_MGA_1,Bhai Mohinder Singh Ji SDO,00:08:46,2883,32567,hau aaiaa. dhoorahu chal kai mai takee. tau saranai jeeau ||,https://s3.us-east-1.amazonaws.com/keerat.xyz/keertan/sdo/yt_mga/039 MGA SDO 1039 smpk 37.m4a,ਹਉ ਆਇਆ ਦੂਰਹੁ ਚਲਿ ਕੈ ਮੈ ਤਕੀ ਤਉ ਸਰਣਾਇ ਜੀਉ ॥
1701201399,SDO_MGA_1,Bhai Mohinder Singh Ji SDO,00:14:50,43,452,ਮੇਰਾ ਮਨੁ ਸਾਧ ਜਨਾਂ ਮਿਲਿ ਹਰਿਆ ॥,https://s3.us-east-1.amazonaws.com/keerat.xyz/keertan/sdo/yt_mga/039 MGA SDO 1039 smpk 37.m4a,ਗੁਰਮਤਿ ਨਾਮੁ ਮੇਰਾ ਪ੍ਰਾਨ ਸਖਾਈ ਹਰਿ ਕੀਰਤਿ ਹਮਰੀ ਰਹਰਾਸਿ ॥੧॥ ਰਹਾਉ ॥
1701201474,SDO_MGA_1,Bhai Mohinder Singh Ji SDO,00:16:20,,,Not SDO,https://s3.us-east-1.amazonaws.com/keerat.xyz/keertan/sdo/yt_mga/039 MGA SDO 1039 smpk 37.m4a,
1701201598,SDO_MGA_1,Bhai Mohinder Singh Ji SDO,00:00:00,1555,18336,har har rasanaa jo japai tis pooran kaam ||3||,https://s3.us-east-1.amazonaws.com/keerat.xyz/keertan/sdo/yt_mga/040 MGA SDO 1040 smpk 38.m4a,ਹਰਿ ਹਰਿ ਰਸਨਾ ਜੋ ਜਪੈ ਤਿਸੁ ਪੂਰਨ ਕਾਮੁ ॥੩॥
1701201664,SDO_MGA_1,Bhai Mohinder Singh Ji SDO,00:01:06,2638,29894,har ke naam bin jhooThe sagal paasaare ||1|| rahaau ||,https://s3.us-east-1.amazonaws.com/keerat.xyz/keertan/sdo/yt_mga/040 MGA SDO 1040 smpk 38.m4a,ਹਰਿ ਕੇ ਨਾਮ ਬਿਨੁ ਝੂਠੇ ਸਗਲ ਪਾਸਾਰੇ ॥੧॥ ਰਹਾਉ ॥
1701201795,SDO_MGA_1,Bhai Mohinder Singh Ji SDO,00:02:00,,,Sdo katha. Naam shower. Bhai gurdas ji pump,https://s3.us-east-1.amazonaws.com/keerat.xyz/keertan/sdo/yt_mga/040 MGA SDO 1040 smpk 38.m4a,
1701201858,SDO_MGA_1,Bhai Mohinder Singh Ji SDO,00:03:40,1122,13731,gur satigur kaa jo sikh akhaae su bhalake uThi. har naam dhiaavai ||,https://s3.us-east-1.amazonaws.com/keerat.xyz/keertan/sdo/yt_mga/040 MGA SDO 1040 smpk 38.m4a,ਹਉਮੈ ਮੈਲੁ ਬਿਖੁ ਉਤਰੈ ਹਰਿ ਅੰਮ੍ਰਿਤੁ ਹਰਿ ਉਰ ਧਾਰਿ ॥
1701202588,SDO_MGA_1,Bhai Mohinder Singh Ji SDO,00:05:05,1209,14298,JUTTT. naanak kau. gur bakhasiaa naamai sa(n)g juT ||29||,https://s3.us-east-1.amazonaws.com/keerat.xyz/keertan/sdo/yt_mga/040 MGA SDO 1040 smpk 38.m4a,ਨਾਨਕ ਕਉ ਗੁਰਿ ਬਖਸਿਆ ਨਾਮੈ ਸੰਗਿ ਜੁਟੁ ॥੨੯॥
1701296231,SDO_MGA_1,Bhai Mohinder Singh Ji SDO,00:08:20,,,Sdo katha. Only naam. No sewa,https://s3.us-east-1.amazonaws.com/keerat.xyz/keertan/sdo/yt_mga/040 MGA SDO 1040 smpk 38.m4a,
1701296335,SDO_MGA_1,Bhai Mohinder Singh Ji SDO,00:11:25,,,This whole thing is har ke naam bin arti katha,https://s3.us-east-1.amazonaws.com/keerat.xyz/keertan/sdo/yt_mga/040 MGA SDO 1040 smpk 38.m4a,
1701296498,SDO_MGA_1,Bhai Mohinder Singh Ji SDO,00:12:52,42,430,ਇਕੁ ਤਿਲੁ. ਨਹੀ ਵਿਸਰੈ ਪ੍ਰਾਨ ਆਧਾਰਾ ਜਪਿ ਜਪਿ ਨਾਨਕ. ਜੀਵਤੇ ॥੩॥,https://s3.us-east-1.amazonaws.com/keerat.xyz/keertan/sdo/yt_mga/040 MGA SDO 1040 smpk 38.m4a,ਆਖਾ ਜੀਵਾ ਵਿਸਰੈ ਮਰਿ ਜਾਉ ॥
1701296700,SDO_MGA_1,Bhai Mohinder Singh Ji SDO,00:16:15,45,475,ਹਰਿ ਬਿਨੁ. ਸਭੁ ਕਿਛੁ ਮੈਲਾ. ਸੰਤਹੁ ਕਿਆ ਹਉ ਪੂਜ ਚੜਾਈ ॥੨॥,https://s3.us-east-1.amazonaws.com/keerat.xyz/keertan/sdo/yt_mga/040 MGA SDO 1040 smpk 38.m4a,ਹਰਿ ਧਿਆਵਹੁ ਸੰਤਹੁ ਜੀ ਸਭਿ ਦੂਖ ਵਿਸਾਰਣਹਾਰਾ ॥
1701296961,SDO_MGA_1,Bhai Mohinder Singh Ji SDO,00:22:00,89,1119,ਹਰਿ ਕੀ ਟਹਲ ਕਮਾਵਣੀ ਜਪੀਐ ਪ੍ਰਭ ਕਾ ਨਾਮੁ ॥,https://s3.us-east-1.amazonaws.com/keerat.xyz/keertan/sdo/yt_mga/040 MGA SDO 1040 smpk 38.m4a,ਗੁਰਮੁਖਿ ਕਾਰ ਕਮਾਵਣੀ ਸਚੁ ਘਟਿ ਪਰਗਟੁ ਹੋਇ ॥
1701297158,SDO_MGA_1,Bhai Mohinder Singh Ji SDO,00:23:14,1579,18560,alakh lakhaiaa. gur te paiaa naanaka. ih har kaa chol(h)aa ||3||5||145||,https://s3.us-east-1.amazonaws.com/keerat.xyz/keertan/sdo/yt_mga/040 MGA SDO 1040 smpk 38.m4a,ਅਲਖੁ ਲਖਾਇਆ ਗੁਰ ਤੇ ਪਾਇਆ ਨਾਨਕ ਇਹੁ ਹਰਿ ਕਾ ਚੋਲੑਾ ॥੩॥੫॥੧੪੫॥
1701297234,SDO_MGA_1,Bhai Mohinder Singh Ji SDO,00:24:34,5428,59386,ਵਾਹਿਗੁਰੂ ਵਾਹਿਗੁਰੂ japho praniyoo ,https://s3.us-east-1.amazonaws.com/keerat.xyz/keertan/sdo/yt_mga/040 MGA SDO 1040 smpk 38.m4a,ਵਾਹਿਗੁਰੂ ਵਾਹਿਗੁਰੂ ਵਾਹਿਗੁਰੂ ਵਾਹਿ ਜੀਉ ॥
1701298526,SDO_MGA_1,Bhai Mohinder Singh Ji SDO,00:28:23,3178,36098,jan naanaka. sach araadhiaa gurmukh sukh paiee ||5||,https://s3.us-east-1.amazonaws.com/keerat.xyz/keertan/sdo/yt_mga/040 MGA SDO 1040 smpk 38.m4a,ਜਨ ਨਾਨਕ ਸਚੁ ਅਰਾਧਿਆ ਗੁਰਮੁਖਿ ਸੁਖੁ ਪਾਈ ॥੫॥
1701547186,random,Bhai Harpreet Singh Ji Toronto,00:01:00,4811,56275,"hau tumaree karau, nit aas prabh mohi. kab gal laavahige ||1|| rahaau ||",https://akj.media/Media/Keertan/Vancouver/2020/011_Vancouver_Aug2020_SatE_RSK_BhaiHarpreetSinghJeeToronto.mp3,ਹਮਰੀ ਮਤਿ ਵਸਗਤਿ ਪ੍ਰਭ ਤੁਮਰੈ ਜਨ ਨਾਨਕ ਕੇ ਪ੍ਰਭ ਸਮਰਥੇ ॥੪॥੩॥
1701548124,random,Bhai Harpreet Singh Ji Toronto,00:16:34,4573,54238,prabh mere preetam praan piaare ||,https://akj.media/Media/Keertan/Vancouver/2020/011_Vancouver_Aug2020_SatE_RSK_BhaiHarpreetSinghJeeToronto.mp3,ਪ੍ਰਭ ਮੇਰੇ ਪ੍ਰੀਤਮ ਪ੍ਰਾਨ ਪਿਆਰੇ ॥
1701548442,random,Bhai Harpreet Singh Ji Toronto,00:25:05,4573,54240,simarau charan tuhaare preetam ridhai tuhaaree aasaa ||,https://akj.media/Media/Keertan/Vancouver/2020/011_Vancouver_Aug2020_SatE_RSK_BhaiHarpreetSinghJeeToronto.mp3,ਸਿਮਰਉ ਚਰਨ ਤੁਹਾਰੇ ਪ੍ਰੀਤਮ ਰਿਦੈ ਤੁਹਾਰੀ ਆਸਾ ॥
1701548970,random,Bhai Harpreet Singh Ji Toronto,00:32:00,2158,24673,gun gaavaa. nit nit sadh har ke man jeevai naam sun teraa ||,https://akj.media/Media/Keertan/Vancouver/2020/011_Vancouver_Aug2020_SatE_RSK_BhaiHarpreetSinghJeeToronto.mp3,ਗੁਣ ਗਾਵਾ ਨਿਤ ਨਿਤ ਸਦ ਹਰਿ ਕੇ ਮਨੁ ਜੀਵੈ ਨਾਮੁ ਸੁਣਿ ਤੇਰਾ ॥
1701660855,SDO_MGA_1,Bhai Mohinder Singh Ji SDO,00:29:07,3489,40726,ਕੂੜ ਨਿਖੁਟੇ ਨਾਨਕਾ ਓੜਕਿ ਸਚਿ ਰਹੀ ॥੨॥,https://s3.us-east-1.amazonaws.com/keerat.xyz/keertan/sdo/yt_mga/040 MGA SDO 1040 smpk 38.m4a,ਕੂੜ ਨਿਖੁਟੇ ਨਾਨਕਾ ਓੜਕਿ ਸਚਿ ਰਹੀ ॥੨॥
1701660901,SDO_MGA_1,Bhai Mohinder Singh Ji SDO,00:30:19,4184,50483,tum(h) saach dhiaavahu mugadh manaa ||,https://s3.us-east-1.amazonaws.com/keerat.xyz/keertan/sdo/yt_mga/040 MGA SDO 1040 smpk 38.m4a,ਤੁਮੑ ਸਾਚੁ ਧਿਆਵਹੁ ਮੁਗਧ ਮਨਾ ॥
1701661103,SDO_MGA_1,Bhai Mohinder Singh Ji SDO,00:33:00,5310,58767,fareedhaa. rut firee van ka(n)biaa pat jhaRe jhaR paeh ||,https://s3.us-east-1.amazonaws.com/keerat.xyz/keertan/sdo/yt_mga/040 MGA SDO 1040 smpk 38.m4a,ਫਰੀਦਾ ਰੁਤਿ ਫਿਰੀ ਵਣੁ ਕੰਬਿਆ ਪਤ ਝੜੇ ਝੜਿ ਪਾਹਿ ॥
1701661491,SDO_MGA_1,Bhai Mohinder Singh Ji SDO,00:38:00,96,1240,ਏ ਸਰੀਰਾ ਮੇਰਿਆ. ਇਸੁ ਜਗ ਮਹਿ ਆਇ ਕੈ ਕਿਆ ਤੁਧੁ ਕਰਮ ਕਮਾਇਆ ॥ ਕਿ ਕਰਮ ਕਮਾਇਆ. ਤੁਧੁ ਸਰੀਰਾ ਜਾ ਤੂ. ਜਗ ਮਹਿ ਆਇਆ ॥ ਜਿਨਿ ਹਰਿ ਤੇਰਾ ਰਚਨੁ ਰਚਿਆ ਸੋ ਹਰਿ ਮਨਿ. ਨ ਵਸਾਇਆ ॥ ਗੁਰ ਪਰਸਾਦੀ ਹਰਿ ਮੰਨਿ ਵਸਿਆ ਪੂਰਬਿ ਲਿਖਿਆ ਪਾਇਆ ॥ ਕਹੈ ਨਾਨਕੁ. ਏਹੁ ਸਰੀਰੁ ਪਰਵਾਣੁ ਹੋਆ ਜਿਨਿ ਸਤਿਗੁਰ ਸਿਉ ਚਿਤੁ ਲਾਇਆ ॥੩੫॥,https://s3.us-east-1.amazonaws.com/keerat.xyz/keertan/sdo/yt_mga/040 MGA SDO 1040 smpk 38.m4a,ਗੁਰ ਪਰਸਾਦੀ ਮਨਿ ਵਸੈ ਹਉਮੈ ਦੂਰਿ ਕਰੇਇ ॥
1701661611,SDO_MGA_1,Bhai Mohinder Singh Ji SDO,00:00:20,506,7074,raam hama. satigur paarabraham kar maane ||,https://s3.us-east-1.amazonaws.com/keerat.xyz/keertan/sdo/yt_mga/041 MGA SDO 1041 smpk 39.m4a,ਰਾਮ ਹਮ ਸਤਿਗੁਰ ਪਾਰਬ੍ਰਹਮ ਕਰਿ ਮਾਨੇ ॥
1701713983,SDO_MGA_1,Bhai Mohinder Singh Ji SDO,00:02:00,4270,51727,ਬਚਨੁ ਗੁਰੂ ਜੋ ਪੂਰੈ ਕਹਿਓ ਮੈ ਛੀਕਿ ਗਾਂਠਰੀ ਬਾਧਾ ॥੧॥ ਰਹਾਉ ॥,https://s3.us-east-1.amazonaws.com/keerat.xyz/keertan/sdo/yt_mga/041 MGA SDO 1041 smpk 39.m4a,ਬਚਨੁ ਗੁਰੂ ਜੋ ਪੂਰੈ ਕਹਿਓ ਮੈ ਛੀਕਿ ਗਾਂਠਰੀ ਬਾਧਾ ॥੧॥ ਰਹਾਉ ॥
1701714008,SDO_MGA_1,Bhai Mohinder Singh Ji SDO,00:03:00,,,naam rahio. saadhoo rahio rahio gur gobi(n)dh ||,https://s3.us-east-1.amazonaws.com/keerat.xyz/keertan/sdo/yt_mga/041 MGA SDO 1041 smpk 39.m4a,
1701714147,SDO_MGA_1,Bhai Mohinder Singh Ji SDO,00:04:05,38,375,ਐਸਾ ਅੰਮ੍ਰਿਤੁ ਅੰਤਰਿ ਡੀਠਾ ॥ SDO KATHA. No naam we do now ,https://s3.us-east-1.amazonaws.com/keerat.xyz/keertan/sdo/yt_mga/041 MGA SDO 1041 smpk 39.m4a,ਭਾਂਡਾ ਭਾਉ ਅੰਮ੍ਰਿਤੁ ਤਿਤੁ ਢਾਲਿ ॥
1701714469,SDO_MGA_1,Bhai Mohinder Singh Ji SDO,00:05:50,,,man re. thir rahu mat kat jaahee jeeau ||,https://s3.us-east-1.amazonaws.com/keerat.xyz/keertan/sdo/yt_mga/041 MGA SDO 1041 smpk 39.m4a,
1701715077,SDO_MGA_1,Bhai Mohinder Singh Ji SDO,00:18:40,1462,17222,aan rasaa sabh hochhe re ||1|| rahaau ||,https://s3.us-east-1.amazonaws.com/keerat.xyz/keertan/sdo/yt_mga/041 MGA SDO 1041 smpk 39.m4a,ਆਨ ਰਸਾ ਸਭਿ ਹੋਛੇ ਰੇ ॥੧॥ ਰਹਾਉ ॥
1701806682,SDO_MGA_1,Bhai Mohinder Singh Ji SDO,00:21:24,506,7076,ਜਿਤਨੇ ਰਸ ਅਨ ਰਸ. ਹਮ ਦੇਖੇ ਸਭ ਤਿਤਨੇ ਫੀਕ ਫੀਕਾਨੇ ॥,https://s3.us-east-1.amazonaws.com/keerat.xyz/keertan/sdo/yt_mga/041 MGA SDO 1041 smpk 39.m4a,ਜਿਤਨੇ ਰਸ ਅਨ ਰਸ ਹਮ ਦੇਖੇ ਸਭ ਤਿਤਨੇ ਫੀਕ ਫੀਕਾਨੇ ॥
1701806966,SDO_MGA_1,Bhai Mohinder Singh Ji SDO,00:25:10,595,8309,aucharahu raam naam lakh baaree ||,https://s3.us-east-1.amazonaws.com/keerat.xyz/keertan/sdo/yt_mga/041 MGA SDO 1041 smpk 39.m4a,ਉਚਰਹੁ ਰਾਮ ਨਾਮੁ ਲਖ ਬਾਰੀ ॥
1701807012,SDO_MGA_1,Bhai Mohinder Singh Ji SDO,00:26:30,4146,49825,sura(n)g ra(n)geele har har dhiaai ||1|| rahaau ||,https://s3.us-east-1.amazonaws.com/keerat.xyz/keertan/sdo/yt_mga/041 MGA SDO 1041 smpk 39.m4a,ਸੁਰੰਗ ਰੰਗੀਲੇ ਹਰਿ ਹਰਿ ਧਿਆਇ ॥੧॥ ਰਹਾਉ ॥
1701807939,SDO_MGA_1,Bhai Mohinder Singh Ji SDO,00:34:22,,,paatisaahaa(n) dhee majalasai piram piaalaa peevan bhaaree |,https://s3.us-east-1.amazonaws.com/keerat.xyz/keertan/sdo/yt_mga/041 MGA SDO 1041 smpk 39.m4a,
1701808201,SDO_MGA_1,Bhai Mohinder Singh Ji SDO,00:39:30,205,3313,jete ras sareer ke tete lageh dhukh ||2||,https://s3.us-east-1.amazonaws.com/keerat.xyz/keertan/sdo/yt_mga/041 MGA SDO 1041 smpk 39.m4a,ਸਿਦਕੁ ਸਬੂਰੀ ਸਾਦਿਕਾ ਸਬਰੁ ਤੋਸਾ ਮਲਾਇਕਾਂ ॥
1701808276,SDO_MGA_1,Bhai Mohinder Singh Ji SDO,00:40:34,40615,205016,"akhee vekh na rajeeaa, bahu ra(n)g tamaase |",https://s3.us-east-1.amazonaws.com/keerat.xyz/keertan/sdo/yt_mga/041 MGA SDO 1041 smpk 39.m4a,ਅਖੀ ਵੇਖਿ ਨ ਰਜੀਆ ਬਹੁ ਰੰਗ ਤਮਾਸੇ।
1701808568,SDO_MGA_1,Bhai Mohinder Singh Ji SDO,00:00:00,,,ਦੇਖਿ ਪਰਾਈਆਂ ਚੰਗੀਆਂ ਮਾਵਾਂ ਭੈਣਾਂ ਧੀਆਂ ਜਾਣੈ ।,https://s3.us-east-1.amazonaws.com/keerat.xyz/keertan/sdo/yt_mga/042 MGA SDO 1042 smpk 40.m4a,
1701808598,SDO_MGA_1,Bhai Mohinder Singh Ji SDO,00:01:00,205,3313,roopee bhukha. na utarai jaa(n) dhekhaa(n) taa(n) bhukh ||,https://s3.us-east-1.amazonaws.com/keerat.xyz/keertan/sdo/yt_mga/042 MGA SDO 1042 smpk 40.m4a,ਸਿਦਕੁ ਸਬੂਰੀ ਸਾਦਿਕਾ ਸਬਰੁ ਤੋਸਾ ਮਲਾਇਕਾਂ ॥
1701808618,SDO_MGA_1,Bhai Mohinder Singh Ji SDO,00:01:05,,,lakh kaaman lakh kaavaroo lakh kaamaniaaree |,https://s3.us-east-1.amazonaws.com/keerat.xyz/keertan/sdo/yt_mga/042 MGA SDO 1042 smpk 40.m4a,
1701808731,SDO_MGA_1,Bhai Mohinder Singh Ji SDO,00:02:31,,,Sdo katha. SINGHS good characters. Mughal account ,https://s3.us-east-1.amazonaws.com/keerat.xyz/keertan/sdo/yt_mga/042 MGA SDO 1042 smpk 40.m4a,
1701877421,SDO_MGA_1,Bhai Mohinder Singh Ji SDO,00:08:26,57,645,Gaal to mother  maa ਜਿਨ ਹਰਿ ਹਿਰਦੈ ਨਾਮੁ. ਨ ਬਸਿਓ ਤਿਨ ਮਾਤ ਕੀਜੈ ਹਰਿ. ਬਾਂਝਾ ॥,https://s3.us-east-1.amazonaws.com/keerat.xyz/keertan/sdo/yt_mga/042 MGA SDO 1042 smpk 40.m4a,ਤਿਨ ਮਤਿ ਤਿਨ ਪਤਿ ਤਿਨ ਧਨੁ ਪਲੈ ਜਿਨ ਹਿਰਦੈ ਰਹਿਆ ਸਮਾਇ ॥
1701877542,SDO_MGA_1,Bhai Mohinder Singh Ji SDO,00:09:47,506,7076,jitane ras an rasa. ham dhekhe sabh titane feek feekaane ||,https://s3.us-east-1.amazonaws.com/keerat.xyz/keertan/sdo/yt_mga/042 MGA SDO 1042 smpk 40.m4a,ਜਿਤਨੇ ਰਸ ਅਨ ਰਸ ਹਮ ਦੇਖੇ ਸਭ ਤਿਤਨੇ ਫੀਕ ਫੀਕਾਨੇ ॥
1701877626,SDO_MGA_1,Bhai Mohinder Singh Ji SDO,00:11:13,1462,17221,har ras peevai alamasat matavaaraa ||,https://s3.us-east-1.amazonaws.com/keerat.xyz/keertan/sdo/yt_mga/042 MGA SDO 1042 smpk 40.m4a,ਹਰਿ ਰਸੁ ਪੀਵੈ ਅਲਮਸਤੁ ਮਤਵਾਰਾ ॥
1701877719,SDO_MGA_1,Bhai Mohinder Singh Ji SDO,00:12:07,1230,14430,a(n)mrit naam nidhaan hai mil peevahu bhaiee ||,https://s3.us-east-1.amazonaws.com/keerat.xyz/keertan/sdo/yt_mga/042 MGA SDO 1042 smpk 40.m4a,ਅੰਮ੍ਰਿਤੁ ਨਾਮੁ ਨਿਧਾਨੁ ਹੈ ਮਿਲਿ ਪੀਵਹੁ ਭਾਈ ॥
1701877883,SDO_MGA_1,Bhai Mohinder Singh Ji SDO,00:16:55,4816,56328,"giaan dhiaan maan dhaan man rasika, rasan naam japat teh paap kha(n)ddalee ||1||",https://s3.us-east-1.amazonaws.com/keerat.xyz/keertan/sdo/yt_mga/042 MGA SDO 1042 smpk 40.m4a,ਸਫਲ ਸਫਲ ਸਫਲ ਦਰਸੁ ਰੇ ਪਰਸਿ ਪਰਸਿ ਗੁਨ ਗਾਈਐ ॥
1701878103,SDO_MGA_1,Bhai Mohinder Singh Ji SDO,00:21:26,,,SDO KATHA. Naam khandali of paap,https://s3.us-east-1.amazonaws.com/keerat.xyz/keertan/sdo/yt_mga/042 MGA SDO 1042 smpk 40.m4a,
1701878263,SDO_MGA_1,Bhai Mohinder Singh Ji SDO,00:24:00,5428,59386,ਵਾਹਿਗੁਰੂ ਵਾਹਿਗੁਰੂ japho praniyo. So much confidence,https://s3.us-east-1.amazonaws.com/keerat.xyz/keertan/sdo/yt_mga/042 MGA SDO 1042 smpk 40.m4a,ਵਾਹਿਗੁਰੂ ਵਾਹਿਗੁਰੂ ਵਾਹਿਗੁਰੂ ਵਾਹਿ ਜੀਉ ॥
1701878698,SDO_MGA_1,Bhai Mohinder Singh Ji SDO,00:29:26,218,3376,ਰਾਜ ਲੀਲਾ ਤੇਰੈ ਨਾਮਿ ਬਨਾਈ ॥ ਜੋਗੁ ਬਨਿਆ ਤੇਰਾ ਕੀਰਤਨੁ ਗਾਈ ॥੧॥,https://s3.us-east-1.amazonaws.com/keerat.xyz/keertan/sdo/yt_mga/042 MGA SDO 1042 smpk 40.m4a,ਹਰਿ ਕੀ ਵਡਿਆਈ ਵਡੀ ਹੈ ਹਰਿ ਕੀਰਤਨੁ ਹਰਿ ਕਾ ॥
1701879139,SDO_MGA_1,Bhai Mohinder Singh Ji SDO,00:00:00,2905,33125,too Thaakuro bairaagaro mai jehee ghan cheree raam ||,https://s3.us-east-1.amazonaws.com/keerat.xyz/keertan/sdo/yt_mga/043 MGA SDO 1043 smpk 41.m4a,ਤੂ ਠਾਕੁਰੋ ਬੈਰਾਗਰੋ ਮੈ ਜੇਹੀ ਘਣ ਚੇਰੀ ਰਾਮ ॥
1701879816,SDO_MGA_1,Bhai Mohinder Singh Ji SDO,00:10:08,1721,21093,teraa a(n)tu. na jaiee lakhiaa ||1|| rahaau ||,https://s3.us-east-1.amazonaws.com/keerat.xyz/keertan/sdo/yt_mga/043 MGA SDO 1043 smpk 41.m4a,ਤੇਰਾ ਅੰਤੁ ਨ ਜਾਈ ਲਖਿਆ ॥੧॥ ਰਹਾਉ ॥
1701880119,SDO_MGA_1,Bhai Mohinder Singh Ji SDO,00:13:10,494,6915,aaisaa meraa raam rahiaa bharapoor ||,https://s3.us-east-1.amazonaws.com/keerat.xyz/keertan/sdo/yt_mga/043 MGA SDO 1043 smpk 41.m4a,ਐਸਾ ਮੇਰਾ ਰਾਮੁ ਰਹਿਆ ਭਰਪੂਰਿ ॥
1701906738,SDO_MGA_1,Bhai Mohinder Singh Ji SDO,00:15:50,40,388,so dhar teraa kehaa. so ghar kehaa jit beh sarab sam(h)aale ||,https://s3.us-east-1.amazonaws.com/keerat.xyz/keertan/sdo/yt_mga/043 MGA SDO 1043 smpk 41.m4a,ਸੋ ਦਰੁ ਤੇਰਾ ਕੇਹਾ ਸੋ ਘਰੁ ਕੇਹਾ ਜਿਤੁ ਬਹਿ ਸਰਬ ਸਮਾਲੇ ॥
1701906900,SDO_MGA_1,Bhai Mohinder Singh Ji SDO,00:18:00,,,Rest of Rehrass,https://s3.us-east-1.amazonaws.com/keerat.xyz/keertan/sdo/yt_mga/043 MGA SDO 1043 smpk 41.m4a,
1701906976,SDO_MGA_1,Bhai Mohinder Singh Ji SDO,00:19:20,,,"har ke jana, satigur satapurakhaa binau karau gur paas ||",https://s3.us-east-1.amazonaws.com/keerat.xyz/keertan/sdo/yt_mga/043 MGA SDO 1043 smpk 41.m4a,
1701907095,SDO_MGA_1,Bhai Mohinder Singh Ji SDO,00:21:45,,,mere maadhau jee satasa(n)gat mile. su tariaa ||,https://s3.us-east-1.amazonaws.com/keerat.xyz/keertan/sdo/yt_mga/043 MGA SDO 1043 smpk 41.m4a,
1701907262,SDO_MGA_1,Bhai Mohinder Singh Ji SDO,00:22:55,43,452, ਮੇਰਾ ਮਨੁ ਸਾਧ ਜਨਾਂ ਮਿਲਿ ਹਰਿਆ ॥ Dhan guru pyare,https://s3.us-east-1.amazonaws.com/keerat.xyz/keertan/sdo/yt_mga/043 MGA SDO 1043 smpk 41.m4a,ਗੁਰਮਤਿ ਨਾਮੁ ਮੇਰਾ ਪ੍ਰਾਨ ਸਖਾਈ ਹਰਿ ਕੀਰਤਿ ਹਮਰੀ ਰਹਰਾਸਿ ॥੧॥ ਰਹਾਉ ॥
1701907358,SDO_MGA_1,Bhai Mohinder Singh Ji SDO,00:24:52,759,10823,ਗੁਰਦੇਵ ਮਾਤਾ. ਗੁਰਦੇਵ ਪਿਤਾ ਗੁਰਦੇਵ ਸੁਆਮੀ ਪਰਮੇਸੁਰਾ ॥,https://s3.us-east-1.amazonaws.com/keerat.xyz/keertan/sdo/yt_mga/043 MGA SDO 1043 smpk 41.m4a,ਗੁਰਦੇਵ ਮਾਤਾ ਗੁਰਦੇਵ ਪਿਤਾ ਗੁਰਦੇਵ ਸੁਆਮੀ ਪਰਮੇਸੁਰਾ ॥
1701907446,SDO_MGA_1,Bhai Mohinder Singh Ji SDO,00:26:18,94,1220,ਬਿਨੁ ਸੰਗਤੀ. ਸਭਿ ਐਸੇ ਰਹਹਿ ਜੈਸੇ ਪਸੁ ਢੋਰ ॥,https://s3.us-east-1.amazonaws.com/keerat.xyz/keertan/sdo/yt_mga/043 MGA SDO 1043 smpk 41.m4a,ਜਿਨਿ ਕਿਨੈ ਪਾਇਆ ਸਾਧਸੰਗਤੀ ਪੂਰੈ ਭਾਗਿ ਬੈਰਾਗਿ ॥
1701907682,SDO_MGA_1,Bhai Mohinder Singh Ji SDO,00:29:47,,,SDO KATHA. vaReeaai kajal koThaRee muh kaalakh bhareeaai |,https://s3.us-east-1.amazonaws.com/keerat.xyz/keertan/sdo/yt_mga/043 MGA SDO 1043 smpk 41.m4a,
1701907819,SDO_MGA_1,Bhai Mohinder Singh Ji SDO,00:32:20,1629,19524,e mana. rooR(h)e ra(n)gule too(n) sachaa ra(n)g chaRai ||,https://s3.us-east-1.amazonaws.com/keerat.xyz/keertan/sdo/yt_mga/043 MGA SDO 1043 smpk 41.m4a,ਏ ਮਨ ਰੂੜੑੇ ਰੰਗੁਲੇ ਤੂੰ ਸਚਾ ਰੰਗੁ ਚੜਾਇ ॥
1701907942,SDO_MGA_1,Bhai Mohinder Singh Ji SDO,00:33:30,2786,31181,ਤੇਰਾ ਏਕੋ ਨਾਮੁ ਮੰਜੀਠੜਾ ਰਤਾ ਮੇਰਾ ਚੋਲਾ. ਸਦ ਰੰਗ ਢੋਲਾ ॥੧॥ ਰਹਾਉ ॥,https://s3.us-east-1.amazonaws.com/keerat.xyz/keertan/sdo/yt_mga/043 MGA SDO 1043 smpk 41.m4a,ਤੇਰਾ ਏਕੋ ਨਾਮੁ ਮੰਜੀਠੜਾ ਰਤਾ ਮੇਰਾ ਚੋਲਾ ਸਦ ਰੰਗ ਢੋਲਾ ॥੧॥ ਰਹਾਉ ॥
1701907990,SDO_MGA_1,Bhai Mohinder Singh Ji SDO,00:34:19,1,3,ਆਦਿ ਸਚੁ ਜੁਗਾਦਿ ਸਚੁ ॥,https://s3.us-east-1.amazonaws.com/keerat.xyz/keertan/sdo/yt_mga/043 MGA SDO 1043 smpk 41.m4a,ਆਦਿ ਸਚੁ ਜੁਗਾਦਿ ਸਚੁ ॥
1701908205,SDO_MGA_1,Bhai Mohinder Singh Ji SDO,00:40:15,48,529,janam birathaa jaat ra(n)g maiaa kai ||1|| rahaau ||,https://s3.us-east-1.amazonaws.com/keerat.xyz/keertan/sdo/yt_mga/043 MGA SDO 1043 smpk 41.m4a,ਜਨਮੁ ਬ੍ਰਿਥਾ ਜਾਤ ਰੰਗਿ ਮਾਇਆ ਕੈ ॥੧॥ ਰਹਾਉ ॥
1701908516,SDO_MGA_1,Bhai Mohinder Singh Ji SDO,00:44:09,1771,21434,ਨਕਟੀ ਕੋ ਠਨਗਨੁ ਬਾਡਾ ਡੂੰ ॥,https://s3.us-east-1.amazonaws.com/keerat.xyz/keertan/sdo/yt_mga/043 MGA SDO 1043 smpk 41.m4a,ਨਕਟੀ ਕੋ ਠਨਗਨੁ ਬਾਡਾ ਡੂੰ ॥
1701908573,SDO_MGA_1,Bhai Mohinder Singh Ji SDO,00:44:25,4887,57366,ਇਹ ਠਗਵਾਰੀ ਬਹੁਤੁ ਘਰ ਗਾਲੇ ॥,https://s3.us-east-1.amazonaws.com/keerat.xyz/keertan/sdo/yt_mga/043 MGA SDO 1043 smpk 41.m4a,ਇਹ ਠਗਵਾਰੀ ਬਹੁਤੁ ਘਰ ਗਾਲੇ ॥
1701908692,SDO_MGA_1,Bhai Mohinder Singh Ji SDO,00:00:00,42,430,Dont drink ਜਿਤੁ ਪੀਤੈ ਖਸਮੁ ਵਿਸਰੈ ਦਰਗਹ ਮਿਲੈ ਸਜਾਇ ॥,https://s3.us-east-1.amazonaws.com/keerat.xyz/keertan/sdo/yt_mga/044 MGA SDO 1044 smpk 42.m4a,ਆਖਾ ਜੀਵਾ ਵਿਸਰੈ ਮਰਿ ਜਾਉ ॥
1701908766,SDO_MGA_1,Bhai Mohinder Singh Ji SDO,00:01:00,1771,21432,eikat patar bhar urakaT kurakaT ikat patar bhar paanee ||,https://s3.us-east-1.amazonaws.com/keerat.xyz/keertan/sdo/yt_mga/044 MGA SDO 1044 smpk 42.m4a,ਇਕਤੁ ਪਤਰਿ ਭਰਿ ਉਰਕਟ ਕੁਰਕਟ ਇਕਤੁ ਪਤਰਿ ਭਰਿ ਪਾਨੀ ॥
1702513349,SDO_MGA_1,Bhai Mohinder Singh Ji SDO,00:10:00,4138,49685,keh kabeera. jis udhar tis maiaa ||,https://s3.us-east-1.amazonaws.com/keerat.xyz/keertan/sdo/yt_mga/044 MGA SDO 1044 smpk 42.m4a,ਕਹਿ ਕਬੀਰ ਜਿਸੁ ਉਦਰੁ ਤਿਸੁ ਮਾਇਆ ॥
1702513420,SDO_MGA_1,Bhai Mohinder Singh Ji SDO,00:12:48,12794,140035,Rehrass. hamaree karo haath dhai ra'chhaa ||,https://s3.us-east-1.amazonaws.com/keerat.xyz/keertan/sdo/yt_mga/044 MGA SDO 1044 smpk 42.m4a,ਹਮਰੀ ਕਰੋ ਹਾਥ ਦੈ ਰੱਛਾ ॥
1702513728,SDO_MGA_1,Bhai Mohinder Singh Ji SDO,00:22:30,3233,36563,mat ko bharam bhulai. sa(n)saar ||,https://s3.us-east-1.amazonaws.com/keerat.xyz/keertan/sdo/yt_mga/044 MGA SDO 1044 smpk 42.m4a,ਮਤ ਕੋ ਭਰਮਿ ਭੁਲੈ ਸੰਸਾਰਿ ॥
1703098243,SDO_MGA_1,Bhai Mohinder Singh Ji SDO,00:27:16,,,SDO Katha Murti. Gur Ki Murat man meh dhian,https://s3.us-east-1.amazonaws.com/keerat.xyz/keertan/sdo/yt_mga/044 MGA SDO 1044 smpk 42.m4a,
1703098336,SDO_MGA_1,Bhai Mohinder Singh Ji SDO,00:29:40,13,91,ਤੇਰਾ ਕਵਣੁ ਗੁਰੂ ਜਿਸ ਕਾ ਤੂ ਚੇਲਾ ॥ -> ਸਬਦੁ ਗੁਰੂ ਸੁਰਤਿ ਧੁਨਿ ਚੇਲਾ ॥,https://s3.us-east-1.amazonaws.com/keerat.xyz/keertan/sdo/yt_mga/044 MGA SDO 1044 smpk 42.m4a,ਮੰਨੈ ਸੁਰਤਿ ਹੋਵੈ ਮਨਿ ਬੁਧਿ ॥
1703098398,SDO_MGA_1,Bhai Mohinder Singh Ji SDO,00:30:50,5,44,ਧੁਨਿ ਮਹਿ ਧਿਆਨੁ. ਧਿਆਨ ਮਹਿ ਜਾਨਿਆ ਗੁਰਮੁਖਿ ਅਕਥ ਕਹਾਨੀ ॥੩॥,https://s3.us-east-1.amazonaws.com/keerat.xyz/keertan/sdo/yt_mga/044 MGA SDO 1044 smpk 42.m4a,ਗੁਰਮੁਖਿ ਨਾਦੰ ਗੁਰਮੁਖਿ ਵੇਦੰ ਗੁਰਮੁਖਿ ਰਹਿਆ ਸਮਾਈ ॥
1703098565,SDO_MGA_1,Bhai Mohinder Singh Ji SDO,00:32:09,5428,59386,ਵਾਹਿਗੁਰੂ gurshabad hai satsang biloyee,https://s3.us-east-1.amazonaws.com/keerat.xyz/keertan/sdo/yt_mga/044 MGA SDO 1044 smpk 42.m4a,ਵਾਹਿਗੁਰੂ ਵਾਹਿਗੁਰੂ ਵਾਹਿਗੁਰੂ ਵਾਹਿ ਜੀਉ ॥
1703098626,SDO_MGA_1,Bhai Mohinder Singh Ji SDO,00:33:39,87,1086,ਸਤਿਗੁਰੁ ਮੇਰਾ ਸਦਾ ਸਦਾ ਨਾ ਆਵੈ. ਨਾ ਜਾਇ ॥ ਓਹੁ ਅਬਿਨਾਸੀ ਪੁਰਖੁ ਹੈ ਸਭ ਮਹਿ ਰਹਿਆ ਸਮਾਇ ॥੧੩॥,https://s3.us-east-1.amazonaws.com/keerat.xyz/keertan/sdo/yt_mga/044 MGA SDO 1044 smpk 42.m4a,ਹਉ ਸਤਿਗੁਰੁ ਸੇਵੀ ਆਪਣਾ ਇਕ ਮਨਿ ਇਕ ਚਿਤਿ ਭਾਇ ॥
1703098653,SDO_MGA_1,Bhai Mohinder Singh Ji SDO,00:34:35,1,3,ਆਦਿ ਸਚੁ ਜੁਗਾਦਿ ਸਚੁ ॥,https://s3.us-east-1.amazonaws.com/keerat.xyz/keertan/sdo/yt_mga/044 MGA SDO 1044 smpk 42.m4a,ਆਦਿ ਸਚੁ ਜੁਗਾਦਿ ਸਚੁ ॥
1703098711,SDO_MGA_1,Bhai Mohinder Singh Ji SDO,00:37:49,,,SDO Katha. kamal in Naabi (naval). Gotta flip it,https://s3.us-east-1.amazonaws.com/keerat.xyz/keertan/sdo/yt_mga/044 MGA SDO 1044 smpk 42.m4a,
1703098840,SDO_MGA_1,Bhai Mohinder Singh Ji SDO,00:39:09,2512,28383,sa(n)tahu man pavanai sukh baniaa ||,https://s3.us-east-1.amazonaws.com/keerat.xyz/keertan/sdo/yt_mga/044 MGA SDO 1044 smpk 42.m4a,ਸੰਤਹੁ ਮਨ ਪਵਨੈ ਸੁਖੁ ਬਨਿਆ ॥
1703098907,SDO_MGA_1,Bhai Mohinder Singh Ji SDO,00:41:00,,,SDO Katha. The Holes the Guru Covers. ,https://s3.us-east-1.amazonaws.com/keerat.xyz/keertan/sdo/yt_mga/044 MGA SDO 1044 smpk 42.m4a,
1703099084,SDO_MGA_1,Bhai Mohinder Singh Ji SDO,00:00:00,,,Need of Guru. gha(n)T ghaRaiaa choohiaa(n) gal bilee paieeaai |,https://s3.us-east-1.amazonaws.com/keerat.xyz/keertan/sdo/yt_mga/045 MGA SDO 1045 smpk 43.m4a,
1703099146,SDO_MGA_1,Bhai Mohinder Singh Ji SDO,00:05:04,3233,36575,kahu naanak prabh ihai janaiee ||,https://s3.us-east-1.amazonaws.com/keerat.xyz/keertan/sdo/yt_mga/045 MGA SDO 1045 smpk 43.m4a,ਕਹੁ ਨਾਨਕ ਪ੍ਰਭਿ ਇਹੈ ਜਨਾਈ ॥
1703099196,SDO_MGA_1,Bhai Mohinder Singh Ji SDO,00:05:26,,,SDO Katha. Dhan Guru Gobind Singh Sahib. Dhan 5 Panj. Panth Parkash,https://s3.us-east-1.amazonaws.com/keerat.xyz/keertan/sdo/yt_mga/045 MGA SDO 1045 smpk 43.m4a,
1703099290,SDO_MGA_1,Bhai Mohinder Singh Ji SDO,00:07:25,40594,204853,ਜੜੀ ਬੂਟੀ ਜੇ ਜੀਵੀਐ ਕਿਉ ਮਰੈ ਧਨੰਤਰੁ ।,https://s3.us-east-1.amazonaws.com/keerat.xyz/keertan/sdo/yt_mga/045 MGA SDO 1045 smpk 43.m4a,ਕਰੇ ਧਨੰਤਰੁ੧ ਵੈਦਗੀ ਡਸਿਆ ਤੱਛਕਿ ਮਤਿ ਬਿਪਰੀਤੇ।
1703099351,SDO_MGA_1,Bhai Mohinder Singh Ji SDO,00:08:26,,,SDO Katha. Bhai Taru Singh Sakhi. Panth Parkash,https://s3.us-east-1.amazonaws.com/keerat.xyz/keertan/sdo/yt_mga/045 MGA SDO 1045 smpk 43.m4a,
1703099448,SDO_MGA_1,Bhai Mohinder Singh Ji SDO,00:11:06,,,jaRee booTee je jeeveeaai kiau marai dhana(n)tar |,https://s3.us-east-1.amazonaws.com/keerat.xyz/keertan/sdo/yt_mga/045 MGA SDO 1045 smpk 43.m4a,
1703099584,SDO_MGA_1,Bhai Mohinder Singh Ji SDO,00:12:50,,,milai j teerath naatiaa(n) ddaddaa(n) jal vaasee |,https://s3.us-east-1.amazonaws.com/keerat.xyz/keertan/sdo/yt_mga/045 MGA SDO 1045 smpk 43.m4a,
1703099650,SDO_MGA_1,Bhai Mohinder Singh Ji SDO,00:16:17,,,sir talavaae paieeaai chamagidhaR joohai |,https://s3.us-east-1.amazonaws.com/keerat.xyz/keertan/sdo/yt_mga/045 MGA SDO 1045 smpk 43.m4a,
1703099708,SDO_MGA_1,Bhai Mohinder Singh Ji SDO,00:17:28,,,SDO Katha. Santhoksar yogi mukti. P5,https://s3.us-east-1.amazonaws.com/keerat.xyz/keertan/sdo/yt_mga/045 MGA SDO 1045 smpk 43.m4a,
1703099824,SDO_MGA_1,Bhai Mohinder Singh Ji SDO,00:21:25,245,3560,naanaka. satigur bheTiaai pooree hovai jugat ||,https://s3.us-east-1.amazonaws.com/keerat.xyz/keertan/sdo/yt_mga/045 MGA SDO 1045 smpk 43.m4a,ਕਸਤੂਰੀ ਕੈ ਭੋਲੜੈ ਗੰਦੇ ਡੁੰਮਿ ਪਈਆਸੁ ॥੨॥
1703099937,SDO_MGA_1,Bhai Mohinder Singh Ji SDO,00:24:15,2345,26803,ਗੁਰੁ ਪੂਰਾ. ਜਿਨ ਸਿਮਰਿਆ ਸੇਈ ਭਏ ਨਿਹਾਲ ॥,https://s3.us-east-1.amazonaws.com/keerat.xyz/keertan/sdo/yt_mga/045 MGA SDO 1045 smpk 43.m4a,ਹਰਿ ਜਨਿ ਸਿਮਰਿਆ ਨਾਮ ਅਧਾਰਿ ॥
1703099979,SDO_MGA_1,Bhai Mohinder Singh Ji SDO,00:25:57,736,10361,har siau jurai ta sabh ko meet ||,https://s3.us-east-1.amazonaws.com/keerat.xyz/keertan/sdo/yt_mga/045 MGA SDO 1045 smpk 43.m4a,ਹਰਿ ਸਿਉ ਜੁਰੈ ਤ ਸਭੁ ਕੋ ਮੀਤੁ ॥
1703363572,SDO_MGA_1,Bhai Mohinder Singh Ji SDO,00:00:15,64,745,ਇਕਿ ਖੜੇ ਕਰਹਿ ਤੇਰੀ ਚਾਕਰੀ ਵਿਣੁ ਨਾਵੈ. ਹੋਰੁ ਨ ਭਾਇਆ ॥,https://s3.us-east-1.amazonaws.com/keerat.xyz/keertan/sdo/yt_mga/046 MGA SDO 1046 smpk 44.m4a,ਦੂਤ ਲਗੇ ਫਿਰਿ ਚਾਕਰੀ ਸਤਿਗੁਰ ਕਾ ਵੇਸਾਹੁ ॥
1703363607,SDO_MGA_1,Bhai Mohinder Singh Ji SDO,00:03:48,89,1119,ਹਰਿ ਕੀ ਟਹਲ ਕਮਾਵਣੀ ਜਪੀਐ ਪ੍ਰਭ ਕਾ ਨਾਮੁ ॥,https://s3.us-east-1.amazonaws.com/keerat.xyz/keertan/sdo/yt_mga/046 MGA SDO 1046 smpk 44.m4a,ਗੁਰਮੁਖਿ ਕਾਰ ਕਮਾਵਣੀ ਸਚੁ ਘਟਿ ਪਰਗਟੁ ਹੋਇ ॥
1703363636,SDO_MGA_1,Bhai Mohinder Singh Ji SDO,00:04:25,736,10385,jaa kai dhafatar puchhai na lekhaa ||,https://s3.us-east-1.amazonaws.com/keerat.xyz/keertan/sdo/yt_mga/046 MGA SDO 1046 smpk 44.m4a,ਜਾ ਕੈ ਦਫਤਰਿ ਪੁਛੈ ਨ ਲੇਖਾ ॥
1704292909,SDO_MGA_1,Bhai Mohinder Singh Ji SDO,00:05:08,23,205,ਸਚੀ ਤੇਰੀ ਕਾਰ ਦੇਹਿ ਦਇਆਲ ਤੂੰ ॥ ਹਉ ਜੀਵਾ ਤੁਧੁ ਸਾਲਾਹਿ ਮੈ ਟੇਕ ਅਧਾਰੁ ਤੂੰ ॥੨॥,https://s3.us-east-1.amazonaws.com/keerat.xyz/keertan/sdo/yt_mga/046 MGA SDO 1046 smpk 44.m4a,ਸਾਲਾਹੀ ਸਾਲਾਹਿ ਏਤੀ ਸੁਰਤਿ ਨ ਪਾਈਆ ॥
1704293256,SDO_MGA_1,Bhai Mohinder Singh Ji SDO,00:07:23,1,3,ਆਦਿ ਸਚੁ ਜੁਗਾਦਿ ਸਚੁ ॥,https://s3.us-east-1.amazonaws.com/keerat.xyz/keertan/sdo/yt_mga/046 MGA SDO 1046 smpk 44.m4a,ਆਦਿ ਸਚੁ ਜੁਗਾਦਿ ਸਚੁ ॥
1704293291,SDO_MGA_1,Bhai Mohinder Singh Ji SDO,00:08:00,,,har meree preeti. reet hai har meree har meree. kathaa kahaanee jee ||,https://s3.us-east-1.amazonaws.com/keerat.xyz/keertan/sdo/yt_mga/046 MGA SDO 1046 smpk 44.m4a,
1704293409,SDO_MGA_1,Bhai Mohinder Singh Ji SDO,00:12:25,89,1119,ਹਰਿ ਕੀ ਟਹਲ ਕਮਾਵਣੀ ਜਪੀਐ ਪ੍ਰਭ ਕਾ ਨਾਮੁ ॥,https://s3.us-east-1.amazonaws.com/keerat.xyz/keertan/sdo/yt_mga/046 MGA SDO 1046 smpk 44.m4a,ਗੁਰਮੁਖਿ ਕਾਰ ਕਮਾਵਣੀ ਸਚੁ ਘਟਿ ਪਰਗਟੁ ਹੋਇ ॥
1704293445,SDO_MGA_1,Bhai Mohinder Singh Ji SDO,00:12:40,1122,13731,gur satigur kaa jo sikh akhaae su bhalake uThi. har naam dhiaavai ||,https://s3.us-east-1.amazonaws.com/keerat.xyz/keertan/sdo/yt_mga/046 MGA SDO 1046 smpk 44.m4a,ਹਉਮੈ ਮੈਲੁ ਬਿਖੁ ਉਤਰੈ ਹਰਿ ਅੰਮ੍ਰਿਤੁ ਹਰਿ ਉਰ ਧਾਰਿ ॥
1704293538,SDO_MGA_1,Bhai Mohinder Singh Ji SDO,00:20:00,7565,78077,paa(n)i gahe jab te tumare tab te kouoo aa(n)kh tare nahee(n) aanayo ||,https://s3.us-east-1.amazonaws.com/keerat.xyz/keertan/sdo/yt_mga/046 MGA SDO 1046 smpk 44.m4a,ਕੈ ਸਿਵ ਸਕਤ ਦਏ ਸ੍ਰੁਤਿ ਚਾਰ ਰਜੋ ਤਮ ਸੱਤ ਤਿਹੂ ਪੁਰ ਬਾਸਾ ॥
1704293673,SDO_MGA_1,Bhai Mohinder Singh Ji SDO,00:21:03,9,70,ਪੰਡਿਤੁ ਸਾਸਤ ਸਿਮ੍ਰਿਤਿ ਪੜਿਆ ॥ ਜੋਗੀ ਗੋਰਖੁ ਗੋਰਖੁ ਕਰਿਆ ॥ ਮੈ ਮੂਰਖ ਹਰਿ ਹਰਿ ਜਪੁ ਪੜਿਆ ॥੧॥,https://s3.us-east-1.amazonaws.com/keerat.xyz/keertan/sdo/yt_mga/046 MGA SDO 1046 smpk 44.m4a,ਸੁਣਿਐ ਸਾਸਤ ਸਿਮ੍ਰਿਤਿ ਵੇਦ ॥
1704294129,SDO_MGA_1,Bhai Mohinder Singh Ji SDO,00:28:51,64,745,ਇਕਿ ਖੜੇ ਕਰਹਿ ਤੇਰੀ ਚਾਕਰੀ ਵਿਣੁ ਨਾਵੈ. ਹੋਰੁ ਨ ਭਾਇਆ ॥,https://s3.us-east-1.amazonaws.com/keerat.xyz/keertan/sdo/yt_mga/046 MGA SDO 1046 smpk 44.m4a,ਦੂਤ ਲਗੇ ਫਿਰਿ ਚਾਕਰੀ ਸਤਿਗੁਰ ਕਾ ਵੇਸਾਹੁ ॥
1704294247,SDO_MGA_1,Bhai Mohinder Singh Ji SDO,00:29:47,3534,41020,ਅਠੇ ਪਹਰ ਇਕਤੈ ਲਿਵੈ ਮੰਨੇਨਿ ਹੁਕਮੁ ਅਪਾਰੁ ॥,https://s3.us-east-1.amazonaws.com/keerat.xyz/keertan/sdo/yt_mga/046 MGA SDO 1046 smpk 44.m4a,ਅਠੇ ਪਹਰ ਇਕਤੈ ਲਿਵੈ ਮੰਨੇਨਿ ਹੁਕਮੁ ਅਪਾਰੁ ॥
1704294534,SDO_MGA_1,Bhai Mohinder Singh Ji SDO,00:30:40,,,so aaisaa har naamu. dhiaaieeaai man mere jo sabhanaa upar hukam chalaae ||,https://s3.us-east-1.amazonaws.com/keerat.xyz/keertan/sdo/yt_mga/046 MGA SDO 1046 smpk 44.m4a,
1704295415,SDO_MGA_1,Bhai Mohinder Singh Ji SDO,00:32:40,245,3558,kaahe man too ddolataa har manasaa pooranahaar ||,https://s3.us-east-1.amazonaws.com/keerat.xyz/keertan/sdo/yt_mga/046 MGA SDO 1046 smpk 44.m4a,ਮਃ ੫ ॥
1704490281,SDO_MGA_1,Bhai Mohinder Singh Ji SDO,00:35:00,,,SDO KATHA. Dhan guru teghbhadur. P9 baba bakala sahib,https://s3.us-east-1.amazonaws.com/keerat.xyz/keertan/sdo/yt_mga/046 MGA SDO 1046 smpk 44.m4a,
1704490477,SDO_MGA_1,Bhai Mohinder Singh Ji SDO,00:37:07,3178,36098,jan naanaka. sach araadhiaa gurmukh sukh paiee ||5||,https://s3.us-east-1.amazonaws.com/keerat.xyz/keertan/sdo/yt_mga/046 MGA SDO 1046 smpk 44.m4a,ਜਨ ਨਾਨਕ ਸਚੁ ਅਰਾਧਿਆ ਗੁਰਮੁਖਿ ਸੁਖੁ ਪਾਈ ॥੫॥
1704490588,SDO_MGA_1,Bhai Mohinder Singh Ji SDO,00:38:45,3,30,ਵਾਹੁ ਖਸਮ ਤੂ ਵਾਹੁ ਜਿਨਿ ਰਚਿ ਰਚਨਾ ਹਮ ਕੀਏ ॥,https://s3.us-east-1.amazonaws.com/keerat.xyz/keertan/sdo/yt_mga/046 MGA SDO 1046 smpk 44.m4a,ਨਾਨਕ ਵਿਗਸੈ ਵੇਪਰਵਾਹੁ ॥੩॥
1704490708,SDO_MGA_1,Bhai Mohinder Singh Ji SDO,00:00:00,3077,34765,Bh Jeevan s. dhaas tere kee benatee ridh kar paragaas ||,https://s3.us-east-1.amazonaws.com/keerat.xyz/keertan/sdo/yt_mga/047 MGA SDO 1047 smpk 45.m4a,ਦਾਸ ਤੇਰੇ ਕੀ ਬੇਨਤੀ ਰਿਦ ਕਰਿ ਪਰਗਾਸੁ ॥
1706218300,SDO_MGA_1,Bhai Mohinder Singh Ji SDO,00:17:50,,,aae sa(n)t paraahune keeratan hoaa rain sabaiee |,https://s3.us-east-1.amazonaws.com/keerat.xyz/keertan/sdo/yt_mga/047 MGA SDO 1047 smpk 45.m4a,
1706218408,SDO_MGA_1,Bhai Mohinder Singh Ji SDO,00:19:03,2904,33099,gobi(n)dh gun gaavan laage ||,https://s3.us-east-1.amazonaws.com/keerat.xyz/keertan/sdo/yt_mga/047 MGA SDO 1047 smpk 45.m4a,ਗੋਬਿੰਦ ਗੁਣ ਗਾਵਣ ਲਾਗੇ ॥
1706218790,SDO_MGA_1,Bhai Mohinder Singh Ji SDO,00:24:35,44,465,ਠਾਕੁਰੁ ਗਾਈਐ ਆਤਮ ਰੰਗਿ ॥,https://s3.us-east-1.amazonaws.com/keerat.xyz/keertan/sdo/yt_mga/047 MGA SDO 1047 smpk 45.m4a,ਸਿਰਿ ਸਿਰਿ ਰਿਜਕੁ ਸੰਬਾਹੇ ਠਾਕੁਰੁ ਕਾਹੇ ਮਨ ਭਉ ਕਰਿਆ ॥੨॥
1706422988,SDO_MGA_1,Bhai Mohinder Singh Ji SDO,00:31:00,65,765,ਸੇ ਜਨ ਜਾਗੇ ਜਿਨ ਨਾਮ ਪਿਆਰਿ ॥੧॥,https://s3.us-east-1.amazonaws.com/keerat.xyz/keertan/sdo/yt_mga/047 MGA SDO 1047 smpk 45.m4a,ਸਚੁ ਕਰਣੀ ਦੇ ਪਾਈਐ ਦਰੁ ਘਰੁ ਮਹਲੁ ਪਿਆਰਿ ॥
1706423169,SDO_MGA_1,Bhai Mohinder Singh Ji SDO,00:34:21,186,3094,ਉਪਦੇਸੁ ਜਿ ਦਿਤਾ ਸਤਿਗੁਰੂ ਸੋ ਸੁਣਿਆ ਸਿਖੀ ਕੰਨੇ ॥,https://s3.us-east-1.amazonaws.com/keerat.xyz/keertan/sdo/yt_mga/047 MGA SDO 1047 smpk 45.m4a,ਕਰਿ ਸੇਵਹੁ ਪੂਰਾ ਸਤਿਗੁਰੂ ਵਣਜਾਰਿਆ ਮਿਤ੍ਰਾ ਸਭ ਚਲੀ ਰੈਣਿ ਵਿਹਾਦੀ ॥
1706423325,SDO_MGA_1,Bhai Mohinder Singh Ji SDO,00:36:00,,,Katha fictional if baba budha ji and gurmantar,https://s3.us-east-1.amazonaws.com/keerat.xyz/keertan/sdo/yt_mga/047 MGA SDO 1047 smpk 45.m4a,
1706423397,SDO_MGA_1,Bhai Mohinder Singh Ji SDO,00:37:20,8,61,suniaai sidh peer sur naath ||,https://s3.us-east-1.amazonaws.com/keerat.xyz/keertan/sdo/yt_mga/047 MGA SDO 1047 smpk 45.m4a,ਸੁਣਿਐ ਸਿਧ ਪੀਰ ਸੁਰਿ ਨਾਥ ॥
1706423682,SDO_MGA_1,Bhai Mohinder Singh Ji SDO,00:41:35,3800,46432,gur te giaan paiaa at khaRag karaaraa ||,https://s3.us-east-1.amazonaws.com/keerat.xyz/keertan/sdo/yt_mga/047 MGA SDO 1047 smpk 45.m4a,ਗੁਰ ਤੇ ਗਿਆਨੁ ਪਾਇਆ ਅਤਿ ਖੜਗੁ ਕਰਾਰਾ ॥
1706747911,SDO_MGA_1,Bhai Mohinder Singh Ji SDO,00:43:44,,,SDO Katha. Chant takes efforts. Rest He do,https://s3.us-east-1.amazonaws.com/keerat.xyz/keertan/sdo/yt_mga/047 MGA SDO 1047 smpk 45.m4a,
1706747985,SDO_MGA_1,Bhai Mohinder Singh Ji SDO,00:00:00,480,6703,se jan jaage jin naam piaar ||1||,https://s3.us-east-1.amazonaws.com/keerat.xyz/keertan/sdo/yt_mga/048 MGA SDO 1048 smpk 46.m4a,ਸੇ ਜਨ ਜਾਗੇ ਜਿਨ ਨਾਮ ਪਿਆਰਿ ॥੧॥
1706748095,SDO_MGA_1,Bhai Mohinder Singh Ji SDO,00:00:42,,,bhram meh soiee sagal jagat dha(n)dh a(n)dh || kouoo jaagai har jan ||1||,https://s3.us-east-1.amazonaws.com/keerat.xyz/keertan/sdo/yt_mga/048 MGA SDO 1048 smpk 46.m4a,
1706748954,SDO_MGA_1,Bhai Mohinder Singh Ji SDO,00:07:14,,,naam rahio. saadhoo rahio rahio gur gobi(n)dh ||,https://s3.us-east-1.amazonaws.com/keerat.xyz/keertan/sdo/yt_mga/048 MGA SDO 1048 smpk 46.m4a,
1706829929,SDO_MGA_1,Bhai Mohinder Singh Ji SDO,00:11:49,2739,30682,hamaarai ekai haree haree ||,https://s3.us-east-1.amazonaws.com/keerat.xyz/keertan/sdo/yt_mga/048 MGA SDO 1048 smpk 46.m4a,ਹਮਾਰੈ ਏਕੈ ਹਰੀ ਹਰੀ ॥
1706830237,SDO_MGA_1,Bhai Mohinder Singh Ji SDO,00:12:55,,,SDO KATHA P9. Guru teghbadur sahib ji baba bakala sahib time,https://s3.us-east-1.amazonaws.com/keerat.xyz/keertan/sdo/yt_mga/048 MGA SDO 1048 smpk 46.m4a,
1706830281,SDO_MGA_1,Bhai Mohinder Singh Ji SDO,00:13:23,67,795,ਜਪਹੁ ਤ ਏਕੋ ਨਾਮਾ ॥,https://s3.us-east-1.amazonaws.com/keerat.xyz/keertan/sdo/yt_mga/048 MGA SDO 1048 smpk 46.m4a,ਮੂੜੇ ਰਾਮੁ ਜਪਹੁ ਗੁਣ ਸਾਰਿ ॥
1706831082,SDO_MGA_1,Bhai Mohinder Singh Ji SDO,00:16:00,132,1830,ਹਰਿ ਆਰਾਧਿ ਨ ਜਾਨਾ ਰੇ ॥,https://s3.us-east-1.amazonaws.com/keerat.xyz/keertan/sdo/yt_mga/048 MGA SDO 1048 smpk 46.m4a,ਗੁਰੁ ਪੂਰਾ ਆਰਾਧਿ ਨਿਤ ਇਕਸੁ ਕੀ ਲਿਵ ਲਾਗੁ ॥੧॥ ਰਹਾਉ ॥
1706831160,SDO_MGA_1,Bhai Mohinder Singh Ji SDO,00:17:18,,,SDO KATHA went to Calgary Christ,https://s3.us-east-1.amazonaws.com/keerat.xyz/keertan/sdo/yt_mga/048 MGA SDO 1048 smpk 46.m4a,
1706831521,SDO_MGA_1,Bhai Mohinder Singh Ji SDO,00:26:10,,,SDO KATHA. NAAM to be sadhu,https://s3.us-east-1.amazonaws.com/keerat.xyz/keertan/sdo/yt_mga/048 MGA SDO 1048 smpk 46.m4a,
1706831635,SDO_MGA_1,Bhai Mohinder Singh Ji SDO,00:27:20,3065,34662,charan kamal gur ke japat har jap hau jeevaa ||,https://s3.us-east-1.amazonaws.com/keerat.xyz/keertan/sdo/yt_mga/048 MGA SDO 1048 smpk 46.m4a,ਚਰਨ ਕਮਲ ਗੁਰ ਕੇ ਜਪਤ ਹਰਿ ਜਪਿ ਹਉ ਜੀਵਾ ॥
1706832169,SDO_MGA_1,Bhai Mohinder Singh Ji SDO,00:37:30,,,KATHA. Detroit. No desh Bhagat. International ,https://s3.us-east-1.amazonaws.com/keerat.xyz/keertan/sdo/yt_mga/048 MGA SDO 1048 smpk 46.m4a,
1706832689,SDO_MGA_1,Bhai Mohinder Singh Ji SDO,00:42:25,306,4209,ਜਿਥੈ ਨਾਮੁ ਜਪੀਐ ਪ੍ਰਭ ਪਿਆਰੇ ॥   ਸੇ ਅਸਥਲ ਸੋਇਨ ਚਉਬਾਰੇ ॥,https://s3.us-east-1.amazonaws.com/keerat.xyz/keertan/sdo/yt_mga/048 MGA SDO 1048 smpk 46.m4a,ਸੇ ਅਸਥਲ ਸੋਇਨ ਚਉਬਾਰੇ ॥
1706833369,SDO_MGA_1,Bhai Mohinder Singh Ji SDO,00:44:20,4382,52557,maiee ree maatee charan samooh ||,https://s3.us-east-1.amazonaws.com/keerat.xyz/keertan/sdo/yt_mga/048 MGA SDO 1048 smpk 46.m4a,ਮਾਈ ਰੀ ਮਾਤੀ ਚਰਣ ਸਮੂਹ ॥
1706833389,SDO_MGA_1,Bhai Mohinder Singh Ji SDO,00:00:00,4382,52557,maiee ree maatee charan samooh ||,https://s3.us-east-1.amazonaws.com/keerat.xyz/keertan/sdo/yt_mga/049 MGA SDO 1049 smpk 47.m4a,ਮਾਈ ਰੀ ਮਾਤੀ ਚਰਣ ਸਮੂਹ ॥
1706979571,SDO_MGA_1,Bhai Mohinder Singh Ji SDO,00:05:40,3065,34662,charan kamal gur ke japat har jap hau jeevaa ||,https://s3.us-east-1.amazonaws.com/keerat.xyz/keertan/sdo/yt_mga/049 MGA SDO 1049 smpk 47.m4a,ਚਰਨ ਕਮਲ ਗੁਰ ਕੇ ਜਪਤ ਹਰਿ ਜਪਿ ਹਉ ਜੀਵਾ ॥
1706979737,SDO_MGA_1,Bhai Mohinder Singh Ji SDO,00:07:22,,,charan kamal aanoop har sa(n)t ma(n)t || kouoo laagai saadhoo ||3||,https://s3.us-east-1.amazonaws.com/keerat.xyz/keertan/sdo/yt_mga/049 MGA SDO 1049 smpk 47.m4a,
1706979810,SDO_MGA_1,Bhai Mohinder Singh Ji SDO,00:09:31,476,6639,ਸਾਧੋ ਇਹੁ ਜਗੁ ਭਰਮ ਭੁਲਾਨਾ ॥,https://s3.us-east-1.amazonaws.com/keerat.xyz/keertan/sdo/yt_mga/049 MGA SDO 1049 smpk 47.m4a,ਦੂਜੈ ਭਾਇ ਭਰਮਿ ਭੁਲਾਨਾ ॥
1706979930,SDO_MGA_1,Bhai Mohinder Singh Ji SDO,00:10:17,87,1086,ਸੋ ਸਤਿਗੁਰੁ ਧਨੁ ਧੰਨੁ ਜਿਨਿ ਭਰਮ ਗੜੁ ਤੋੜਿਆ ॥     ਸੋ ਸਤਿਗੁਰੁ ਵਾਹੁ ਵਾਹੁ ਜਿਨਿ ਹਰਿ ਸਿਉ ਜੋੜਿਆ ॥,https://s3.us-east-1.amazonaws.com/keerat.xyz/keertan/sdo/yt_mga/049 MGA SDO 1049 smpk 47.m4a,ਹਉ ਸਤਿਗੁਰੁ ਸੇਵੀ ਆਪਣਾ ਇਕ ਮਨਿ ਇਕ ਚਿਤਿ ਭਾਇ ॥
1706979990,SDO_MGA_1,Bhai Mohinder Singh Ji SDO,00:11:36,,,What is bharam? e man meriaa too chhodd aal ja(n)jaalaa. raam ||,https://s3.us-east-1.amazonaws.com/keerat.xyz/keertan/sdo/yt_mga/049 MGA SDO 1049 smpk 47.m4a,
1707095528,SDO_MGA_1,Bhai Mohinder Singh Ji SDO,00:15:26,4739,55725,saas saas dhiaavahu mukhu. nahee morai ||,https://s3.us-east-1.amazonaws.com/keerat.xyz/keertan/sdo/yt_mga/049 MGA SDO 1049 smpk 47.m4a,ਸਾਸਿ ਸਾਸਿ ਧਿਆਵਹੁ ਮੁਖੁ ਨਹੀ ਮੋਰੈ ॥
1707095633,SDO_MGA_1,Bhai Mohinder Singh Ji SDO,00:16:30,,,Katha. Mechanical repetition ,https://s3.us-east-1.amazonaws.com/keerat.xyz/keertan/sdo/yt_mga/049 MGA SDO 1049 smpk 47.m4a,
1707095907,SDO_MGA_1,Bhai Mohinder Singh Ji SDO,00:20:30,,,Bhagat trilochan is Guru katha,https://s3.us-east-1.amazonaws.com/keerat.xyz/keertan/sdo/yt_mga/049 MGA SDO 1049 smpk 47.m4a,
1707159981,SDO_MGA_1,Bhai Mohinder Singh Ji SDO,00:30:38,,,In charge of construction. Guru Nanak name. Katha,https://s3.us-east-1.amazonaws.com/keerat.xyz/keertan/sdo/yt_mga/049 MGA SDO 1049 smpk 47.m4a,
1707181315,SDO_MGA_1,Bhai Mohinder Singh Ji SDO,00:33:55,48,524,ਸਭਨਾ ਉਪਾਵਾ ਸਿਰਿ ਉਪਾਉ ਹੈ ਹਰਿ ਨਾਮੁ ਪਰਾਪਤਿ ਹੋਇ ॥,https://s3.us-east-1.amazonaws.com/keerat.xyz/keertan/sdo/yt_mga/049 MGA SDO 1049 smpk 47.m4a,ਭਈ ਪਰਾਪਤਿ ਮਾਨੁਖ ਦੇਹੁਰੀਆ ॥
1707181372,SDO_MGA_1,Bhai Mohinder Singh Ji SDO,00:34:20,40,387,ਨਾਨਕ. ਸਤਿਗੁਰ ਵਾਹੁ ਵਾਹੁ ਜਿਸ ਤੇ ਨਾਮੁ ਪਰਾਪਤਿ ਹੋਇ ॥੨॥,https://s3.us-east-1.amazonaws.com/keerat.xyz/keertan/sdo/yt_mga/049 MGA SDO 1049 smpk 47.m4a,ੴ ਸਤਿਗੁਰ ਪ੍ਰਸਾਦਿ ॥
1707181580,SDO_MGA_1,Bhai Mohinder Singh Ji SDO,00:34:40,87,1086,ਸਭਿ ਆਖਹੁ ਸਤਿਗੁਰੁ ਵਾਹੁ ਵਾਹੁ ਜਿਨਿ ਦਾਨੁ ਹਰਿ ਨਾਮੁ ਮੁਖਿ ਦੀਆ ॥੧॥,https://s3.us-east-1.amazonaws.com/keerat.xyz/keertan/sdo/yt_mga/049 MGA SDO 1049 smpk 47.m4a,ਹਉ ਸਤਿਗੁਰੁ ਸੇਵੀ ਆਪਣਾ ਇਕ ਮਨਿ ਇਕ ਚਿਤਿ ਭਾਇ ॥
1707181713,SDO_MGA_1,Bhai Mohinder Singh Ji SDO,00:36:43,38,375,ਸਤਿਗੁਰੁ ਮੇਰਾ ਸਦਾ ਦਇਆਲਾ ਮੋਹਿ ਦੀਨ ਕਉ ਰਾਖਿ ਲੀਆ ॥        ਕਾਟਿਆ ਰੋਗੁ. ਮਹਾ ਸੁਖੁ ਪਾਇਆ ਹਰਿ ਅੰਮ੍ਰਿਤੁ ਮੁਖਿ ਨਾਮੁ ਦੀਆ ॥੧॥ ਰਹਾਉ ॥,https://s3.us-east-1.amazonaws.com/keerat.xyz/keertan/sdo/yt_mga/049 MGA SDO 1049 smpk 47.m4a,ਭਾਂਡਾ ਭਾਉ ਅੰਮ੍ਰਿਤੁ ਤਿਤੁ ਢਾਲਿ ॥
1707182003,SDO_MGA_1,Bhai Mohinder Singh Ji SDO,00:41:08,428,6075,"ਏ ਮਨ ਪਿਆਰਿਆ ਤੂ ਸਦਾ ਸਚੁ ਸਮਾਲੇ ॥ e man piaariaa too sadhaa sach samaale || O beloved mind, contemplate the True Lord forever. ਏਹੁ ਕੁਟੰਬੁ. ਤੂ ਜਿ ਦੇਖਦਾ ਚਲੈ ਨਾਹੀ. ਤੇਰੈ ਨਾਲੇ ॥ eh kuTa(n)bu. too j dhekhadhaa chalai naahee. terai naale || This family which you see shall not go along with you. ਸਾਥਿ ਤੇਰੈ. ਚਲੈ ਨਾਹੀ ਤਿਸੁ ਨਾਲਿ. ਕਿਉ ਚਿਤੁ ਲਾਈਐ ॥ saath terai. chalai naahee tis naali. kiau chit laieeaai || They shall not go along with you, so why do you focus your attention on them? ਐਸਾ ਕੰਮੁ ਮੂਲੇ. ਨ ਕੀਚੈ ਜਿਤੁ ਅੰਤਿ ਪਛੋਤਾਈਐ ॥ aaisaa ka(n)m moole. na keechai jit a(n)t pachhotaieeaai || Don't do anything that you will regret in the end. ਸਤਿਗੁਰੂ ਕਾ ਉਪਦੇਸੁ ਸੁਣਿ ਤੂ ਹੋਵੈ ਤੇਰੈ ਨਾਲੇ ॥ satiguroo kaa upadhes sun too hovai terai naale || Listen to the Teachings of the True Guru - these shall go along with you. ਕਹੈ ਨਾਨਕੁ. ਮਨ ਪਿਆਰੇ ਤੂ ਸਦਾ ਸਚੁ ਸਮਾਲੇ ॥੧੧॥ kahai naanaku. man piaare too sadhaa sach samaale ||11|| Says Nanak, O beloved mind, contemplate the True Lord forever. ||11",https://s3.us-east-1.amazonaws.com/keerat.xyz/keertan/sdo/yt_mga/049 MGA SDO 1049 smpk 47.m4a,ਜੀਵਦਿਆ ਮਰੁ ਮਾਰਿ ਨ ਪਛੋਤਾਈਐ ॥
1707182073,SDO_MGA_1,Bhai Mohinder Singh Ji SDO,00:43:50,,,Do everything. Dhan moms. Detachment from inside katha,https://s3.us-east-1.amazonaws.com/keerat.xyz/keertan/sdo/yt_mga/049 MGA SDO 1049 smpk 47.m4a,
1707235801,SDO_MGA_1,Bhai Mohinder Singh Ji SDO,00:00:00,4739,55725,saas saas dhiaavahu mukhu. nahee morai ||,https://s3.us-east-1.amazonaws.com/keerat.xyz/keertan/sdo/yt_mga/050 MGA SDO 1050 smpk 48.m4a,ਸਾਸਿ ਸਾਸਿ ਧਿਆਵਹੁ ਮੁਖੁ ਨਹੀ ਮੋਰੈ ॥
1707235857,SDO_MGA_1,Bhai Mohinder Singh Ji SDO,00:00:40,,,gur sikhee baareek hai sil chaTan fikee |,https://s3.us-east-1.amazonaws.com/keerat.xyz/keertan/sdo/yt_mga/050 MGA SDO 1050 smpk 48.m4a,
1707235973,SDO_MGA_1,Bhai Mohinder Singh Ji SDO,00:02:57,70,840,ਏ ਮਨ ਪਿਆਰਿਆ ਤੂ ਸਦਾ ਸਚੁ ਸਮਾਲੇ ॥ ,https://s3.us-east-1.amazonaws.com/keerat.xyz/keertan/sdo/yt_mga/050 MGA SDO 1050 smpk 48.m4a,ਸੁਣਿ ਮਨ ਮਿਤ੍ਰ ਪਿਆਰਿਆ ਮਿਲੁ ਵੇਲਾ ਹੈ ਏਹ ॥
1707236051,SDO_MGA_1,Bhai Mohinder Singh Ji SDO,00:05:33,,,P3 telling to take Amrit KATHA,https://s3.us-east-1.amazonaws.com/keerat.xyz/keertan/sdo/yt_mga/050 MGA SDO 1050 smpk 48.m4a,
1707236117,SDO_MGA_1,Bhai Mohinder Singh Ji SDO,00:06:54,2587,29318,gur kaa bachan basai jeea naale ||,https://s3.us-east-1.amazonaws.com/keerat.xyz/keertan/sdo/yt_mga/050 MGA SDO 1050 smpk 48.m4a,ਗੁਰ ਕਾ ਬਚਨੁ ਬਸੈ ਜੀਅ ਨਾਲੇ ॥
1707236425,SDO_MGA_1,Bhai Mohinder Singh Ji SDO,00:14:40,,,naam rahio. saadhoo rahio rahio gur gobi(n)dh ||,https://s3.us-east-1.amazonaws.com/keerat.xyz/keertan/sdo/yt_mga/050 MGA SDO 1050 smpk 48.m4a,
1707236586,SDO_MGA_1,Bhai Mohinder Singh Ji SDO,00:15:55,4270,51726,maiee sat sati. sat har sat sati. sat saadhaa ||,https://s3.us-east-1.amazonaws.com/keerat.xyz/keertan/sdo/yt_mga/050 MGA SDO 1050 smpk 48.m4a,ਮਾਈ ਸਤਿ ਸਤਿ ਸਤਿ ਹਰਿ ਸਤਿ ਸਤਿ ਸਤਿ ਸਾਧਾ ॥
1707236643,SDO_MGA_1,Bhai Mohinder Singh Ji SDO,00:18:23,1258,14546,auTha(n)dhiaa baha(n)dhiaa sava(n)dhiaa sukh soi ||,https://s3.us-east-1.amazonaws.com/keerat.xyz/keertan/sdo/yt_mga/050 MGA SDO 1050 smpk 48.m4a,ਉਠੰਦਿਆ ਬਹੰਦਿਆ ਸਵੰਦਿਆ ਸੁਖੁ ਸੋਇ ॥
1707236736,SDO_MGA_1,Bhai Mohinder Singh Ji SDO,00:19:08,293,4046,ਊਠਤ ਬੈਠਤ ਸੋਵਤ ਨਾਮ ॥,https://s3.us-east-1.amazonaws.com/keerat.xyz/keertan/sdo/yt_mga/050 MGA SDO 1050 smpk 48.m4a,ਊਠਤ ਬੈਠਤ ਸੋਵਤ ਜਾਗਤ ਹਰਿ ਧਿਆਈਐ ਸਗਲ ਅਵਰਦਾ ਜੀਉ ॥੧॥
1707236777,SDO_MGA_1,Bhai Mohinder Singh Ji SDO,00:19:40,87,1089,ਊਠਤ ਬੈਠਤ ਸੋਵਤ ਧਿਆਈਐ ॥  ਮਾਰਗਿ ਚਲਤ ਹਰੇ ਹਰਿ ਗਾਈਐ ॥੧॥,https://s3.us-east-1.amazonaws.com/keerat.xyz/keertan/sdo/yt_mga/050 MGA SDO 1050 smpk 48.m4a,ਨਾਉ ਧਿਆਈਐ ਨਾਉ ਮੰਗੀਐ ਨਾਮੇ ਸਹਜਿ ਸਮਾਇ ॥੧॥
1707236985,SDO_MGA_1,Bhai Mohinder Singh Ji SDO,00:20:35,5,44,"ਜਾ ਬਹਹਿ ਗੁਰਮੁਖਿ ਹਰਿ ਨਾਮੁ ਬੋਲਹਿ ਜਾ ਖੜੇ ਗੁਰਮੁਖਿ ਹਰਿ ਹਰਿ ਕਹਿਆ ॥ When the Gurmukh sits down, he chants the Lord's Name. When the Gurmukh stands up, he chants the Lord's Name, Har, Har.",https://s3.us-east-1.amazonaws.com/keerat.xyz/keertan/sdo/yt_mga/050 MGA SDO 1050 smpk 48.m4a,ਗੁਰਮੁਖਿ ਨਾਦੰ ਗੁਰਮੁਖਿ ਵੇਦੰ ਗੁਰਮੁਖਿ ਰਹਿਆ ਸਮਾਈ ॥
1707237189,SDO_MGA_1,Bhai Mohinder Singh Ji SDO,00:22:11,15,104,ਮਾਈ ਸਤਿ ਸਤਿ. ਸਤਿ ਹਰਿ ਸਤਿ ਸਤਿ. ਸਤਿ ਸਾਧਾ ॥,https://s3.us-east-1.amazonaws.com/keerat.xyz/keertan/sdo/yt_mga/050 MGA SDO 1050 smpk 48.m4a,ਮੰਨੈ ਪਰਵਾਰੈ ਸਾਧਾਰੁ ॥
1707253161,SDO_MGA_1,Bhai Mohinder Singh Ji SDO,00:23:04,3148,35465,ਈਤ ਊਤ. ਨਹ ਡੋਲੀਐ ਹਰਿ ਸੇਵਾ ਜਾਗਨਿ ਰਾਮ ॥,https://s3.us-east-1.amazonaws.com/keerat.xyz/keertan/sdo/yt_mga/050 MGA SDO 1050 smpk 48.m4a,ਨਹ ਡੋਲੀਐ ਇਤ ਊਤ ॥
1707253217,SDO_MGA_1,Bhai Mohinder Singh Ji SDO,00:24:50,89,1119,Sewa ਹਰਿ ਕੀ ਟਹਲ ਕਮਾਵਣੀ ਜਪੀਐ ਪ੍ਰਭ ਕਾ ਨਾਮੁ ॥,https://s3.us-east-1.amazonaws.com/keerat.xyz/keertan/sdo/yt_mga/050 MGA SDO 1050 smpk 48.m4a,ਗੁਰਮੁਖਿ ਕਾਰ ਕਮਾਵਣੀ ਸਚੁ ਘਟਿ ਪਰਗਟੁ ਹੋਇ ॥
1707450490,SDO_MGA_1,Bhai Mohinder Singh Ji SDO,00:26:32,3148,35465,ਈਤ ਊਤ. ਨਹ ਡੋਲੀਐ ਹਰਿ ਸੇਵਾ ਜਾਗਨਿ ਰਾਮ ॥,https://s3.us-east-1.amazonaws.com/keerat.xyz/keertan/sdo/yt_mga/050 MGA SDO 1050 smpk 48.m4a,ਨਹ ਡੋਲੀਐ ਇਤ ਊਤ ॥
1707450531,SDO_MGA_1,Bhai Mohinder Singh Ji SDO,00:29:11,65,765,ਸੇ ਜਨ ਜਾਗੇ ਜਿਨ ਨਾਮ ਪਿਆਰਿ ॥੧॥,https://s3.us-east-1.amazonaws.com/keerat.xyz/keertan/sdo/yt_mga/050 MGA SDO 1050 smpk 48.m4a,ਸਚੁ ਕਰਣੀ ਦੇ ਪਾਈਐ ਦਰੁ ਘਰੁ ਮਹਲੁ ਪਿਆਰਿ ॥
1707450618,SDO_MGA_1,Bhai Mohinder Singh Ji SDO,00:30:12,5288,58712,fareedhaa. raat kathooree va(n)ddeeaai sutiaa milai. na bhaau ||,https://s3.us-east-1.amazonaws.com/keerat.xyz/keertan/sdo/yt_mga/050 MGA SDO 1050 smpk 48.m4a,ਫਰੀਦਾ ਰਾਤਿ ਕਥੂਰੀ ਵੰਡੀਐ ਸੁਤਿਆ ਮਿਲੈ ਨ ਭਾਉ ॥
1707450725,SDO_MGA_1,Bhai Mohinder Singh Ji SDO,00:32:01,1680,20632,bhi(n)nee rainaReeaai chaamakan taare ||,https://s3.us-east-1.amazonaws.com/keerat.xyz/keertan/sdo/yt_mga/050 MGA SDO 1050 smpk 48.m4a,ਭਿੰਨੀ ਰੈਨੜੀਐ ਚਾਮਕਨਿ ਤਾਰੇ ॥
1707451165,SDO_MGA_1,Bhai Mohinder Singh Ji SDO,00:33:40,236,3502,har ke sa(n)t sunahu jan bhaiee har satigur kee ik saakhee ||,https://s3.us-east-1.amazonaws.com/keerat.xyz/keertan/sdo/yt_mga/050 MGA SDO 1050 smpk 48.m4a,ਹਰਿ ਕੇ ਸੰਤ ਸੁਣਹੁ ਜਨ ਭਾਈ ਹਰਿ ਸਤਿਗੁਰ ਕੀ ਇਕ ਸਾਖੀ ॥
1707505033,SDO_MGA_1,Bhai Mohinder Singh Ji SDO,00:41:20,,,P9. Tat. raam naam ur mai gahio jaa kai sama. nahee koi ||,https://s3.us-east-1.amazonaws.com/keerat.xyz/keertan/sdo/yt_mga/050 MGA SDO 1050 smpk 48.m4a,
1707505198,SDO_MGA_1,Bhai Mohinder Singh Ji SDO,00:44:06,1680,20632,ਭਿੰਨੀ ਰੈਨੜੀਐ ਚਾਮਕਨਿ ਤਾਰੇ ॥,https://s3.us-east-1.amazonaws.com/keerat.xyz/keertan/sdo/yt_mga/050 MGA SDO 1050 smpk 48.m4a,ਭਿੰਨੀ ਰੈਨੜੀਐ ਚਾਮਕਨਿ ਤਾਰੇ ॥
1707505325,SDO_MGA_1,Bhai Mohinder Singh Ji SDO,00:00:03,57,645,ਹਿਰਦੈ ਹਰਿ ਹਰਿ ਹਰਿ ਧੁਨਿ ਉਪਜੀ ਹਰਿ ਜਪੀਐ ਮਸਤਕਿ ਭਾਗੁ ਜੀਉ ॥,https://s3.us-east-1.amazonaws.com/keerat.xyz/keertan/sdo/yt_mga/051 MGA SDO 1051 smpk 49.m4a,ਤਿਨ ਮਤਿ ਤਿਨ ਪਤਿ ਤਿਨ ਧਨੁ ਪਲੈ ਜਿਨ ਹਿਰਦੈ ਰਹਿਆ ਸਮਾਇ ॥
1707505414,SDO_MGA_1,Bhai Mohinder Singh Ji SDO,00:00:47,3279,37336,aaisaa giaan beechaarai koiee ||,https://s3.us-east-1.amazonaws.com/keerat.xyz/keertan/sdo/yt_mga/051 MGA SDO 1051 smpk 49.m4a,ਐਸਾ ਗਿਆਨੁ ਬੀਚਾਰੈ ਕੋਈ ॥
1707505536,SDO_MGA_1,Bhai Mohinder Singh Ji SDO,00:01:45,13,91,ਸਬਦੁ ਗੁਰੂ ਸੁਰਤਿ ਧੁਨਿ ਚੇਲਾ ॥,https://s3.us-east-1.amazonaws.com/keerat.xyz/keertan/sdo/yt_mga/051 MGA SDO 1051 smpk 49.m4a,ਮੰਨੈ ਸੁਰਤਿ ਹੋਵੈ ਮਨਿ ਬੁਧਿ ॥
1707505622,SDO_MGA_1,Bhai Mohinder Singh Ji SDO,00:02:35,40,388,ਤੇਰਾ ਕਵਣੁ ਗੁਰੂ ਜਿਸ ਕਾ ਤੂ ਚੇਲਾ ॥,https://s3.us-east-1.amazonaws.com/keerat.xyz/keertan/sdo/yt_mga/051 MGA SDO 1051 smpk 49.m4a,ਸੋ ਦਰੁ ਤੇਰਾ ਕੇਹਾ ਸੋ ਘਰੁ ਕੇਹਾ ਜਿਤੁ ਬਹਿ ਸਰਬ ਸਮਾਲੇ ॥
1707505742,SDO_MGA_1,Bhai Mohinder Singh Ji SDO,00:03:36,,,gur moorat kar dhiaan sadhaa hajoor hai |,https://s3.us-east-1.amazonaws.com/keerat.xyz/keertan/sdo/yt_mga/051 MGA SDO 1051 smpk 49.m4a,
1707505843,SDO_MGA_1,Bhai Mohinder Singh Ji SDO,00:06:10,,,KATHA. no complicated. Shabad surat ,https://s3.us-east-1.amazonaws.com/keerat.xyz/keertan/sdo/yt_mga/051 MGA SDO 1051 smpk 49.m4a,
1707505972,SDO_MGA_1,Bhai Mohinder Singh Ji SDO,00:08:03,1680,20632,bhi(n)nee rainaReeaai chaamakan taare ||,https://s3.us-east-1.amazonaws.com/keerat.xyz/keertan/sdo/yt_mga/051 MGA SDO 1051 smpk 49.m4a,ਭਿੰਨੀ ਰੈਨੜੀਐ ਚਾਮਕਨਿ ਤਾਰੇ ॥
1707506013,SDO_MGA_1,Bhai Mohinder Singh Ji SDO,00:08:29,,,Katha lava 4. Dhian hirdeya ,https://s3.us-east-1.amazonaws.com/keerat.xyz/keertan/sdo/yt_mga/051 MGA SDO 1051 smpk 49.m4a,
1707506180,SDO_MGA_1,Bhai Mohinder Singh Ji SDO,00:10:28,64,745,ਇਕਿ ਖੜੇ ਕਰਹਿ ਤੇਰੀ ਚਾਕਰੀ ਵਿਣੁ ਨਾਵੈ. ਹੋਰੁ ਨ ਭਾਇਆ ॥,https://s3.us-east-1.amazonaws.com/keerat.xyz/keertan/sdo/yt_mga/051 MGA SDO 1051 smpk 49.m4a,ਦੂਤ ਲਗੇ ਫਿਰਿ ਚਾਕਰੀ ਸਤਿਗੁਰ ਕਾ ਵੇਸਾਹੁ ॥
1707506219,SDO_MGA_1,Bhai Mohinder Singh Ji SDO,00:12:14,,,P3 katha goindval sahib,https://s3.us-east-1.amazonaws.com/keerat.xyz/keertan/sdo/yt_mga/051 MGA SDO 1051 smpk 49.m4a,
1707506261,SDO_MGA_1,Bhai Mohinder Singh Ji SDO,00:13:40,7426,75147,kaahoo lai paahan pooj dharayo sir kaahoo lai li(n)g gare laTakaio ||,https://s3.us-east-1.amazonaws.com/keerat.xyz/keertan/sdo/yt_mga/051 MGA SDO 1051 smpk 49.m4a,ਕਾਹੂ ਲੈ ਪਾਹਨ ਪੂਜ ਧਰਯੋ ਸਿਰ ਕਾਹੂ ਲੈ ਲਿੰਗੁ ਗਰੇ ਲਟਕਾਇਓ ॥
1707506388,SDO_MGA_1,Bhai Mohinder Singh Ji SDO,00:15:15,,,P1 KATHA. Rabab Shabad. ,https://s3.us-east-1.amazonaws.com/keerat.xyz/keertan/sdo/yt_mga/051 MGA SDO 1051 smpk 49.m4a,
1707506482,SDO_MGA_1,Bhai Mohinder Singh Ji SDO,00:16:48,,,How P1 looks. Active furtilaa. skinny. Sobha Singh Pics fake. History.,https://s3.us-east-1.amazonaws.com/keerat.xyz/keertan/sdo/yt_mga/051 MGA SDO 1051 smpk 49.m4a,
1707506529,SDO_MGA_1,Bhai Mohinder Singh Ji SDO,00:18:40,369,5666,hor kaar vekaar hai ik sachee kaarai laiaa ||,https://s3.us-east-1.amazonaws.com/keerat.xyz/keertan/sdo/yt_mga/051 MGA SDO 1051 smpk 49.m4a,ਹੋਰੁ ਕਾਰ ਵੇਕਾਰ ਹੈ ਇਕਿ ਸਚੀ ਕਾਰੈ ਲਾਇਆ ॥
1707506607,SDO_MGA_1,Bhai Mohinder Singh Ji SDO,00:22:20,65,765,ਸੇ ਜਨ ਜਾਗੇ ਜਿਨ ਨਾਮ ਪਿਆਰਿ ॥੧॥,https://s3.us-east-1.amazonaws.com/keerat.xyz/keertan/sdo/yt_mga/051 MGA SDO 1051 smpk 49.m4a,ਸਚੁ ਕਰਣੀ ਦੇ ਪਾਈਐ ਦਰੁ ਘਰੁ ਮਹਲੁ ਪਿਆਰਿ ॥
1707506713,SDO_MGA_1,Bhai Mohinder Singh Ji SDO,00:22:41,2904,33099,gobi(n)dh gun gaavan laage ||,https://s3.us-east-1.amazonaws.com/keerat.xyz/keertan/sdo/yt_mga/051 MGA SDO 1051 smpk 49.m4a,ਗੋਬਿੰਦ ਗੁਣ ਗਾਵਣ ਲਾਗੇ ॥
1707506766,SDO_MGA_1,Bhai Mohinder Singh Ji SDO,00:24:45,,,RSK HATER. aae sa(n)t paraahune keeratan hoaa rain sabaiee |,https://s3.us-east-1.amazonaws.com/keerat.xyz/keertan/sdo/yt_mga/051 MGA SDO 1051 smpk 49.m4a,
1707506908,SDO_MGA_1,Bhai Mohinder Singh Ji SDO,00:30:25,107,1415,man mere. anadhin jaag har chet ||,https://s3.us-east-1.amazonaws.com/keerat.xyz/keertan/sdo/yt_mga/051 MGA SDO 1051 smpk 49.m4a,ਮਨ ਮੇਰੇ ਅਨਦਿਨੁ ਜਾਗੁ ਹਰਿ ਚੇਤਿ ॥
1707506951,SDO_MGA_1,Bhai Mohinder Singh Ji SDO,00:00:00,5428,59386,Fire ਵਾਹਿਗੁਰੂ ਵਾਹਿਗੁਰੂ fast,https://s3.us-east-1.amazonaws.com/keerat.xyz/keertan/sdo/yt_mga/052 MGA SDO 1052 smrs 01.m4a,ਵਾਹਿਗੁਰੂ ਵਾਹਿਗੁਰੂ ਵਾਹਿਗੁਰੂ ਵਾਹਿ ਜੀਉ ॥
1707508362,SDO_MGA_1,Bhai Mohinder Singh Ji SDO,00:00:40,3661,42245,pakhaa feree pair malovaa japat rahaa teraa naau ||3||,https://s3.us-east-1.amazonaws.com/keerat.xyz/keertan/sdo/yt_mga/052 MGA SDO 1052 smrs 01.m4a,ਪਖਾ ਫੇਰੀ ਪੈਰ ਮਲੋਵਾ ਜਪਤ ਰਹਾ ਤੇਰਾ ਨਾਉ ॥੩॥
1707508620,SDO_MGA_1,Bhai Mohinder Singh Ji SDO,00:05:40,,,n tis bhukh na needh na khaanaa sovanaa |,https://s3.us-east-1.amazonaws.com/keerat.xyz/keertan/sdo/yt_mga/052 MGA SDO 1052 smrs 01.m4a,
1707674761,SDO_MGA_1,Bhai Mohinder Singh Ji SDO,00:12:53,285,3942,ਮੇਰੇ ਲਾਲ ਰੰਗੀਲੇ ਹਮ ਲਾਲਨ ਕੇ ਲਾਲੇ ॥,https://s3.us-east-1.amazonaws.com/keerat.xyz/keertan/sdo/yt_mga/052 MGA SDO 1052 smrs 01.m4a,ਲਾਲ ਗੋਪਾਲ ਦਇਆਲ ਰੰਗੀਲੇ ॥
1707674814,SDO_MGA_1,Bhai Mohinder Singh Ji SDO,00:13:53,3661,42238,ਮੁਲ ਖਰੀਦੀ. ਲਾਲਾ ਗੋਲਾ ਮੇਰਾ ਨਾਉ ਸਭਾਗਾ ॥,https://s3.us-east-1.amazonaws.com/keerat.xyz/keertan/sdo/yt_mga/052 MGA SDO 1052 smrs 01.m4a,ਮੁਲ ਖਰੀਦੀ ਲਾਲਾ ਗੋਲਾ ਮੇਰਾ ਨਾਉ ਸਭਾਗਾ ॥
1707674931,SDO_MGA_1,Bhai Mohinder Singh Ji SDO,00:15:05,40087,200757,ਸੇਵਕ ਹੋਇ ਸੰਜੀਦ ਨ ਹਸਣੁ ਰੋਵਣਾ ।,https://s3.us-east-1.amazonaws.com/keerat.xyz/keertan/sdo/yt_mga/052 MGA SDO 1052 smrs 01.m4a,ਸੇਵਕ ਹੋਇ ਸੰਜੀਦੁ ਨ ਹਸਣੁ ਰੋਵਣਾ।
1707675005,SDO_MGA_1,Bhai Mohinder Singh Ji SDO,00:16:52,,,Dhan p3. Lit,https://s3.us-east-1.amazonaws.com/keerat.xyz/keertan/sdo/yt_mga/052 MGA SDO 1052 smrs 01.m4a,
1707675164,SDO_MGA_1,Bhai Mohinder Singh Ji SDO,00:18:45,1122,13730,jan naanaku. har kaa dhaas hai gur satigur ke gol gole ||2||,https://s3.us-east-1.amazonaws.com/keerat.xyz/keertan/sdo/yt_mga/052 MGA SDO 1052 smrs 01.m4a,ਲਾਹਾ ਹਰਿ ਧਨੁ ਖਟਿਆ ਗੁਰਮੁਖਿ ਸਬਦੁ ਵੀਚਾਰਿ ॥
1707676335,SDO_MGA_1,Bhai Mohinder Singh Ji SDO,00:24:54,3530,40971,har ikasai naal mai dhosatee har ikasai naal mai ra(n)g ||,https://s3.us-east-1.amazonaws.com/keerat.xyz/keertan/sdo/yt_mga/052 MGA SDO 1052 smrs 01.m4a,ਹਰਿ ਇਕਸੈ ਨਾਲਿ ਮੈ ਦੋਸਤੀ ਹਰਿ ਇਕਸੈ ਨਾਲਿ ਮੈ ਰੰਗੁ ॥
1707676493,SDO_MGA_1,Bhai Mohinder Singh Ji SDO,00:28:00,,,Dhan p10. Dhan Dhan Dhan guru Gobind s ,https://s3.us-east-1.amazonaws.com/keerat.xyz/keertan/sdo/yt_mga/052 MGA SDO 1052 smrs 01.m4a,
1707676537,SDO_MGA_1,Bhai Mohinder Singh Ji SDO,00:28:30,,,Pevho phaul khande taar. Khalsa mera satgur PURAA,https://s3.us-east-1.amazonaws.com/keerat.xyz/keertan/sdo/yt_mga/052 MGA SDO 1052 smrs 01.m4a,
1707676606,SDO_MGA_1,Bhai Mohinder Singh Ji SDO,00:29:45,,,Dhan Sri Guru Granth Sahib ji. P11,https://s3.us-east-1.amazonaws.com/keerat.xyz/keertan/sdo/yt_mga/052 MGA SDO 1052 smrs 01.m4a,
1707676938,SDO_MGA_1,Bhai Mohinder Singh Ji SDO,00:31:58,1,1,"ਮਾਝ ਮਹਲਾ ੫ ਦਿਨ ਰੈਣਿ Maajh, Fifth Mehla: Day And Night:  ੴ ਸਤਿਗੁਰ ਪ੍ਰਸਾਦਿ ॥ One Universal Creator God. By The Grace Of The True Guru:  ਸੇਵੀ ਸਤਿਗੁਰੁ ਆਪਣਾ ਹਰਿ ਸਿਮਰੀ ਦਿਨ ਸਭਿ ਰੈਣ ॥ I serve my True Guru, and meditate on Him all day and night.  ਆਪੁ ਤਿਆਗਿ ਸਰਣੀ ਪਵਾਂ ਮੁਖਿ ਬੋਲੀ ਮਿਠੜੇ ਵੈਣ ॥ Renouncing selfishness and conceit, I seek His Sanctuary, and speak sweet words to Him.  ਜਨਮ ਜਨਮ ਕਾ ਵਿਛੁੜਿਆ ਹਰਿ ਮੇਲਹੁ ਸਜਣੁ ਸੈਣ ॥ Through countless lifetimes and incarnations, I was separated from Him. O Lord, you are my Friend and Companion-please unite me with Yourself.  ਜੋ ਜੀਅ ਹਰਿ ਤੇ ਵਿਛੁੜੇ ਸੇ ਸੁਖਿ ਨ ਵਸਨਿ ਭੈਣ ॥ Those who are separated from the Lord do not dwell in peace, O sister.  ਹਰਿ ਪਿਰ ਬਿਨੁ ਚੈਨੁ ਨ ਪਾਈਐ ਖੋਜਿ ਡਿਠੇ ਸਭਿ ਗੈਣ ॥ Without their Husband Lord, they find no comfort. I have searched and seen all realms.  ਆਪ ਕਮਾਣੈ ਵਿਛੁੜੀ ਦੋਸੁ ਨ ਕਾਹੂ ਦੇਣ ॥ My own evil actions have kept me separate from Him; why should I accuse anyone else?  ਕਰਿ ਕਿਰਪਾ ਪ੍ਰਭ ਰਾਖਿ ਲੇਹੁ ਹੋਰੁ ਨਾਹੀ ਕਰਣ ਕਰੇਣ ॥ Bestow Your Mercy, God, and save me! No one else can bestow Your Mercy.  ਹਰਿ ਤੁਧੁ ਵਿਣੁ ਖਾਕੂ ਰੂਲਣਾ ਕਹੀਐ ਕਿਥੈ ਵੈਣ ॥ Without You, Lord, we roll around in the dust. Unto whom should we utter our cries of distress?  ਨਾਨਕ ਕੀ ਬੇਨੰਤੀਆ ਹਰਿ ਸੁਰਜਨੁ ਦੇਖਾ ਨੈਣ ॥੧॥ This is Nanak's prayer: """"May my eyes behold the Lord, the Angelic Being.""""||1||",https://s3.us-east-1.amazonaws.com/keerat.xyz/keertan/sdo/yt_mga/052 MGA SDO 1052 smrs 01.m4a,ੴ ਸਤਿ ਨਾਮੁ ਕਰਤਾ ਪੁਰਖੁ ਨਿਰਭਉ ਨਿਰਵੈਰੁ ਅਕਾਲ ਮੂਰਤਿ ਅਜੂਨੀ ਸੈਭੰ ਗੁਰ ਪ੍ਰਸਾਦਿ ॥
1707677132,SDO_MGA_1,Bhai Mohinder Singh Ji SDO,00:39:10,2907,33175,"ਕਰਿ ਕਿਰਪਾ ਮੇਰੇ ਪ੍ਰੀਤਮ ਸੁਆਮੀ ਨੇਤ੍ਰ ਦੇਖਹਿ ਦਰਸੁ ਤੇਰਾ ਰਾਮ ॥ kar kirapaa mere preetam suaamee netr dhekheh dharas teraa raam || Be Merciful, O my Beloved Lord and Master, that I may behold the Blessed Vision of Your Darshan with my eyes. ਲਾਖ ਜਿਹਵਾ ਦੇਹੁ ਮੇਰੇ ਪਿਆਰੇ ਮੁਖੁ ਹਰਿ ਆਰਾਧੇ ਮੇਰਾ ਰਾਮ ॥ laakh jihavaa dheh mere piaare mukh har aaraadhe meraa raam || Please bless me, O my Beloved, with thousands of tongues, to worship and adore You with my mouth, O Lord. ਹਰਿ ਆਰਾਧੇ. ਜਮ ਪੰਥੁ ਸਾਧੇ ਦੂਖੁ. ਨ ਵਿਆਪੈ ਕੋਈ ॥ har aaraadhe. jam pa(n)th saadhe dhookhu. na viaapai koiee || Worshipping the Lord in adoration, the Path of Death is overcome, and no pain or suffering will afflict you. ਜਲਿ ਥਲਿ ਮਹੀਅਲਿ ਪੂਰਨ ਸੁਆਮੀ ਜਤ ਦੇਖਾ ਤਤ ਸੋਈ ॥ jal thal maheeal pooran suaamee jat dhekhaa tat soiee || The Lord and Master is pervading and permeating the water, the land and the sky; wherever I look, there He is. ਭਰਮ ਮੋਹ ਬਿਕਾਰ ਨਾਠੇ ਪ੍ਰਭੁ ਨੇਰ ਹੂ ਤੇ ਨੇਰਾ ॥ bharam moh bikaar naaThe prabh ner hoo te neraa || Doubt, attachment and corruption are gone. God is the nearest of the near. ਨਾਨਕ ਕਉ. ਪ੍ਰਭ ਕਿਰਪਾ ਕੀਜੈ ਨੇਤ੍ਰ ਦੇਖਹਿ ਦਰਸੁ ਤੇਰਾ ॥੧॥ naanak kau. prabh kirapaa keejai netr dhekheh dharas teraa ||1|| Please bless Nanak with Your Merciful Grace, O God, that his eyes may behold the Blessed Vision of Your Darshan. ||1||",https://s3.us-east-1.amazonaws.com/keerat.xyz/keertan/sdo/yt_mga/052 MGA SDO 1052 smrs 01.m4a,ਕਰਿ ਕਿਰਪਾ ਮੇਰੇ ਪ੍ਰੀਤਮ ਸੁਆਮੀ ਨੇਤ੍ਰ ਦੇਖਹਿ ਦਰਸੁ ਤੇਰਾ ਰਾਮ ॥
1707677325,SDO_MGA_1,Bhai Mohinder Singh Ji SDO,00:42:05,5428,59386,Crazy fast ਵਾਹਿਗੁਰੂ ਵਾਹਿਗੁਰੂ fire ,https://s3.us-east-1.amazonaws.com/keerat.xyz/keertan/sdo/yt_mga/052 MGA SDO 1052 smrs 01.m4a,ਵਾਹਿਗੁਰੂ ਵਾਹਿਗੁਰੂ ਵਾਹਿਗੁਰੂ ਵਾਹਿ ਜੀਉ ॥
1707677438,SDO_MGA_1,Bhai Mohinder Singh Ji SDO,00:43:42,20,178,ਪੁੰਨ ਦਾਨ. ਜਪ ਤਪ ਜੇਤੇ ਸਭ ਊਪਰਿ ਨਾਮੁ ॥ || ਹਰਿ ਹਰਿ ਰਸਨਾ ਜੋ ਜਪੈ ਤਿਸੁ ਪੂਰਨ ਕਾਮੁ ॥੩॥,https://s3.us-east-1.amazonaws.com/keerat.xyz/keertan/sdo/yt_mga/052 MGA SDO 1052 smrs 01.m4a,ਪੁੰਨੀ ਪਾਪੀ ਆਖਣੁ ਨਾਹਿ ॥
1707677466,SDO_MGA_1,Bhai Mohinder Singh Ji SDO,00:44:38,68,813,ਲਾਖ ਜਿਹਵਾ ਦੇਹੁ ਮੇਰੇ ਪਿਆਰੇ ਮੁਖੁ ਹਰਿ ਆਰਾਧੇ ਮੇਰਾ ਰਾਮ ॥,https://s3.us-east-1.amazonaws.com/keerat.xyz/keertan/sdo/yt_mga/052 MGA SDO 1052 smrs 01.m4a,ਭੈ ਸਚਿ ਰਾਤੀ ਦੇਹੁਰੀ ਜਿਹਵਾ ਸਚੁ ਸੁਆਉ ॥
1707677587,SDO_MGA_1,Bhai Mohinder Singh Ji SDO,00:46:19,1349,15353,auddahu na kaagaa kaare ||,https://s3.us-east-1.amazonaws.com/keerat.xyz/keertan/sdo/yt_mga/052 MGA SDO 1052 smrs 01.m4a,ਉਡਹੁ ਨ ਕਾਗਾ ਕਾਰੇ ॥
1707677625,SDO_MGA_1,Bhai Mohinder Singh Ji SDO,00:00:00,2592,29351,naam gur dheeo hai apunai jaa kai masatak karamaa ||,https://s3.us-east-1.amazonaws.com/keerat.xyz/keertan/sdo/yt_mga/053 MGA SDO 1053 Bay Area Local Keertan Early 1980s Jan Ko Naam.m4a,ਨਾਮੁ ਗੁਰਿ ਦੀਓ ਹੈ ਅਪੁਨੈ ਜਾ ਕੈ ਮਸਤਕਿ ਕਰਮਾ ॥
1707677721,SDO_MGA_1,Bhai Mohinder Singh Ji SDO,00:00:42,1901,22756,sabhanaa upaavaa sir upaau hai har naam paraapat hoi ||,https://s3.us-east-1.amazonaws.com/keerat.xyz/keertan/sdo/yt_mga/053 MGA SDO 1053 Bay Area Local Keertan Early 1980s Jan Ko Naam.m4a,ਸਭਨਾ ਉਪਾਵਾ ਸਿਰਿ ਉਪਾਉ ਹੈ ਹਰਿ ਨਾਮੁ ਪਰਾਪਤਿ ਹੋਇ ॥
1707683571,SDO_MGA_1,Bhai Mohinder Singh Ji SDO,00:04:29,855,11392,sodhat sodhat sodh beechaaraa ||,https://s3.us-east-1.amazonaws.com/keerat.xyz/keertan/sdo/yt_mga/053 MGA SDO 1053 Bay Area Local Keertan Early 1980s Jan Ko Naam.m4a,ਸੋਧਤ ਸੋਧਤ ਸੋਧਿ ਬੀਚਾਰਾ ॥
1707683828,SDO_MGA_1,Bhai Mohinder Singh Ji SDO,00:08:15,288,3981,P5 put this pangti at harmandir sahib!! Katha  ਵਿਸਰੁ ਨਾਹੀ. ਦਾਤਾਰ ਆਪਣਾ ਨਾਮੁ ਦੇਹੁ ॥,https://s3.us-east-1.amazonaws.com/keerat.xyz/keertan/sdo/yt_mga/053 MGA SDO 1053 Bay Area Local Keertan Early 1980s Jan Ko Naam.m4a,ਵਿਸਰੁ ਨਾਹੀ ਏਵਡ ਦਾਤੇ ॥
1707684991,SDO_MGA_1,Bhai Mohinder Singh Ji SDO,00:09:03,2415,27768,har keerat saadhasa(n)gat hai sir karaman kai karamaa ||,https://s3.us-east-1.amazonaws.com/keerat.xyz/keertan/sdo/yt_mga/053 MGA SDO 1053 Bay Area Local Keertan Early 1980s Jan Ko Naam.m4a,ਹਰਿ ਕੀਰਤਿ ਸਾਧਸੰਗਤਿ ਹੈ ਸਿਰਿ ਕਰਮਨ ਕੈ ਕਰਮਾ ॥
1707685079,SDO_MGA_1,Bhai Mohinder Singh Ji SDO,00:11:27,41,417,ਸੰਤ ਜਨਾ ਮਿਲਿ ਹਰਿ ਜਸੁ ਗਾਇਓ ॥,https://s3.us-east-1.amazonaws.com/keerat.xyz/keertan/sdo/yt_mga/053 MGA SDO 1053 Bay Area Local Keertan Early 1980s Jan Ko Naam.m4a,ਸਭਿ ਸੁਰਤੀ ਮਿਲਿ ਸੁਰਤਿ ਕਮਾਈ ॥
1707685139,SDO_MGA_1,Bhai Mohinder Singh Ji SDO,00:11:44,218,3376,ਮਿਲਿ ਰਹੀਐ ਪ੍ਰਭ ਸਾਧ ਜਨਾ ਮਿਲਿ ਹਰਿ ਕੀਰਤਨੁ ਸੁਨੀਐ. ਰਾਮ ॥,https://s3.us-east-1.amazonaws.com/keerat.xyz/keertan/sdo/yt_mga/053 MGA SDO 1053 Bay Area Local Keertan Early 1980s Jan Ko Naam.m4a,ਹਰਿ ਕੀ ਵਡਿਆਈ ਵਡੀ ਹੈ ਹਰਿ ਕੀਰਤਨੁ ਹਰਿ ਕਾ ॥
1707685249,SDO_MGA_1,Bhai Mohinder Singh Ji SDO,00:13:25,48,525,ਵਾਹ ਵਾਹ ਗੋਬਿੰਦ ਸਿੰਘ ਆਪੇ ਗੁਰੁ ਚੇਲਾ ।੧।,https://s3.us-east-1.amazonaws.com/keerat.xyz/keertan/sdo/yt_mga/053 MGA SDO 1053 Bay Area Local Keertan Early 1980s Jan Ko Naam.m4a,ਗੋਬਿੰਦ ਮਿਲਣ ਕੀ ਇਹ ਤੇਰੀ ਬਰੀਆ ॥
1707685279,SDO_MGA_1,Bhai Mohinder Singh Ji SDO,00:15:38,,,Nanak so angad gur devna ,https://s3.us-east-1.amazonaws.com/keerat.xyz/keertan/sdo/yt_mga/053 MGA SDO 1053 Bay Area Local Keertan Early 1980s Jan Ko Naam.m4a,
1707685413,SDO_MGA_1,Bhai Mohinder Singh Ji SDO,00:20:50,871,11497,aadh gure nameh ||,https://s3.us-east-1.amazonaws.com/keerat.xyz/keertan/sdo/yt_mga/053 MGA SDO 1053 Bay Area Local Keertan Early 1980s Jan Ko Naam.m4a,ਆਦਿ ਗੁਰਏ ਨਮਹ ॥
1707685453,SDO_MGA_1,Bhai Mohinder Singh Ji SDO,00:21:06,252,3599,ਕਰਿ ਨਮਸਕਾਰ ਪੂਰੇ ਗੁਰਦੇਵ ॥,https://s3.us-east-1.amazonaws.com/keerat.xyz/keertan/sdo/yt_mga/053 MGA SDO 1053 Bay Area Local Keertan Early 1980s Jan Ko Naam.m4a,ਹਰਿ ਤੁਧਨੋ ਕਰਹਿ ਸਭ ਨਮਸਕਾਰੁ ਜਿਨਿ ਪਾਪੈ ਤੇ ਰਾਖਿਆ ॥
1707685575,SDO_MGA_1,Bhai Mohinder Singh Ji SDO,00:23:30,,,Nand lal ji bani ,https://s3.us-east-1.amazonaws.com/keerat.xyz/keertan/sdo/yt_mga/053 MGA SDO 1053 Bay Area Local Keertan Early 1980s Jan Ko Naam.m4a,
1707702740,SDO_MGA_1,Bhai Mohinder Singh Ji SDO,00:25:43,38,375,ਬਾਣੀ ਗੁਰੂ. ਗੁਰੂ ਹੈ ਬਾਣੀ ਵਿਚਿ ਬਾਣੀ. ਅੰਮ੍ਰਿਤੁ ਸਾਰੇ ॥,https://s3.us-east-1.amazonaws.com/keerat.xyz/keertan/sdo/yt_mga/053 MGA SDO 1053 Bay Area Local Keertan Early 1980s Jan Ko Naam.m4a,ਭਾਂਡਾ ਭਾਉ ਅੰਮ੍ਰਿਤੁ ਤਿਤੁ ਢਾਲਿ ॥
1707766322,SDO_MGA_1,Bhai Mohinder Singh Ji SDO,00:27:00,,,Dhan p11. 3 forms of guru ,https://s3.us-east-1.amazonaws.com/keerat.xyz/keertan/sdo/yt_mga/053 MGA SDO 1053 Bay Area Local Keertan Early 1980s Jan Ko Naam.m4a,
1707766515,SDO_MGA_1,Bhai Mohinder Singh Ji SDO,00:28:00,48,527,"ਸਾਧਸੰਗਤਿ ਸਚੁ ਖੰਡ ਵਿਚਿ ਸਤਿਗੁਰ ਪੁਰਖੁ ਵਸੈ ਨਿਰੰਕਾਰਾ। In the holy congregation, the abode of truth, the supreme formless  Lord resides.  Bhai Gurdaas Ji",https://s3.us-east-1.amazonaws.com/keerat.xyz/keertan/sdo/yt_mga/053 MGA SDO 1053 Bay Area Local Keertan Early 1980s Jan Ko Naam.m4a,ਮਿਲੁ ਸਾਧਸੰਗਤਿ ਭਜੁ ਕੇਵਲ ਨਾਮ ॥੧॥
1707766655,SDO_MGA_1,Bhai Mohinder Singh Ji SDO,00:30:32,183,2983,"ਗੁਰਸਿਖਾ ਅੰਦਰਿ ਸਤਿਗੁਰੁ ਵਰਤੈ ਚੁਣਿ ਕਢੇ, ਲਧੋਵਾਰੇ ॥",https://s3.us-east-1.amazonaws.com/keerat.xyz/keertan/sdo/yt_mga/053 MGA SDO 1053 Bay Area Local Keertan Early 1980s Jan Ko Naam.m4a,ਗੁਰਸਿਖਾ ਲਹਦਾ ਭਾਲਿ ਕੈ ॥
1707766750,SDO_MGA_1,Bhai Mohinder Singh Ji SDO,00:31:43,40,387,ਸਤਿਗੁਰ ਆਗੈ. ਸੀਸੁ ਭੇਟ ਦੇਉ ਜੇ ਸਤਿਗੁਰ ਸਾਚੇ ਭਾਵੈ ॥,https://s3.us-east-1.amazonaws.com/keerat.xyz/keertan/sdo/yt_mga/053 MGA SDO 1053 Bay Area Local Keertan Early 1980s Jan Ko Naam.m4a,ੴ ਸਤਿਗੁਰ ਪ੍ਰਸਾਦਿ ॥
1708137575,SDO_MGA_1,Bhai Mohinder Singh Ji SDO,00:44:05,237,3508,satigur seve aapanaa so sir lekhai lai ||,https://s3.us-east-1.amazonaws.com/keerat.xyz/keertan/sdo/yt_mga/053 MGA SDO 1053 Bay Area Local Keertan Early 1980s Jan Ko Naam.m4a,ਸਤਿਗੁਰੁ ਸੇਵੇ ਆਪਣਾ ਸੋ ਸਿਰੁ ਲੇਖੈ ਲਾਇ ॥
1708137659,SDO_MGA_1,Bhai Mohinder Singh Ji SDO,00:45:20,,,muradhaa hoi mureedh so gur gor samaavai |,https://s3.us-east-1.amazonaws.com/keerat.xyz/keertan/sdo/yt_mga/053 MGA SDO 1053 Bay Area Local Keertan Early 1980s Jan Ko Naam.m4a,
1708137697,SDO_MGA_1,Bhai Mohinder Singh Ji SDO,00:46:07,112,1503,ਜਉ ਤਉ ਪ੍ਰੇਮ ਖੇਲਣ ਕਾ ਚਾਉ ॥,https://s3.us-east-1.amazonaws.com/keerat.xyz/keertan/sdo/yt_mga/053 MGA SDO 1053 Bay Area Local Keertan Early 1980s Jan Ko Naam.m4a,ਗੁਰ ਸਬਦੀ ਮਨੁ ਰੰਗਿਆ ਰਸਨਾ ਪ੍ਰੇਮ ਪਿਆਰਿ ॥
1708137819,SDO_MGA_1,Bhai Mohinder Singh Ji SDO,00:49:35,,,auh gur gobi(n)dh hoi pragaTio dhasavaa(n) avataaraa |,https://s3.us-east-1.amazonaws.com/keerat.xyz/keertan/sdo/yt_mga/053 MGA SDO 1053 Bay Area Local Keertan Early 1980s Jan Ko Naam.m4a,
1708137934,SDO_MGA_1,Bhai Mohinder Singh Ji SDO,00:52:50,,,Jul te nishan rahe panth maharaj ke,https://s3.us-east-1.amazonaws.com/keerat.xyz/keertan/sdo/yt_mga/053 MGA SDO 1053 Bay Area Local Keertan Early 1980s Jan Ko Naam.m4a,
1708138018,SDO_MGA_1,Bhai Mohinder Singh Ji SDO,00:53:15,,,Panth Khalsa kheti meri,https://s3.us-east-1.amazonaws.com/keerat.xyz/keertan/sdo/yt_mga/053 MGA SDO 1053 Bay Area Local Keertan Early 1980s Jan Ko Naam.m4a,
1708138117,SDO_MGA_1,Bhai Mohinder Singh Ji SDO,00:56:42,,,Agyaa bhi akaal tbhe chayoo panth,https://s3.us-east-1.amazonaws.com/keerat.xyz/keertan/sdo/yt_mga/053 MGA SDO 1053 Bay Area Local Keertan Early 1980s Jan Ko Naam.m4a,
1708138242,SDO_MGA_1,Bhai Mohinder Singh Ji SDO,01:04:56,38,375,"ਗੁਰਿ ਅੰਮ੍ਰਿਤੁ ਹਰਿ. ਮੁਖਿ ਚੋਇਆ, ਮੇਰੀ ਜਿੰਦੁੜੀਏ ਫਿਰਿ ਮਰਦਾ. ਬਹੁੜਿ ਜੀਵਾਇਆ ਰਾਮ ॥",https://s3.us-east-1.amazonaws.com/keerat.xyz/keertan/sdo/yt_mga/053 MGA SDO 1053 Bay Area Local Keertan Early 1980s Jan Ko Naam.m4a,ਭਾਂਡਾ ਭਾਉ ਅੰਮ੍ਰਿਤੁ ਤਿਤੁ ਢਾਲਿ ॥
1708138366,SDO_MGA_1,Bhai Mohinder Singh Ji SDO,01:09:30,61,708,ਸਤਿਗੁਰਿ ਢਾਕਿ ਲੀਆ ਮੋਹਿ ਪਾਪੀ ਪੜਦਾ ॥,https://s3.us-east-1.amazonaws.com/keerat.xyz/keertan/sdo/yt_mga/053 MGA SDO 1053 Bay Area Local Keertan Early 1980s Jan Ko Naam.m4a,ਜਿਨ ਕਉ ਸਤਿਗੁਰਿ ਥਾਪਿਆ ਤਿਨ ਮੇਟਿ ਨ ਸਕੈ ਕੋਇ ॥
1708138548,SDO_MGA_1,Bhai Mohinder Singh Ji SDO,01:12:00,252,3599,ਕਰਿ ਨਮਸਕਾਰ ਪੂਰੇ ਗੁਰਦੇਵ ॥,https://s3.us-east-1.amazonaws.com/keerat.xyz/keertan/sdo/yt_mga/053 MGA SDO 1053 Bay Area Local Keertan Early 1980s Jan Ko Naam.m4a,ਹਰਿ ਤੁਧਨੋ ਕਰਹਿ ਸਭ ਨਮਸਕਾਰੁ ਜਿਨਿ ਪਾਪੈ ਤੇ ਰਾਖਿਆ ॥
1708138602,SDO_MGA_1,Bhai Mohinder Singh Ji SDO,01:12:30,2342,26782,meraa gur pooraa sukhadhaataa ||,https://s3.us-east-1.amazonaws.com/keerat.xyz/keertan/sdo/yt_mga/053 MGA SDO 1053 Bay Area Local Keertan Early 1980s Jan Ko Naam.m4a,ਮੇਰਾ ਗੁਰੁ ਪੂਰਾ ਸੁਖਦਾਤਾ ॥
1708138726,SDO_MGA_1,Bhai Mohinder Singh Ji SDO,01:15:25,1648,19992,saajan mere preetamahu tum seh kee bhagat kareho ||,https://s3.us-east-1.amazonaws.com/keerat.xyz/keertan/sdo/yt_mga/053 MGA SDO 1053 Bay Area Local Keertan Early 1980s Jan Ko Naam.m4a,ਸਾਜਨ ਮੇਰੇ ਪ੍ਰੀਤਮਹੁ ਤੁਮ ਸਹ ਕੀ ਭਗਤਿ ਕਰੇਹੋ ॥
1708138913,SDO_MGA_1,Bhai Mohinder Singh Ji SDO,00:03:16,,,"DGN sidh bolan subh bachan dhan naanaka, teree vaddee kamaiee |",https://s3.us-east-1.amazonaws.com/keerat.xyz/keertan/sdo/yt_mga/054 MGA SDO 1054 Bay Area Local Kirtan Early 1980s Dhan Nanak.m4a,
1708139252,SDO_MGA_1,Bhai Mohinder Singh Ji SDO,00:12:53,,,Sing DGN. Katha ,https://s3.us-east-1.amazonaws.com/keerat.xyz/keertan/sdo/yt_mga/054 MGA SDO 1054 Bay Area Local Kirtan Early 1980s Dhan Nanak.m4a,
1708139335,SDO_MGA_1,Bhai Mohinder Singh Ji SDO,00:14:50,1122,13730,satigur sabhanaa dhaa bhalaa manaidhaa tis dhaa buraa. kiau hoi ||,https://s3.us-east-1.amazonaws.com/keerat.xyz/keertan/sdo/yt_mga/054 MGA SDO 1054 Bay Area Local Kirtan Early 1980s Dhan Nanak.m4a,ਲਾਹਾ ਹਰਿ ਧਨੁ ਖਟਿਆ ਗੁਰਮੁਖਿ ਸਬਦੁ ਵੀਚਾਰਿ ॥
1708358832,SDO_MGA_1,Bhai Mohinder Singh Ji SDO,00:16:30,4713,55528,"bisar giee sabha, taat paraiee ||",https://s3.us-east-1.amazonaws.com/keerat.xyz/keertan/sdo/yt_mga/054 MGA SDO 1054 Bay Area Local Kirtan Early 1980s Dhan Nanak.m4a,ਬਿਸਰਿ ਗਈ ਸਭ ਤਾਤਿ ਪਰਾਈ ॥
1708358944,SDO_MGA_1,Bhai Mohinder Singh Ji SDO,00:18:21,,,baabe kadd kar bagal te cha(n)belee dhuidh vich milaiee |,https://s3.us-east-1.amazonaws.com/keerat.xyz/keertan/sdo/yt_mga/054 MGA SDO 1054 Bay Area Local Kirtan Early 1980s Dhan Nanak.m4a,
1708359031,SDO_MGA_1,Bhai Mohinder Singh Ji SDO,00:18:55,1554,18326,naa ko dhusaman dhokheeaa naahee ko ma(n)dhaa ||,https://s3.us-east-1.amazonaws.com/keerat.xyz/keertan/sdo/yt_mga/054 MGA SDO 1054 Bay Area Local Kirtan Early 1980s Dhan Nanak.m4a,ਨਾ ਕੋ ਦੁਸਮਨੁ ਦੋਖੀਆ ਨਾਹੀ ਕੋ ਮੰਦਾ ॥
1708359159,SDO_MGA_1,Bhai Mohinder Singh Ji SDO,00:21:05,1482,17424,ਏਤੇ ਅਉਰਤ ਮਰਦਾ ਸਾਜੇ ਏ ਸਭ ਰੂਪ ਤੁਮੑਾਰੇ ॥ ਕਬੀਰੁ ਪੂੰਗਰਾ. ਰਾਮ ਅਲਹ ਕਾ ਸਭ ਗੁਰ ਪੀਰ ਹਮਾਰੇ ॥੫॥ ,https://s3.us-east-1.amazonaws.com/keerat.xyz/keertan/sdo/yt_mga/054 MGA SDO 1054 Bay Area Local Kirtan Early 1980s Dhan Nanak.m4a,ਸੁਨਿ ਕਰਿ ਬਚਨ ਤੁਮੑਾਰੇ ਸਤਿਗੁਰ ਮਨੁ ਤਨੁ ਮੇਰਾ ਠਾਰੁ ਥੀਓ ॥੧॥ ਰਹਾਉ ॥
1708359419,SDO_MGA_1,Bhai Mohinder Singh Ji SDO,00:26:19,1122,13730,satigur sabhanaa dhaa bhalaa manaidhaa tis dhaa buraa. kiau hoi ||,https://s3.us-east-1.amazonaws.com/keerat.xyz/keertan/sdo/yt_mga/054 MGA SDO 1054 Bay Area Local Kirtan Early 1980s Dhan Nanak.m4a,ਲਾਹਾ ਹਰਿ ਧਨੁ ਖਟਿਆ ਗੁਰਮੁਖਿ ਸਬਦੁ ਵੀਚਾਰਿ ॥
1708359551,SDO_MGA_1,Bhai Mohinder Singh Ji SDO,00:30:13,,,Guru Loves all. Good for all. KATHA,https://s3.us-east-1.amazonaws.com/keerat.xyz/keertan/sdo/yt_mga/054 MGA SDO 1054 Bay Area Local Kirtan Early 1980s Dhan Nanak.m4a,
1708359628,SDO_MGA_1,Bhai Mohinder Singh Ji SDO,00:30:55,,,"sidh bolan subh bachan dhan naanaka, teree vaddee kamaiee |",https://s3.us-east-1.amazonaws.com/keerat.xyz/keertan/sdo/yt_mga/054 MGA SDO 1054 Bay Area Local Kirtan Early 1980s Dhan Nanak.m4a,
1708359802,SDO_MGA_1,Bhai Mohinder Singh Ji SDO,00:32:28,,,melaa sun sivaraat dhaa baabaa achal vaTaale aaiee |,https://s3.us-east-1.amazonaws.com/keerat.xyz/keertan/sdo/yt_mga/054 MGA SDO 1054 Bay Area Local Kirtan Early 1980s Dhan Nanak.m4a,
1708359982,SDO_MGA_1,Bhai Mohinder Singh Ji SDO,00:36:00,233,3475,"jithai oh jai, tithai oh surakharoo us kai muh ddiThai, sabh paapee tariaa ||",https://s3.us-east-1.amazonaws.com/keerat.xyz/keertan/sdo/yt_mga/054 MGA SDO 1054 Bay Area Local Kirtan Early 1980s Dhan Nanak.m4a,ਜਿਥੈ ਓਹੁ ਜਾਇ ਤਿਥੈ ਓਹੁ ਸੁਰਖਰੂ ਉਸ ਕੈ ਮੁਹਿ ਡਿਠੈ ਸਭ ਪਾਪੀ ਤਰਿਆ ॥
1708360208,SDO_MGA_1,Bhai Mohinder Singh Ji SDO,00:38:41,3175,36075,gur satigur vich naavai kee vaddee vaddiaaiee har karatai aap vadhaiee ||,https://s3.us-east-1.amazonaws.com/keerat.xyz/keertan/sdo/yt_mga/054 MGA SDO 1054 Bay Area Local Kirtan Early 1980s Dhan Nanak.m4a,ਗੁਰ ਸਤਿਗੁਰ ਵਿਚਿ ਨਾਵੈ ਕੀ ਵਡੀ ਵਡਿਆਈ ਹਰਿ ਕਰਤੈ ਆਪਿ ਵਧਾਈ ॥
1708381942,SDO_MGA_1,Bhai Mohinder Singh Ji SDO,00:42:45,233,3475,"jithai oh jai, tithai oh surakharoo us kai muh ddiThai, sabh paapee tariaa ||",https://s3.us-east-1.amazonaws.com/keerat.xyz/keertan/sdo/yt_mga/054 MGA SDO 1054 Bay Area Local Kirtan Early 1980s Dhan Nanak.m4a,ਜਿਥੈ ਓਹੁ ਜਾਇ ਤਿਥੈ ਓਹੁ ਸੁਰਖਰੂ ਉਸ ਕੈ ਮੁਹਿ ਡਿਠੈ ਸਭ ਪਾਪੀ ਤਰਿਆ ॥
1708382012,SDO_MGA_1,Bhai Mohinder Singh Ji SDO,00:45:03,121,1666,ਦਰਸਨੁ ਵੇਖਣਿ ਕਾਰਨੇ ਸਗਲੀ ਉਲਟਿ ਪਈ ਲੋਕਾਈ ।,https://s3.us-east-1.amazonaws.com/keerat.xyz/keertan/sdo/yt_mga/054 MGA SDO 1054 Bay Area Local Kirtan Early 1980s Dhan Nanak.m4a,ਬਿਨੁ ਭਾਗਾ ਦਰਸਨੁ ਨਾ ਥੀਐ ਭਾਗਹੀਣ ਬਹਿ ਰੋਇ ॥
1708382066,SDO_MGA_1,Bhai Mohinder Singh Ji SDO,00:45:19,2171,24898,ਤੇਰੇ ਬੰਕੇ ਲੋਇਣ ਦੰਤ ਰੀਸਾਲਾ ॥,https://s3.us-east-1.amazonaws.com/keerat.xyz/keertan/sdo/yt_mga/054 MGA SDO 1054 Bay Area Local Kirtan Early 1980s Dhan Nanak.m4a,ਤੇਰੇ ਬੰਕੇ ਲੋਇਣ ਦੰਤ ਰੀਸਾਲਾ ॥
1708382340,SDO_MGA_1,Bhai Mohinder Singh Ji SDO,00:59:25,,,No gold. Don’t take bad money. Katha ,https://s3.us-east-1.amazonaws.com/keerat.xyz/keertan/sdo/yt_mga/054 MGA SDO 1054 Bay Area Local Kirtan Early 1980s Dhan Nanak.m4a,
1709096194,SDO_MGA_1,Bhai Mohinder Singh Ji SDO,01:21:50,4064,48375,uooThat sukheeaa baiThat sukheeaa ||,https://s3.us-east-1.amazonaws.com/keerat.xyz/keertan/sdo/yt_mga/054 MGA SDO 1054 Bay Area Local Kirtan Early 1980s Dhan Nanak.m4a,ਊਠਤ ਸੁਖੀਆ ਬੈਠਤ ਸੁਖੀਆ ॥
1709096257,SDO_MGA_1,Bhai Mohinder Singh Ji SDO,01:23:40,1258,14547,naanaka. naam salaahiaai man tan seetal hoi ||1||,https://s3.us-east-1.amazonaws.com/keerat.xyz/keertan/sdo/yt_mga/054 MGA SDO 1054 Bay Area Local Kirtan Early 1980s Dhan Nanak.m4a,ਨਾਨਕ ਨਾਮਿ ਸਲਾਹਿਐ ਮਨੁ ਤਨੁ ਸੀਤਲੁ ਹੋਇ ॥੧॥
1709096296,SDO_MGA_1,Bhai Mohinder Singh Ji SDO,01:24:05,40038,200334,ਫਿਰਿ ਬਾਬਾ ਆਇਆ ਕਰਤਾਰਪੁਰਿ ਭੇਖੁ ਉਦਾਸੀ ਸਗਲ ਉਤਾਰਾ ।,https://s3.us-east-1.amazonaws.com/keerat.xyz/keertan/sdo/yt_mga/054 MGA SDO 1054 Bay Area Local Kirtan Early 1980s Dhan Nanak.m4a,ਫਿਰਿ ਬਾਬਾ ਆਇਆ ਕਰਤਾਰਪੁਰਿ ਭੇਖੁ ਉਦਾਸੀ ਸਗਲ ਉਤਾਰਾ।
1709096354,SDO_MGA_1,Bhai Mohinder Singh Ji SDO,01:24:40,57,645,ਹਿਰਦੈ ਨਾਮੁ ਵਿਚਹੁ ਆਪੁ ਗਵਾਏ ॥,https://s3.us-east-1.amazonaws.com/keerat.xyz/keertan/sdo/yt_mga/054 MGA SDO 1054 Bay Area Local Kirtan Early 1980s Dhan Nanak.m4a,ਤਿਨ ਮਤਿ ਤਿਨ ਪਤਿ ਤਿਨ ਧਨੁ ਪਲੈ ਜਿਨ ਹਿਰਦੈ ਰਹਿਆ ਸਮਾਇ ॥
1709096408,SDO_MGA_1,Bhai Mohinder Singh Ji SDO,00:00:00,1680,20637,binava(n)t naanaka. sadhaa jaageh har dhaas sa(n)t piaare ||1||,https://s3.us-east-1.amazonaws.com/keerat.xyz/keertan/sdo/yt_mga/055 MGA SDO 1055 El Sobrante CA Jan 1 1980 Bhai Mohinder Singh SDO.m4a,ਬਿਨਵੰਤਿ ਨਾਨਕ ਸਦਾ ਜਾਗਹਿ ਹਰਿ ਦਾਸ ਸੰਤ ਪਿਆਰੇ ॥੧॥
1709269432,SDO_MGA_1,Bhai Mohinder Singh Ji SDO,00:06:20,1395,16249,eiau kiau ka(n)t piaaree hovaa ||,https://s3.us-east-1.amazonaws.com/keerat.xyz/keertan/sdo/yt_mga/055 MGA SDO 1055 El Sobrante CA Jan 1 1980 Bhai Mohinder Singh SDO.m4a,ਇਉ ਕਿਉ ਕੰਤ ਪਿਆਰੀ ਹੋਵਾ ॥
1709269645,SDO_MGA_1,Bhai Mohinder Singh Ji SDO,00:18:04,2901,33030,"ਮਾਰੇਹਿਸੁ. ਵੇ ਜਨ, ਹਉਮੈ ਬਿਖਿਆ ਜਿਨਿ ਹਰਿ ਪ੍ਰਭ ਮਿਲਣ. ਨ ਦਿਤੀਆ ॥",https://s3.us-east-1.amazonaws.com/keerat.xyz/keertan/sdo/yt_mga/055 MGA SDO 1055 El Sobrante CA Jan 1 1980 Bhai Mohinder Singh SDO.m4a,ਮਾਰੇਹਿਸੁ ਵੇ ਜਨ ਹਉਮੈ ਬਿਖਿਆ ਜਿਨਿ ਹਰਿ ਪ੍ਰਭ ਮਿਲਣ ਨ ਦਿਤੀਆ ॥
1709269767,SDO_MGA_1,Bhai Mohinder Singh Ji SDO,00:22:10,,,"muradhe vaa(n)g mureedh hoi, kar sidhak sabooree |",https://s3.us-east-1.amazonaws.com/keerat.xyz/keertan/sdo/yt_mga/055 MGA SDO 1055 El Sobrante CA Jan 1 1980 Bhai Mohinder Singh SDO.m4a,
1709270040,SDO_MGA_1,Bhai Mohinder Singh Ji SDO,00:27:45,540,7637,eis gireh meh koiee jaagat rahai ||,https://s3.us-east-1.amazonaws.com/keerat.xyz/keertan/sdo/yt_mga/055 MGA SDO 1055 El Sobrante CA Jan 1 1980 Bhai Mohinder Singh SDO.m4a,ਇਸੁ ਗ੍ਰਿਹ ਮਹਿ ਕੋਈ ਜਾਗਤੁ ਰਹੈ ॥
1709270429,SDO_MGA_1,Bhai Mohinder Singh Ji SDO,00:37:40,276,3830,ਗੁਰਸਿਖਾਂ ਕੀ ਹਰਿ. ਧੂੜਿ ਦੇਹਿ ਹਮ ਪਾਪੀ ਭੀ ਗਤਿ ਪਾਂਹਿ ॥,https://s3.us-east-1.amazonaws.com/keerat.xyz/keertan/sdo/yt_mga/055 MGA SDO 1055 El Sobrante CA Jan 1 1980 Bhai Mohinder Singh SDO.m4a,ਗੁਰਸਿਖਾਂ ਕੈ ਮਨਿ ਪਿਆਰੀ ਭਾਣੀ ॥
1709270551,SDO_MGA_1,Bhai Mohinder Singh Ji SDO,00:40:58,183,2983,ਗੁਰਸਿਖ ਜੋਗੀ ਜਾਗਦੇ ਮਾਇਆ ਅੰਦਰਿ ਕਰਨਿ ਉਦਾਸੀ ।,https://s3.us-east-1.amazonaws.com/keerat.xyz/keertan/sdo/yt_mga/055 MGA SDO 1055 El Sobrante CA Jan 1 1980 Bhai Mohinder Singh SDO.m4a,ਗੁਰਸਿਖਾ ਲਹਦਾ ਭਾਲਿ ਕੈ ॥
1709270616,SDO_MGA_1,Bhai Mohinder Singh Ji SDO,00:42:25,245,3558,hasa(n)dhiaa khela(n)dhiaa paina(n)dhiaa khaava(n)dhiaa viche hovai mukat ||2||,https://s3.us-east-1.amazonaws.com/keerat.xyz/keertan/sdo/yt_mga/055 MGA SDO 1055 El Sobrante CA Jan 1 1980 Bhai Mohinder Singh SDO.m4a,ਮਃ ੫ ॥
1709270698,SDO_MGA_1,Bhai Mohinder Singh Ji SDO,00:43:53,1,1,ਕਟੀਐ ਤੇਰਾ ਅਹੰ ਰੋਗੁ ॥ਤੂੰ ਗੁਰ ਪ੍ਰਸਾਦਿ ਕਰਿ ਰਾਜ ਜੋਗੁ ॥੧॥,https://s3.us-east-1.amazonaws.com/keerat.xyz/keertan/sdo/yt_mga/055 MGA SDO 1055 El Sobrante CA Jan 1 1980 Bhai Mohinder Singh SDO.m4a,ੴ ਸਤਿ ਨਾਮੁ ਕਰਤਾ ਪੁਰਖੁ ਨਿਰਭਉ ਨਿਰਵੈਰੁ ਅਕਾਲ ਮੂਰਤਿ ਅਜੂਨੀ ਸੈਭੰ ਗੁਰ ਪ੍ਰਸਾਦਿ ॥
1709270772,SDO_MGA_1,Bhai Mohinder Singh Ji SDO,00:44:44,218,3376,ਰਾਜ ਲੀਲਾ ਤੇਰੈ ਨਾਮਿ ਬਨਾਈ ॥ ਜੋਗੁ ਬਨਿਆ ਤੇਰਾ ਕੀਰਤਨੁ ਗਾਈ ॥੧॥,https://s3.us-east-1.amazonaws.com/keerat.xyz/keertan/sdo/yt_mga/055 MGA SDO 1055 El Sobrante CA Jan 1 1980 Bhai Mohinder Singh SDO.m4a,ਹਰਿ ਕੀ ਵਡਿਆਈ ਵਡੀ ਹੈ ਹਰਿ ਕੀਰਤਨੁ ਹਰਿ ਕਾ ॥
1709270833,SDO_MGA_1,Bhai Mohinder Singh Ji SDO,00:47:52,,,fir baabaa aaiaa karataarapur bhekh udhaasee sagal utaaraa |,https://s3.us-east-1.amazonaws.com/keerat.xyz/keertan/sdo/yt_mga/055 MGA SDO 1055 El Sobrante CA Jan 1 1980 Bhai Mohinder Singh SDO.m4a,
1709270940,SDO_MGA_1,Bhai Mohinder Singh Ji SDO,00:49:40,2512,28383,sa(n)tahu man pavanai sukh baniaa ||,https://s3.us-east-1.amazonaws.com/keerat.xyz/keertan/sdo/yt_mga/055 MGA SDO 1055 El Sobrante CA Jan 1 1980 Bhai Mohinder Singh SDO.m4a,ਸੰਤਹੁ ਮਨ ਪਵਨੈ ਸੁਖੁ ਬਨਿਆ ॥
1709271121,SDO_MGA_1,Bhai Mohinder Singh Ji SDO,00:55:34,8,61,ਸੁਣਿਐ ਸਿਧ ਪੀਰ ਸੁਰਿ ਨਾਥ ॥,https://s3.us-east-1.amazonaws.com/keerat.xyz/keertan/sdo/yt_mga/055 MGA SDO 1055 El Sobrante CA Jan 1 1980 Bhai Mohinder Singh SDO.m4a,ਸੁਣਿਐ ਸਿਧ ਪੀਰ ਸੁਰਿ ਨਾਥ ॥
1709271204,SDO_MGA_1,Bhai Mohinder Singh Ji SDO,01:00:08,,,Forgivness khimaa. fareedhaa. bure dhaa bhalaa kar gusaa mani. na haddai ||,https://s3.us-east-1.amazonaws.com/keerat.xyz/keertan/sdo/yt_mga/055 MGA SDO 1055 El Sobrante CA Jan 1 1980 Bhai Mohinder Singh SDO.m4a,
1709271961,SDO_MGA_1,Bhai Mohinder Singh Ji SDO,01:04:03,,,satigur jaag jagaidhaa saadhasa(n)gat mil a(n)mirat velaa |,https://s3.us-east-1.amazonaws.com/keerat.xyz/keertan/sdo/yt_mga/055 MGA SDO 1055 El Sobrante CA Jan 1 1980 Bhai Mohinder Singh SDO.m4a,
1709271987,SDO_MGA_1,Bhai Mohinder Singh Ji SDO,01:05:50,1502,17649,jaag re man jaaganahaare ||,https://s3.us-east-1.amazonaws.com/keerat.xyz/keertan/sdo/yt_mga/055 MGA SDO 1055 El Sobrante CA Jan 1 1980 Bhai Mohinder Singh SDO.m4a,ਜਾਗੁ ਰੇ ਮਨ ਜਾਗਨਹਾਰੇ ॥
1709272059,SDO_MGA_1,Bhai Mohinder Singh Ji SDO,01:17:00,524,7330,apane prabh siau hoh saavadhaan ||,https://s3.us-east-1.amazonaws.com/keerat.xyz/keertan/sdo/yt_mga/055 MGA SDO 1055 El Sobrante CA Jan 1 1980 Bhai Mohinder Singh SDO.m4a,ਅਪਨੇ ਪ੍ਰਭ ਸਿਉ ਹੋਹੁ ਸਾਵਧਾਨੁ ॥
1709272587,SDO_MGA_1,Bhai Mohinder Singh Ji SDO,01:20:35,1636,19665,ਨਾਮੁ ਖੇਤੀ ਬੀਜਹੁ ਭਾਈ ਮੀਤ ॥ ਸਉਦਾ ਕਰਹੁ ਗੁਰੁ ਸੇਵਹੁ ਨੀਤ ॥੩॥,https://s3.us-east-1.amazonaws.com/keerat.xyz/keertan/sdo/yt_mga/055 MGA SDO 1055 El Sobrante CA Jan 1 1980 Bhai Mohinder Singh SDO.m4a,ਨਾਮੁ ਖੇਤੀ ਬੀਜਹੁ ਭਾਈ ਮੀਤ ॥
1709272618,SDO_MGA_1,Bhai Mohinder Singh Ji SDO,01:26:00,,,AKV after rsk,https://s3.us-east-1.amazonaws.com/keerat.xyz/keertan/sdo/yt_mga/055 MGA SDO 1055 El Sobrante CA Jan 1 1980 Bhai Mohinder Singh SDO.m4a,
1709272832,SDO_MGA_1,Bhai Mohinder Singh Ji SDO,00:04:04,4082,48613,jo jo dheesai so so rogee ||,https://s3.us-east-1.amazonaws.com/keerat.xyz/keertan/sdo/yt_mga/056 MGA SDO 1056 El Sobrante CA July 20 1980 Bhai Mohinder Singh SDO.m4a,ਜੋ ਜੋ ਦੀਸੈ ਸੋ ਸੋ ਰੋਗੀ ॥
1709306417,SDO_MGA_1,Bhai Mohinder Singh Ji SDO,00:06:45,2901,33030,"maarehisu. ve jana, haumai bikhiaa jin har prabh milana. na dhiteeaa ||",https://s3.us-east-1.amazonaws.com/keerat.xyz/keertan/sdo/yt_mga/056 MGA SDO 1056 El Sobrante CA July 20 1980 Bhai Mohinder Singh SDO.m4a,ਮਾਰੇਹਿਸੁ ਵੇ ਜਨ ਹਉਮੈ ਬਿਖਿਆ ਜਿਨਿ ਹਰਿ ਪ੍ਰਭ ਮਿਲਣ ਨ ਦਿਤੀਆ ॥
1709306648,SDO_MGA_1,Bhai Mohinder Singh Ji SDO,00:12:20,3157,35879,dhan dha(n)n guroo saabaas hai jin haumai maaree raam ||,https://s3.us-east-1.amazonaws.com/keerat.xyz/keertan/sdo/yt_mga/056 MGA SDO 1056 El Sobrante CA July 20 1980 Bhai Mohinder Singh SDO.m4a,ਧਨੁ ਧੰਨੁ ਗੁਰੂ ਸਾਬਾਸਿ ਹੈ ਜਿਨਿ ਹਉਮੈ ਮਾਰੀ ਰਾਮ ॥
1709306785,SDO_MGA_1,Bhai Mohinder Singh Ji SDO,00:16:15,32,313,ਲਖੁ ਲਖੁ ਗੇੜਾ ਆਖੀਅਹਿ ਏਕੁ ਨਾਮੁ ਜਗਦੀਸ ॥,https://s3.us-east-1.amazonaws.com/keerat.xyz/keertan/sdo/yt_mga/056 MGA SDO 1056 El Sobrante CA July 20 1980 Bhai Mohinder Singh SDO.m4a,ਲਖੁ ਲਖੁ ਗੇੜਾ ਆਖੀਅਹਿ ਏਕੁ ਨਾਮੁ ਜਗਦੀਸ ॥
1709306842,SDO_MGA_1,Bhai Mohinder Singh Ji SDO,00:19:00,,,Katha Kaam elephant,https://s3.us-east-1.amazonaws.com/keerat.xyz/keertan/sdo/yt_mga/056 MGA SDO 1056 El Sobrante CA July 20 1980 Bhai Mohinder Singh SDO.m4a,
1709306966,SDO_MGA_1,Bhai Mohinder Singh Ji SDO,00:28:52,1,1,ਮੈ ਹੋ ਪਰਮ ਪੁਰਖ ਕੋ ਦਾਸਾ ॥ Dhan Guru Gobind Sahib Sahib,https://s3.us-east-1.amazonaws.com/keerat.xyz/keertan/sdo/yt_mga/056 MGA SDO 1056 El Sobrante CA July 20 1980 Bhai Mohinder Singh SDO.m4a,ੴ ਸਤਿ ਨਾਮੁ ਕਰਤਾ ਪੁਰਖੁ ਨਿਰਭਉ ਨਿਰਵੈਰੁ ਅਕਾਲ ਮੂਰਤਿ ਅਜੂਨੀ ਸੈਭੰ ਗੁਰ ਪ੍ਰਸਾਦਿ ॥
1709307033,SDO_MGA_1,Bhai Mohinder Singh Ji SDO,00:32:30,40615,205016,"akhee vekh na rajeeaa, bahu ra(n)g tamaase |",https://s3.us-east-1.amazonaws.com/keerat.xyz/keertan/sdo/yt_mga/056 MGA SDO 1056 El Sobrante CA July 20 1980 Bhai Mohinder Singh SDO.m4a,ਅਖੀ ਵੇਖਿ ਨ ਰਜੀਆ ਬਹੁ ਰੰਗ ਤਮਾਸੇ।
1709307166,SDO_MGA_1,Bhai Mohinder Singh Ji SDO,00:35:00,1,3,ਆਦਿ ਸਚੁ ਜੁਗਾਦਿ ਸਚੁ ॥,https://s3.us-east-1.amazonaws.com/keerat.xyz/keertan/sdo/yt_mga/056 MGA SDO 1056 El Sobrante CA July 20 1980 Bhai Mohinder Singh SDO.m4a,ਆਦਿ ਸਚੁ ਜੁਗਾਦਿ ਸਚੁ ॥
1709307281,SDO_MGA_1,Bhai Mohinder Singh Ji SDO,00:45:35,,,I am Sinner. All bad in me,https://s3.us-east-1.amazonaws.com/keerat.xyz/keertan/sdo/yt_mga/056 MGA SDO 1056 El Sobrante CA July 20 1980 Bhai Mohinder Singh SDO.m4a,
1709307473,SDO_MGA_1,Bhai Mohinder Singh Ji SDO,00:48:00,,,mere raama. ham paapee saran pare har dhuaar ||,https://s3.us-east-1.amazonaws.com/keerat.xyz/keertan/sdo/yt_mga/056 MGA SDO 1056 El Sobrante CA July 20 1980 Bhai Mohinder Singh SDO.m4a,
1709327330,SDO_MGA_1,Bhai Mohinder Singh Ji SDO,00:53:50,,,sukh saagar gur chhadd kai bhavajal a(n)dhar bha(n)bhalabhoose |,https://s3.us-east-1.amazonaws.com/keerat.xyz/keertan/sdo/yt_mga/056 MGA SDO 1056 El Sobrante CA July 20 1980 Bhai Mohinder Singh SDO.m4a,
1709330075,SDO_MGA_1,Bhai Mohinder Singh Ji SDO,01:21:18,3571,41277,anand sahib after terai ghar aana(n)dh vadhaiee tudh ghar ||,https://s3.us-east-1.amazonaws.com/keerat.xyz/keertan/sdo/yt_mga/056 MGA SDO 1056 El Sobrante CA July 20 1980 Bhai Mohinder Singh SDO.m4a,ਤੇਰੈ ਘਰਿ ਆਨੰਦੁ ਵਧਾਈ ਤੁਧੁ ਘਰਿ ॥
1709330115,SDO_MGA_1,Bhai Mohinder Singh Ji SDO,00:00:00,2382,27282,apane kaaj kau. kiau alakaieeaai ||,https://s3.us-east-1.amazonaws.com/keerat.xyz/keertan/sdo/yt_mga/058 MGA SDO 1058 Squamish BC Aug 1980 Bhai Mohinder Singh SDO 2.m4a,ਅਪਨੇ ਕਾਜ ਕਉ ਕਿਉ ਅਲਕਾਈਐ ॥
1710989917,SDO_MGA_1,Bhai Mohinder Singh Ji SDO,00:02:16,2315,26542,har jan kau ihee suhaavai ||,https://s3.us-east-1.amazonaws.com/keerat.xyz/keertan/sdo/yt_mga/058 MGA SDO 1058 Squamish BC Aug 1980 Bhai Mohinder Singh SDO 2.m4a,ਹਰਿ ਜਨ ਕਉ ਇਹੀ ਸੁਹਾਵੈ ॥
1710997273,SDO_MGA_1,Bhai Mohinder Singh Ji SDO,00:09:04,3368,39020,kaahoo bihaavai baal paRaavat ||,https://s3.us-east-1.amazonaws.com/keerat.xyz/keertan/sdo/yt_mga/058 MGA SDO 1058 Squamish BC Aug 1980 Bhai Mohinder Singh SDO 2.m4a,ਕਾਹੂ ਬਿਹਾਵੈ ਬਾਲ ਪੜਾਵਤ ॥
1710997886,SDO_MGA_1,Bhai Mohinder Singh Ji SDO,00:17:18,27,285,ਰਚਨਾ ਸਾਚੁ ਬਨੀ ॥ ਸਭ ਕਾ ਏਕੁ ਧਨੀ ॥੧॥ ਰਹਾਉ ॥,https://s3.us-east-1.amazonaws.com/keerat.xyz/keertan/sdo/yt_mga/058 MGA SDO 1058 Squamish BC Aug 1980 Bhai Mohinder Singh SDO 2.m4a,ਹੈ ਭੀ ਹੋਸੀ ਜਾਇ ਨ ਜਾਸੀ ਰਚਨਾ ਜਿਨਿ ਰਚਾਈ ॥
1711023819,SDO_MGA_1,Bhai Mohinder Singh Ji SDO,00:24:27,4,35,ਉਚਰਹੁ ਰਾਮ ਨਾਮੁ ਲਖ ਬਾਰੀ ॥ ਅੰਮ੍ਰਿਤ ਰਸੁ ਪੀਵਹੁ ਪ੍ਰਭ ਪਿਆਰੀ ॥੧॥ ਰਹਾਉ ॥,https://s3.us-east-1.amazonaws.com/keerat.xyz/keertan/sdo/yt_mga/058 MGA SDO 1058 Squamish BC Aug 1980 Bhai Mohinder Singh SDO 2.m4a,ਅੰਮ੍ਰਿਤ ਵੇਲਾ ਸਚੁ ਨਾਉ ਵਡਿਆਈ ਵੀਚਾਰੁ ॥
1711024010,SDO_MGA_1,Bhai Mohinder Singh Ji SDO,00:25:11,182,2915,ਜਿਨੑ ਪੀਆ. ਸੇ ਮਸਤ ਭਏ ਹੈ ਤੂਟੇ ਬੰਧਨ ਫਾਹੇ ॥ ਜੋਤੀ ਜੋਤਿ ਸਮਾਣੀ ਭੀਤਰਿ ਤਾ ਛੋਡੇ ਮਾਇਆ ਕੇ ਲਾਹੇ ॥ ਜੋਤੀ ਜੋਤਿ ਸਮਾਣੀ ਭੀਤਰਿ ਤਾ ਛੋਡੇ ਮਾਇਆ ਕੇ ਲਾਹੇ ॥   ,https://s3.us-east-1.amazonaws.com/keerat.xyz/keertan/sdo/yt_mga/058 MGA SDO 1058 Squamish BC Aug 1980 Bhai Mohinder Singh SDO 2.m4a,ਤੇਰਿਆ ਭਗਤਾ ਰਿਦੈ ਸਮਾਣੀਆ ॥
1711383894,SDO_MGA_1,Bhai Mohinder Singh Ji SDO,00:33:43,461,6428,anand sahib: ਚਿੰਤਾ ਧਾਵਤ ਰਹਿ ਗਏ ਤਾਂ ਮਨਿ ਭਇਆ ਅਨੰਦੁ ॥ ਗੁਰ ਪ੍ਰਸਾਦੀ ਬੁਝੀਐ ਸਾ ਧਨ ਸੁਤੀ ਨਿਚਿੰਦ ॥ ਜਿਨ ਕਉ ਪੂਰਬਿ ਲਿਖਿਆ ਤਿਨੑਾ ਭੇਟਿਆ ਗੁਰ ਗੋਵਿੰਦੁ ॥ ਨਾਨਕ. ਸਹਜੇ ਮਿਲਿ ਰਹੇ ਹਰਿ ਪਾਇਆ ਪਰਮਾਨੰਦੁ ॥੨੫॥,https://s3.us-east-1.amazonaws.com/keerat.xyz/keertan/sdo/yt_mga/058 MGA SDO 1058 Squamish BC Aug 1980 Bhai Mohinder Singh SDO 2.m4a,ਗੁਰਮਤਿ ਪਾਏ ਪਰਮਾਨੰਦੁ ॥੩॥
1711386958,random,Bhai Mohinder Singh Ji SDO,00:50:45,4155,49960,garuR chaR(h)e gobi(n)dh aailaa ||15||,https://sikhsoul.com/golden_khajana_files/mp3/Keertan/Bhai Mohinder Singh SDO/Jo Thudhh Sach Dhhiaaeidhae Sae Viralae Thhorrae.mp3,ਗਰੁੜ ਚੜੑੇ ਗੋਬਿੰਦ ਆਇਲਾ ॥੧੫॥
1711404166,random,Bhai Mohinder Singh Ji SDO,00:13:58,3276,37286,ham ddolata. beRee paap bharee hai pavan lagai mat jaiee ||,https://s3.us-east-1.amazonaws.com/keerat.xyz/keertan/sdo/yt_mga/599 MGA SDO 1561 Keese Man Terega 1 Jalandhar 1974 T 2 Spool 6 Calcutta.m4a,ਹਮ ਡੋਲਤ ਬੇੜੀ ਪਾਪ ਭਰੀ ਹੈ ਪਵਣੁ ਲਗੈ ਮਤੁ ਜਾਈ ॥
1711408362,SDO_MGA_1,Bhai Mohinder Singh Ji SDO,00:39:38,749,10642,mil mere preetamaa jeeau tudh bin kharee nimaanee ||,https://s3.us-east-1.amazonaws.com/keerat.xyz/keertan/sdo/yt_mga/058 MGA SDO 1058 Squamish BC Aug 1980 Bhai Mohinder Singh SDO 2.m4a,ਮਿਲੁ ਮੇਰੇ ਪ੍ਰੀਤਮਾ ਜੀਉ ਤੁਧੁ ਬਿਨੁ ਖਰੀ ਨਿਮਾਣੀ ॥
1711408502,SDO_MGA_1,Bhai Mohinder Singh Ji SDO,00:00:00,524,7330,apane prabh siau hoh saavadhaan ||,https://s3.us-east-1.amazonaws.com/keerat.xyz/keertan/sdo/yt_mga/059 MGA SDO 1059 Vancouver BC Nov 11 1979 Bhai Mohinder Singh SDO.m4a,ਅਪਨੇ ਪ੍ਰਭ ਸਿਉ ਹੋਹੁ ਸਾਵਧਾਨੁ ॥
1711408606,SDO_MGA_1,Bhai Mohinder Singh Ji SDO,00:01:53,5288,58712,fareedhaa. raat kathooree va(n)ddeeaai sutiaa milai. na bhaau ||,https://s3.us-east-1.amazonaws.com/keerat.xyz/keertan/sdo/yt_mga/059 MGA SDO 1059 Vancouver BC Nov 11 1979 Bhai Mohinder Singh SDO.m4a,ਫਰੀਦਾ ਰਾਤਿ ਕਥੂਰੀ ਵੰਡੀਐ ਸੁਤਿਆ ਮਿਲੈ ਨ ਭਾਉ ॥
1711408696,SDO_MGA_1,Bhai Mohinder Singh Ji SDO,00:03:40,5096,58298,kabeera. sootaa kiaa kareh uTh ki. na japeh muraar ||,https://s3.us-east-1.amazonaws.com/keerat.xyz/keertan/sdo/yt_mga/059 MGA SDO 1059 Vancouver BC Nov 11 1979 Bhai Mohinder Singh SDO.m4a,ਕਬੀਰ ਸੂਤਾ ਕਿਆ ਕਰਹਿ ਉਠਿ ਕਿ ਨ ਜਪਹਿ ਮੁਰਾਰਿ ॥
1711408820,SDO_MGA_1,Bhai Mohinder Singh Ji SDO,00:08:35,,,Gursikh jogi jagde. Wake up parkaran,https://s3.us-east-1.amazonaws.com/keerat.xyz/keertan/sdo/yt_mga/059 MGA SDO 1059 Vancouver BC Nov 11 1979 Bhai Mohinder Singh SDO.m4a,
1711408922,SDO_MGA_1,Bhai Mohinder Singh Ji SDO,00:13:08,524,7324,karam bhoom meh boahu naam ||,https://s3.us-east-1.amazonaws.com/keerat.xyz/keertan/sdo/yt_mga/059 MGA SDO 1059 Vancouver BC Nov 11 1979 Bhai Mohinder Singh SDO.m4a,ਕਰਮ ਭੂਮਿ ਮਹਿ ਬੋਅਹੁ ਨਾਮੁ ॥
1711409030,SDO_MGA_1,Bhai Mohinder Singh Ji SDO,00:13:59,,,jaanahu dharatee dharam kee sachee dharamasaalaa |,https://s3.us-east-1.amazonaws.com/keerat.xyz/keertan/sdo/yt_mga/059 MGA SDO 1059 Vancouver BC Nov 11 1979 Bhai Mohinder Singh SDO.m4a,
1711489006,HeeraRattan,Bhai Mohinder Singh Ji SDO,00:00:00,3302,37674,khol kivaaraa mahal bulaiaa ||,https://s3.us-east-1.amazonaws.com/keerat.xyz/keertan/sdo/yt_heeraRattan/001 Bhai Mohinder Singh Ji (SDO) In loving memory ♥ (heeraRattan).mp3,ਖੋਲਿ ਕਿਵਾਰਾ ਮਹਲਿ ਬੁਲਾਇਆ ॥
1711489080,HeeraRattan,Bhai Mohinder Singh Ji SDO,00:00:00,2904,33099,gobi(n)dh gun gaavan laage ||,https://s3.us-east-1.amazonaws.com/keerat.xyz/keertan/sdo/yt_heeraRattan/002 Bhai Mohinder Singh Ji (SDO) In loving memory ♥ (heeraRattan).mp3,ਗੋਬਿੰਦ ਗੁਣ ਗਾਵਣ ਲਾਗੇ ॥
1717091840,HeeraRattan,Bhai Mohinder Singh Ji SDO,00:02:16,2762,30860,sa(n)t janaa mil har jas gaio ||,https://s3.us-east-1.amazonaws.com/keerat.xyz/keertan/sdo/yt_heeraRattan/002 Bhai Mohinder Singh Ji (SDO) In loving memory ♥ (heeraRattan).mp3,ਸੰਤ ਜਨਾ ਮਿਲਿ ਹਰਿ ਜਸੁ ਗਾਇਓ ॥
1711489167,HeeraRattan,Bhai Mohinder Singh Ji SDO,00:00:00,1648,20034,"dha(n)nu su velaa, jit mai satigur miliaa so sahu chit aaiaa ||",https://s3.us-east-1.amazonaws.com/keerat.xyz/keertan/sdo/yt_heeraRattan/003 Bhai Mohinder Singh Ji (SDO) In loving memory ♥ (heeraRattan).mp3,ਧੰਨੁ ਸੁ ਵੇਲਾ ਜਿਤੁ ਮੈ ਸਤਿਗੁਰੁ ਮਿਲਿਆ ਸੋ ਸਹੁ ਚਿਤਿ ਆਇਆ ॥
1717093441,HeeraRattan,Bhai Mohinder Singh Ji SDO,00:12:22,3789,46015,aaisaa ko vaddabhaagee aaiaa ||,https://s3.us-east-1.amazonaws.com/keerat.xyz/keertan/sdo/yt_heeraRattan/003 Bhai Mohinder Singh Ji (SDO) In loving memory ♥ (heeraRattan).mp3,ਐਸਾ ਕੋ ਵਡਭਾਗੀ ਆਇਆ ॥
1711489199,HeeraRattan,Bhai Mohinder Singh Ji SDO,00:00:00,202,3302,naanaka. ghar hee baiThiaa sahu milai je neeat raas karei ||104||,https://s3.us-east-1.amazonaws.com/keerat.xyz/keertan/sdo/yt_heeraRattan/004 Bhai Mohinder Singh.ji SDO Calagary 1989 (heeraRattan).mp3,ਨਾਨਕ ਜਿਨਿ ਅਖੀ ਲੀਤੀਆ ਸੋਈ ਸਚਾ ਦੇਇ ॥੨॥
1711489522,HeeraRattan,Bhai Mohinder Singh Ji SDO,00:04:28,5373,59067,"ਭਲੇ ਅਮਰਦਾਸ. ਗੁਣ ਤੇਰੇ ਤੇਰੀ ਉਪਮਾ, ਤੋਹਿ ਬਨਿ ਆਵੈ ॥੧॥੨੨॥",https://s3.us-east-1.amazonaws.com/keerat.xyz/keertan/sdo/yt_heeraRattan/004 Bhai Mohinder Singh.ji SDO Calagary 1989 (heeraRattan).mp3,ਕਵਿ ਜਨ ਕਲੵ ਸਬੁਧੀ ਕੀਰਤਿ ਜਨ ਅਮਰਦਾਸ ਬਿਸ੍ਤਰੀਯਾ ॥
1711489698,HeeraRattan,Bhai Mohinder Singh Ji SDO,00:06:16,245,3560,fareedhaa. garab jin(h)aa vaddiaaieeaa dhan joban aagaeh ||,https://s3.us-east-1.amazonaws.com/keerat.xyz/keertan/sdo/yt_heeraRattan/004 Bhai Mohinder Singh.ji SDO Calagary 1989 (heeraRattan).mp3,ਕਸਤੂਰੀ ਕੈ ਭੋਲੜੈ ਗੰਦੇ ਡੁੰਮਿ ਪਈਆਸੁ ॥੨॥
1711490055,HeeraRattan,Bhai Mohinder Singh Ji SDO,00:07:27,5333,58825,mad nimarta humble. mat hodhee hoi iaanaa ||,https://s3.us-east-1.amazonaws.com/keerat.xyz/keertan/sdo/yt_heeraRattan/004 Bhai Mohinder Singh.ji SDO Calagary 1989 (heeraRattan).mp3,ਮਤਿ ਹੋਦੀ ਹੋਇ ਇਆਣਾ ॥
1711490132,HeeraRattan,Bhai Mohinder Singh Ji SDO,00:07:27,5333,58825,mad nimarta humble.  mat hodhee hoi iaanaa ||,https://s3.us-east-1.amazonaws.com/keerat.xyz/keertan/sdo/yt_heeraRattan/004 Bhai Mohinder Singh.ji SDO Calagary 1989 (heeraRattan).mp3,ਮਤਿ ਹੋਦੀ ਹੋਇ ਇਆਣਾ ॥
1711508919,HeeraRattan,Bhai Mohinder Singh Ji SDO,00:13:30,200,3246,"Anand sahib. ਹਰਿ ਰਾਸਿ ਮੇਰੀ ਮਨੁ ਵਣਜਾਰਾ ॥ har raas meree man vanajaaraa || The Lord is my capital; my mind is the merchant. ਹਰਿ ਰਾਸਿ ਮੇਰੀ. ਮਨੁ ਵਣਜਾਰਾ ਸਤਿਗੁਰ ਤੇ ਰਾਸਿ ਜਾਣੀ ॥ har raas meree. man vanajaaraa satigur te raas jaanee || The Lord is my capital, and my mind is the merchant; through the True Guru, I know my capital. ਹਰਿ ਹਰਿ ਨਿਤ ਜਪਿਹੁ ਜੀਅਹੁ ਲਾਹਾ ਖਟਿਹੁ ਦਿਹਾੜੀ ॥ har har nit japih jeeahu laahaa khaTih dhihaaRee || Meditate continually on the Lord, Har, Har, O my soul, and you shall collect your profits daily. ਏਹੁ ਧਨੁ ਤਿਨਾ ਮਿਲਿਆ ਜਿਨ ਹਰਿ ਆਪੇ ਭਾਣਾ ॥ eh dhan tinaa miliaa jin har aape bhaanaa || This wealth is obtained by those who are pleasing to the Lord's Will. ਕਹੈ ਨਾਨਕੁ. ਹਰਿ ਰਾਸਿ ਮੇਰੀ ਮਨੁ ਹੋਆ ਵਣਜਾਰਾ ॥੩੧॥",https://s3.us-east-1.amazonaws.com/keerat.xyz/keertan/sdo/yt_heeraRattan/004 Bhai Mohinder Singh.ji SDO Calagary 1989 (heeraRattan).mp3,ਸਿਰੀਰਾਗੁ ਮਹਲਾ ੪ ਵਣਜਾਰਾ
1711509044,HeeraRattan,Bhai Mohinder Singh Ji SDO,00:20:25,1239,14466,har dhan sachee raas hai kinai viralai jaataa ||,https://s3.us-east-1.amazonaws.com/keerat.xyz/keertan/sdo/yt_heeraRattan/004 Bhai Mohinder Singh.ji SDO Calagary 1989 (heeraRattan).mp3,ਹਰਿ ਧਨੁ ਸਚੀ ਰਾਸਿ ਹੈ ਕਿਨੈ ਵਿਰਲੈ ਜਾਤਾ ॥
1711546380,random,Bhai Mohinder Singh Ji SDO,00:00:00,4729,55640,aanadh ra(n)g binodh hamaarai ||,https://sikhsoul.com/golden_khajana_files/mp3/Keertan/Bhai Mohinder Singh SDO/Aanad rang binod hamaarai.mp3,ਆਨਦ ਰੰਗ ਬਿਨੋਦ ਹਮਾਰੈ ॥
1711636781,SDO_MGA_1,Bhai Mohinder Singh Ji SDO,00:18:32,524,7324,ਕਰਮ ਭੂਮਿ ਮਹਿ ਬੋਅਹੁ ਨਾਮੁ ॥,https://s3.us-east-1.amazonaws.com/keerat.xyz/keertan/sdo/yt_mga/059 MGA SDO 1059 Vancouver BC Nov 11 1979 Bhai Mohinder Singh SDO.m4a,ਕਰਮ ਭੂਮਿ ਮਹਿ ਬੋਅਹੁ ਨਾਮੁ ॥
1711636922,SDO_MGA_1,Bhai Mohinder Singh Ji SDO,00:27:52,1395,16249,eiau kiau ka(n)t piaaree hovaa ||,https://s3.us-east-1.amazonaws.com/keerat.xyz/keertan/sdo/yt_mga/059 MGA SDO 1059 Vancouver BC Nov 11 1979 Bhai Mohinder Singh SDO.m4a,ਇਉ ਕਿਉ ਕੰਤ ਪਿਆਰੀ ਹੋਵਾ ॥
1711637451,SDO_MGA_1,Bhai Mohinder Singh Ji SDO,00:37:07,3162,35985,e'eet uoota. neh ddoleeaai har sevaa jaagan raam ||,https://s3.us-east-1.amazonaws.com/keerat.xyz/keertan/sdo/yt_mga/059 MGA SDO 1059 Vancouver BC Nov 11 1979 Bhai Mohinder Singh SDO.m4a,ਈਤ ਊਤ ਨਹ ਡੋਲੀਐ ਹਰਿ ਸੇਵਾ ਜਾਗਨਿ ਰਾਮ ॥
1711637673,SDO_MGA_1,Bhai Mohinder Singh Ji SDO,00:41:03,5288,58712,fareedhaa. raat kathooree va(n)ddeeaai sutiaa milai. na bhaau ||,https://s3.us-east-1.amazonaws.com/keerat.xyz/keertan/sdo/yt_mga/059 MGA SDO 1059 Vancouver BC Nov 11 1979 Bhai Mohinder Singh SDO.m4a,ਫਰੀਦਾ ਰਾਤਿ ਕਥੂਰੀ ਵੰਡੀਐ ਸੁਤਿਆ ਮਿਲੈ ਨ ਭਾਉ ॥
1711637839,SDO_MGA_1,Bhai Mohinder Singh Ji SDO,00:45:20,2382,27282,apane kaaj kau. kiau alakaieeaai ||,https://s3.us-east-1.amazonaws.com/keerat.xyz/keertan/sdo/yt_mga/059 MGA SDO 1059 Vancouver BC Nov 11 1979 Bhai Mohinder Singh SDO.m4a,ਅਪਨੇ ਕਾਜ ਕਉ ਕਿਉ ਅਲਕਾਈਐ ॥
1711637967,SDO_MGA_1,Bhai Mohinder Singh Ji SDO,00:00:00,4816,56328,"giaan dhiaan maan dhaan man rasika, rasan naam japat teh paap kha(n)ddalee ||1||",https://s3.us-east-1.amazonaws.com/keerat.xyz/keertan/sdo/yt_mga/060 MGA SDO 1060 Track NO 1.m4a,ਸਫਲ ਸਫਲ ਸਫਲ ਦਰਸੁ ਰੇ ਪਰਸਿ ਪਰਸਿ ਗੁਨ ਗਾਈਐ ॥
1711638089,SDO_MGA_1,Bhai Mohinder Singh Ji SDO,00:01:51,5428,59386,Sick simran. ਵਾਹਿਗੁਰੂ Rasik rasan naam japat,https://s3.us-east-1.amazonaws.com/keerat.xyz/keertan/sdo/yt_mga/060 MGA SDO 1060 Track NO 1.m4a,ਵਾਹਿਗੁਰੂ ਵਾਹਿਗੁਰੂ ਵਾਹਿਗੁਰੂ ਵਾਹਿ ਜੀਉ ॥
1711638131,SDO_MGA_1,Bhai Mohinder Singh Ji SDO,00:02:40,1230,14430,a(n)mrit naam nidhaan hai mil peevahu bhaiee ||,https://s3.us-east-1.amazonaws.com/keerat.xyz/keertan/sdo/yt_mga/060 MGA SDO 1060 Track NO 1.m4a,ਅੰਮ੍ਰਿਤੁ ਨਾਮੁ ਨਿਧਾਨੁ ਹੈ ਮਿਲਿ ਪੀਵਹੁ ਭਾਈ ॥
1711638390,SDO_MGA_1,Bhai Mohinder Singh Ji SDO,00:07:08,3236,36623,Fast ਵਾਹਿਗੁਰੂ ਵਾਹਿਗੁਰੂ raam raam raam kar aahaar ||,https://s3.us-east-1.amazonaws.com/keerat.xyz/keertan/sdo/yt_mga/060 MGA SDO 1060 Track NO 1.m4a,ਰਾਮ ਰਾਮ ਰਾਮ ਕਰਿ ਆਹਾਰ ॥
1711638673,SDO_MGA_1,Bhai Mohinder Singh Ji SDO,00:09:11,5428,59386,Sick ਵਾਹਿਗੁਰੂ. ਹਰਿ ਹਰਿ. ਹਰਿ ਜਸੁ ਘੂਮਰਿ ਪਾਵਹੁ ਮਿਲਿ ਸਤਸੰਗਿ ਓੁਮਾਹਾ ਰਾਮ ॥੨॥,https://s3.us-east-1.amazonaws.com/keerat.xyz/keertan/sdo/yt_mga/060 MGA SDO 1060 Track NO 1.m4a,ਵਾਹਿਗੁਰੂ ਵਾਹਿਗੁਰੂ ਵਾਹਿਗੁਰੂ ਵਾਹਿ ਜੀਉ ॥
1711638854,SDO_MGA_1,Bhai Mohinder Singh Ji SDO,00:12:03,5428,59386,Bolo ਵਾਹਿਗੁਰੂ ਵਾਹਿਗੁਰੂ ਸੰਤ ਜਨਾ ਮਿਲਿ ਬੋਲਹੁ ਰਾਮ ॥,https://s3.us-east-1.amazonaws.com/keerat.xyz/keertan/sdo/yt_mga/060 MGA SDO 1060 Track NO 1.m4a,ਵਾਹਿਗੁਰੂ ਵਾਹਿਗੁਰੂ ਵਾਹਿਗੁਰੂ ਵਾਹਿ ਜੀਉ ॥
1711720177,SDO_MGA_1,Bhai Mohinder Singh Ji SDO,00:15:52,91,1165,ਹਮ ਕੂਕਰ ਤੇਰੇ ਦਰਬਾਰਿ ॥,https://s3.us-east-1.amazonaws.com/keerat.xyz/keertan/sdo/yt_mga/060 MGA SDO 1060 Track NO 1.m4a,ਤਿਨ ਕੇ ਮੁਖ ਸਦ ਉਜਲੇ ਤਿਤੁ ਸਚੈ ਦਰਬਾਰਿ ॥
1711721051,random,Bhai Tejinderpal Singh Ji Dulla,00:09:02,3014,34149,simar manaa raam naam chitaare ||,https://sikhsoul.com/golden_khajana_files/mp3/Keertan/Bhai Tejinderpal Singh Dulla/Bhai Tejinderpal Singh Dulla - Aap thariaa kul juguth thuraaeiaa.mp3,ਸਿਮਰਿ ਮਨਾ ਰਾਮ ਨਾਮੁ ਚਿਤਾਰੇ ॥
1712061305,random,Bhai Mohinder Singh Ji SDO,00:00:00,1818,21936,dhilahu muhabat ji(n)n(h) seiee sachiaa ||,https://sikhsoul.com/golden_khajana_files/mp3/Keertan/Bhai Mohinder Singh SDO/Joh Man Chit Ik Araadadhe - India 1980s.MP3,ਦਿਲਹੁ ਮੁਹਬਤਿ ਜਿੰਨੑ ਸੇਈ ਸਚਿਆ ॥
1712335216,random,Bhai Tejinderpal Singh Ji Dulla,00:51:45,2554,28969,Good vibes track. sick scrary tune. jap man sat naam sadhaa sat naam ||,https://s3.us-east-1.amazonaws.com/keerat.xyz/keertan/dulla_ji/sc/nirbankeertan/Soo soo jap dhin raathee (Dulla Ji).mp3,ਜਪਿ ਮਨ ਸਤਿ ਨਾਮੁ ਸਦਾ ਸਤਿ ਨਾਮੁ ॥
1712352187,random,Bhai Tejinderpal Singh Ji Dulla,00:37:26,2550,28940,jap man naam haree hoh sarab sukhee ||,https://s3.us-east-1.amazonaws.com/keerat.xyz/keertan/dulla_ji/sc/nirbankeertan/Soo soo jap dhin raathee (Dulla Ji).mp3,ਜਪਿ ਮਨ ਨਾਮੁ ਹਰੀ ਹੋਹਿ ਸਰਬ ਸੁਖੀ ॥
1712859248,random,Bhai Mohinder Singh Ji SDO,00:07:06,3262,37090,apune raameh bhaj re man aalaseeaa ||1|| rahaau ||,https://www.ikirtan.com//Bhai_Mohinder_Singh_Jee_SDO/Vancouver_BC_1980s/Bhai_Mohinder_Singh_Jee_SDO_Vancouver_1980s_Vol_35.mp3,ਅਪੁਨੇ ਰਾਮਹਿ ਭਜੁ ਰੇ ਮਨ ਆਲਸੀਆ ॥੧॥ ਰਹਾਉ ॥
1712929971,SDO_MGA_1,Bhai Mohinder Singh Ji SDO,00:22:49,3280,37349,ahinis bhagat kare dhin raatee laaj chhoddi. har ke gun gaavai ||1|| rahaau ||,https://s3.us-east-1.amazonaws.com/keerat.xyz/keertan/sdo/yt_mga/060 MGA SDO 1060 Track NO 1.m4a,ਅਹਿਨਿਸਿ ਭਗਤਿ ਕਰੇ ਦਿਨੁ ਰਾਤੀ ਲਾਜ ਛੋਡਿ ਹਰਿ ਕੇ ਗੁਣ ਗਾਵੈ ॥੧॥ ਰਹਾਉ ॥
1712930141,SDO_MGA_1,Bhai Mohinder Singh Ji SDO,00:33:47,340,4939,ਤੇਰਾ ਜਨੁ ਨਿਰਤਿ ਕਰੇ ਗੁਨ ਗਾਵੈ ॥,https://s3.us-east-1.amazonaws.com/keerat.xyz/keertan/sdo/yt_mga/060 MGA SDO 1060 Track NO 1.m4a,ਸਚਾ ਤਾਲੁ ਪੂਰੇ ਮਾਇਆ ਮੋਹੁ ਚੁਕਾਏ ਸਬਦੇ ਨਿਰਤਿ ਕਰਾਵਣਿਆ ॥੩॥
1712930246,SDO_MGA_1,Bhai Mohinder Singh Ji SDO,00:34:49,1478,17380,rabaab pakhaavaj taal ghu(n)gharoo anahadh sabadh vajaavai ||1|| rahaau ||,https://s3.us-east-1.amazonaws.com/keerat.xyz/keertan/sdo/yt_mga/060 MGA SDO 1060 Track NO 1.m4a,ਰਬਾਬੁ ਪਖਾਵਜ ਤਾਲ ਘੁੰਘਰੂ ਅਨਹਦ ਸਬਦੁ ਵਜਾਵੈ ॥੧॥ ਰਹਾਉ ॥
1712930402,SDO_MGA_1,Bhai Mohinder Singh Ji SDO,00:42:23,2966,33590,ddaaddee gun gaavai nit janam savaariaa ||,https://s3.us-east-1.amazonaws.com/keerat.xyz/keertan/sdo/yt_mga/060 MGA SDO 1060 Track NO 1.m4a,ਢਾਢੀ ਗੁਣ ਗਾਵੈ ਨਿਤ ਜਨਮੁ ਸਵਾਰਿਆ ॥
1712930440,SDO_MGA_1,Bhai Mohinder Singh Ji SDO,00:44:27,5428,59386,Gun gavaaa nit nit. ਵਾਹਿਗੁਰੂ ਵਾਹਿਗੁਰੂ GUR,https://s3.us-east-1.amazonaws.com/keerat.xyz/keertan/sdo/yt_mga/060 MGA SDO 1060 Track NO 1.m4a,ਵਾਹਿਗੁਰੂ ਵਾਹਿਗੁਰੂ ਵਾਹਿਗੁਰੂ ਵਾਹਿ ਜੀਉ ॥
1712930597,SDO_MGA_1,Bhai Mohinder Singh Ji SDO,00:00:30,4500,53479,lekhaa paReeaai har naam fir lekhu. na hoiee ||,https://s3.us-east-1.amazonaws.com/keerat.xyz/keertan/sdo/yt_mga/061 MGA SDO 1061 Track No 1.m4a,ਲੇਖਾ ਪੜੀਐ ਹਰਿ ਨਾਮੁ ਫਿਰਿ ਲੇਖੁ ਨ ਹੋਈ ॥
1712953851,ikirtan_SDO,Bhai Mohinder Singh Ji SDO,00:00:00,4729,55640,aanadh ra(n)g binodh hamaarai ||,https://www.ikirtan.com//Bhai_Mohinder_Singh_Jee_SDO/Bhaaee Mohinder Singh (Aanad rang binod hamaarai).mp3,ਆਨਦ ਰੰਗ ਬਿਨੋਦ ਹਮਾਰੈ ॥
1712966232,random,Bhai Mohinder Singh Ji SDO,01:21:32,,,Cold water shower tankhai ,"https://s3.us-east-1.amazonaws.com/keerat.xyz/keertan/sdo/yt_heeraRattan/106 Bhai Mohinder Singh Ji SDO Gurpurab Guru Gobind Singh Ji,Ldh 12,1980 7 Poh Gurdwara Singh Sabha. (heeraRattan).mp3",
1712966382,random,Bhai Mohinder Singh Ji SDO,02:02:32,,,Panth Khalsa kheti meri,"https://s3.us-east-1.amazonaws.com/keerat.xyz/keertan/sdo/yt_heeraRattan/106 Bhai Mohinder Singh Ji SDO Gurpurab Guru Gobind Singh Ji,Ldh 12,1980 7 Poh Gurdwara Singh Sabha. (heeraRattan).mp3",
1712969617,random,Bhai Mohinder Singh Ji SDO,01:46:50,,,Parukari guru pyare. Dhan,"https://s3.us-east-1.amazonaws.com/keerat.xyz/keertan/sdo/yt_heeraRattan/106 Bhai Mohinder Singh Ji SDO Gurpurab Guru Gobind Singh Ji,Ldh 12,1980 7 Poh Gurdwara Singh Sabha. (heeraRattan).mp3",
1712969797,random,Bhai Mohinder Singh Ji SDO,01:48:13,,,Parupkari Guru Pyare,"https://s3.us-east-1.amazonaws.com/keerat.xyz/keertan/sdo/yt_heeraRattan/106 Bhai Mohinder Singh Ji SDO Gurpurab Guru Gobind Singh Ji,Ldh 12,1980 7 Poh Gurdwara Singh Sabha. (heeraRattan).mp3",
1713014348,random,Bhai Mohinder Singh Ji SDO,00:00:54,808,11118,"ਜਾਗਤ ਜੋਤਿ ਜਪੈ ਨਿਸ ਬਾਸੁਰ ਏਕੁ ਬਿਨਾ, ਮਨਿ ਨੈਕ ਨ ਆਨੈ ॥","https://s3.us-east-1.amazonaws.com/keerat.xyz/keertan/sdo/yt_heeraRattan/106 Bhai Mohinder Singh Ji SDO Gurpurab Guru Gobind Singh Ji,Ldh 12,1980 7 Poh Gurdwara Singh Sabha. (heeraRattan).mp3",ਝਾਲਾਘੇ ਉਠਿ ਨਾਮੁ ਜਪਿ ਨਿਸਿ ਬਾਸੁਰ ਆਰਾਧਿ ॥
1713018299,random,Bhai Mohinder Singh Ji SDO,01:23:36,5,44,ਜਾ ਬਹਹਿ ਗੁਰਮੁਖਿ. ਹਰਿ ਨਾਮੁ ਬੋਲਹਿ ਜਾ ਖੜੇ ਗੁਰਮੁਖਿ. ਹਰਿ ਹਰਿ ਕਹਿਆ ॥,"https://s3.us-east-1.amazonaws.com/keerat.xyz/keertan/sdo/yt_heeraRattan/106 Bhai Mohinder Singh Ji SDO Gurpurab Guru Gobind Singh Ji,Ldh 12,1980 7 Poh Gurdwara Singh Sabha. (heeraRattan).mp3",ਗੁਰਮੁਖਿ ਨਾਦੰ ਗੁਰਮੁਖਿ ਵੇਦੰ ਗੁਰਮੁਖਿ ਰਹਿਆ ਸਮਾਈ ॥
1713465990,random,Bhai Mohinder Singh Ji SDO,00:27:55,2026,23521,"ਸਤਿ ਬਿਨੁ ਸੰਜਮ ਨ ਪਤਿ ਬਿਨੁ ਪੂਜਾ ਹੋਇ ਸਚ ਬਿਨੁ ਸੋਚ ਨ ਜਨੇਊ ਜਤ ਹੀਨ ਹੈ ॥ Except the name of the stable and firm Lord, no other deed is righteous. Except for the prayer and worship of Master Lord, worship of gods/goddesses is futile. No piety is beyond the truth and wearing of sacred thread without morality is futile.  ਬਿਨੁ ਗੁਰ ਦੀਖਿਆ ਗਿਆਨ ਬਿਨੁ ਦਰਸਨ ਧਿਆਨ ਭਾਉ ਬਿਨੁ ਭਗਤਿ ਨ ਕਥਨੀ ਭੈ ਭੀਨ ਹੈ ॥ Without obtaining initiation from a True Guru, no knowledge is worthwhile. No contemplation is useful except that of the True Guru. No worship is worth anything if not performed love, nor any view point expressed can invite respect.  ਸਾਂਤਿ ਨ ਸੰਤੋਖ ਬਿਨੁ ਸੁਖੁ ਨ ਸਹਜ ਬਿਨੁ ਸਬਦ ਸੁਰਤਿ ਬਿਨੁ ਪ੍ਰੇਮ ਨ ਪ੍ਰਬੀਨ ਹੈ ॥ Without patience and contentment, peace cannot reside. No true peace and comfort is achievable without acquiring a state of equipoise. Similarly no love can be stable without the union of the word and mind (consciousness).  ਬ੍ਰਹਮ ਬਿਬੇਕ ਬਿਨੁ ਹਿਰਦੈ ਨ ਏਕ ਟੇਕ ਬਿਨੁ ਸਾਧ ਸੰਗਤ ਨ ਰੰਗ ਲਿਵਲੀਨ ਹੈ ॥੨੧੫॥ Without deliberation on His name, one cannot establish faith in the heart and without the holy congregation of divine and saintly persons, engrossment in Lord's name is not possible. (215)  Bhai Gurdaas Ji in Vaaran - 0",https://s3.us-east-1.amazonaws.com/keerat.xyz/keertan/sdo/aisa_keertan/Sada Rang Rathey.mp3,ਜਾਨ ਪ੍ਰਬੀਨ ਸੁਆਮੀ ਪ੍ਰਭ ਮੇਰੇ ਸਰਣਿ ਤੁਮਾਰੀ ਅਹੀ ॥
1713467225,random,Bhai Tejinderpal Singh Ji Dulla,00:37:33,2550,28940,jap man naam haree hoh sarab sukhee ||,https://s3.us-east-1.amazonaws.com/keerat.xyz/keertan/dulla_ji/sc/nirbankeertan/Soo soo jap dhin raathee (Dulla Ji).mp3,ਜਪਿ ਮਨ ਨਾਮੁ ਹਰੀ ਹੋਹਿ ਸਰਬ ਸੁਖੀ ॥
1713468255,random,Bhai Tejinderpal Singh Ji Dulla,00:51:46,2554,28969,jap man sat naam sadhaa sat naam ||,https://s3.us-east-1.amazonaws.com/keerat.xyz/keertan/dulla_ji/sc/nirbankeertan/Soo soo jap dhin raathee (Dulla Ji).mp3,ਜਪਿ ਮਨ ਸਤਿ ਨਾਮੁ ਸਦਾ ਸਤਿ ਨਾਮੁ ॥
1713468873,random,Bhai Tejinderpal Singh Ji Dulla,01:10:33,515,7178,aavahu sa(n)tahu mil naam japaahaa ||,https://s3.us-east-1.amazonaws.com/keerat.xyz/keertan/dulla_ji/sc/nirbankeertan/Soo soo jap dhin raathee (Dulla Ji).mp3,ਆਵਹੁ ਸੰਤਹੁ ਮਿਲਿ ਨਾਮੁ ਜਪਾਹਾ ॥
1713471192,random,Bhai Mohinder Singh Ji SDO,00:25:28,3442,40385,sabadhai kaa nibeRaa sun too aaudhoo bin naavai jogu. na hoiee ||,https://s3.us-east-1.amazonaws.com/keerat.xyz/keertan/sdo/yt_mga/443 MGA SDO 1405 Naam Binaa Nahi.m4a,ਸਬਦੈ ਕਾ ਨਿਬੇੜਾ ਸੁਣਿ ਤੂ ਅਉਧੂ ਬਿਨੁ ਨਾਵੈ ਜੋਗੁ ਨ ਹੋਈ ॥
1714421724,random,Bhai Mohinder Singh Ji SDO,00:02:45,,,Panth Khalsa keti meri. Satgur vadyaiee,"https://s3.us-east-1.amazonaws.com/keerat.xyz/keertan/sdo/yt_heeraRattan/094 Bhai Mohinder Singh Ji SDO Milwaukee 06,1983 (1) (heeraRattan).mp3",
1714421956,random,Bhai Mohinder Singh Ji SDO,00:04:15,182,2933,ਮਾਰਿਆ ਸਿਕਾ ਜਗਤਿ ਵਿਚਿ ਨਾਨਕ ਨਿਰਮਲ ਪੰਥੁ ਚਲਾਇਆ ।,"https://s3.us-east-1.amazonaws.com/keerat.xyz/keertan/sdo/yt_heeraRattan/094 Bhai Mohinder Singh Ji SDO Milwaukee 06,1983 (1) (heeraRattan).mp3",ਪ੍ਰਭਿ ਅਪਣਾ ਬਿਰਦੁ ਸਮਾਰਿਆ ॥
1714422013,random,Bhai Mohinder Singh Ji SDO,00:05:12,5423,59356,lahanai. pa(n)th dharam kaa keeaa ||,"https://s3.us-east-1.amazonaws.com/keerat.xyz/keertan/sdo/yt_heeraRattan/094 Bhai Mohinder Singh Ji SDO Milwaukee 06,1983 (1) (heeraRattan).mp3",ਲਹਣੈ ਪੰਥੁ ਧਰਮ ਕਾ ਕੀਆ ॥
1714431906,random,Bhai Mohinder Singh Ji SDO,00:18:14,,,Jhulte nishan re panth maharaj ke,"https://s3.us-east-1.amazonaws.com/keerat.xyz/keertan/sdo/yt_heeraRattan/094 Bhai Mohinder Singh Ji SDO Milwaukee 06,1983 (1) (heeraRattan).mp3",
1714432561,random,Bhai Mohinder Singh Ji SDO,00:13:15,,,Agyaa bhiee akal ki. Tabhi chalyo panth. Guru manyo Granth ,"https://s3.us-east-1.amazonaws.com/keerat.xyz/keertan/sdo/yt_heeraRattan/094 Bhai Mohinder Singh Ji SDO Milwaukee 06,1983 (1) (heeraRattan).mp3",
1715037549,random,Bhai Mohinder Singh Ji SDO,00:03:30,5,39,ਅਲਹੁ ਅਲਖੁ. ਨ ਜਾਈ ਲਖਿਆ ਗੁਰਿ. ਗੁੜੁ ਦੀਨਾ ਮੀਠਾ ॥ alahu alakhu. na jaiee lakhiaa guri. guR dheenaa meeThaa || The Lord Allah is Unseen; He cannot be seen. The Guru has blessed me with this sweet molasses. ਕਹਿ ਕਬੀਰ. ਮੇਰੀ ਸੰਕਾ ਨਾਸੀ ਸਰਬ ਨਿਰੰਜਨੁ ਡੀਠਾ ॥੪॥੩॥,https://s3.us-east-1.amazonaws.com/keerat.xyz/keertan/sdo/yt_heeraRattan/037 Bhai Mohinder Singh Ji SDO Faridabad Smagam 1980 (heeraRattan).mp3,ਆਪੇ ਆਪਿ ਨਿਰੰਜਨੁ ਸੋਇ ॥
1715117856,SDO_MGA_1,Bhai Mohinder Singh Ji SDO,00:06:52,2254,25840,har naamai kaa ham lekhaa likhiaa sabh jam kee agalee kaan giee ||,https://s3.us-east-1.amazonaws.com/keerat.xyz/keertan/sdo/yt_mga/061 MGA SDO 1061 Track No 1.m4a,ਹਰਿ ਨਾਮੈ ਕਾ ਹਮ ਲੇਖਾ ਲਿਖਿਆ ਸਭ ਜਮ ਕੀ ਅਗਲੀ ਕਾਣਿ ਗਈ ॥
1715812845,random,Bhai Harpreet Singh Ji Toronto,00:15:06,122,1672,"ras a(n)mrit naam rasu, at bhalaa kit bidh milai. ras khai ||",https://akj.media/Media/Keertan/NewYork/2018/047_NewYork_Aug2018_SatE_RSK_BhaiHarpreetSinghJeeToronto.mp3,ਰਸੁ ਅੰਮ੍ਰਿਤੁ ਨਾਮੁ ਰਸੁ ਅਤਿ ਭਲਾ ਕਿਤੁ ਬਿਧਿ ਮਿਲੈ ਰਸੁ ਖਾਇ ॥
1716313640,random,Bhai Mohinder Singh Ji SDO,00:10:53,4810,56255,har jan gun gaavat hasiaa ||,https://s3.us-east-1.amazonaws.com/keerat.xyz/keertan/sdo/yt_heeraRattan/019 Bhai Mohinder Singh Ji SDO 1979 Milwaukee 2 (heeraRattan).mp3,ਹਰਿ ਜਨੁ ਗੁਨ ਗਾਵਤ ਹਸਿਆ ॥
1716336745,SDO_MGA_1,Bhai Mohinder Singh Ji SDO,00:08:10,410,5935,poore gur kee kaar karam kamaieeaai ||,https://s3.us-east-1.amazonaws.com/keerat.xyz/keertan/sdo/yt_mga/061 MGA SDO 1061 Track No 1.m4a,ਪੂਰੇ ਗੁਰ ਕੀ ਕਾਰ ਕਰਮਿ ਕਮਾਈਐ ॥
1716469462,random,Sri Hit Premanand Govind Sharan Ji,00:06:36,,,"chhaadd man hari, bimukhan ko sa(n)g ||",https://s3.us-east-1.amazonaws.com/keerat.xyz/snatan/Sri Hit Premanand Govind Sharan Ji/Kuch ansuljhe prshn  bhaag-23  Shri Hit Premanand Govind Sharan Ji Maharaj  GlDaC1kJjP8.mp3,
1716591949,random,Bhai Mohinder Singh Ji SDO,00:28:41,3065,34662,charan kamal gur ke japat har jap hau jeevaa ||,https://s3.us-east-1.amazonaws.com/keerat.xyz/keertan/sdo/aisa_keertan/Meetee Pireh Kahani.mp3,ਚਰਨ ਕਮਲ ਗੁਰ ਕੇ ਜਪਤ ਹਰਿ ਜਪਿ ਹਉ ਜੀਵਾ ॥
1716950807,SDO_MGA_1,Bhai Mohinder Singh Ji SDO,00:10:05,,,har kee tum sevaa karahu dhoojee sevaa. karahu na koi jee ||,https://s3.us-east-1.amazonaws.com/keerat.xyz/keertan/sdo/yt_mga/061 MGA SDO 1061 Track No 1.m4a,
1717037926,SDO_MGA_1,Bhai Mohinder Singh Ji SDO,00:16:04,410,5937,dhoojee kaarai lag janam gavaieeaai ||,https://s3.us-east-1.amazonaws.com/keerat.xyz/keertan/sdo/yt_mga/061 MGA SDO 1061 Track No 1.m4a,ਦੂਜੀ ਕਾਰੈ ਲਗਿ ਜਨਮੁ ਗਵਾਈਐ ॥
1717040652,SDO_MGA_1,Bhai Mohinder Singh Ji SDO,00:19:56,369,5665,eik khaRe kareh teree chaakaree vin naavai. hor na bhaiaa ||,https://s3.us-east-1.amazonaws.com/keerat.xyz/keertan/sdo/yt_mga/061 MGA SDO 1061 Track No 1.m4a,ਇਕਿ ਖੜੇ ਕਰਹਿ ਤੇਰੀ ਚਾਕਰੀ ਵਿਣੁ ਨਾਵੈ ਹੋਰੁ ਨ ਭਾਇਆ ॥
1717115247,random,Gurmail Singh Ji,00:00:00,4708,55483,keerat prabh kee gaau meree rasanaa(n) ||,https://kirtansewa.net/wp-content/uploads/2020/07/Bhai-Gurmail-Singh-Amritsar-01-Kirat-Prabh-Ki-Gao-Meri-Rasna.mp3,ਕੀਰਤਿ ਪ੍ਰਭ ਕੀ ਗਾਉ ਮੇਰੀ ਰਸਨਾਂ ॥
1717122235,HeeraRattan,Bhai Mohinder Singh Ji SDO,00:24:37,495,6927,saahu hamaaraa too(n) dhanee jaisee too(n) raas dhehi. taisee ham leh ||,https://s3.us-east-1.amazonaws.com/keerat.xyz/keertan/sdo/yt_heeraRattan/004 Bhai Mohinder Singh.ji SDO Calagary 1989 (heeraRattan).mp3,ਸਾਹੁ ਹਮਾਰਾ ਤੂੰ ਧਣੀ ਜੈਸੀ ਤੂੰ ਰਾਸਿ ਦੇਹਿ ਤੈਸੀ ਹਮ ਲੇਹਿ ॥
1717158195,HeeraRattan,Bhai Mohinder Singh Ji SDO,00:33:21,3832,46589,eisak muhabat naanakaa lekhaa karate paas ||1||,https://s3.us-east-1.amazonaws.com/keerat.xyz/keertan/sdo/yt_heeraRattan/004 Bhai Mohinder Singh.ji SDO Calagary 1989 (heeraRattan).mp3,ਇਸਕ ਮੁਹਬਤਿ ਨਾਨਕਾ ਲੇਖਾ ਕਰਤੇ ਪਾਸਿ ॥੧॥
1717158312,HeeraRattan,Bhai Mohinder Singh Ji SDO,00:34:49,4344,52291,ਧਨਵੰਤ ਨਾਮ ਕੇ ਵਣਜਾਰੇ ॥,https://s3.us-east-1.amazonaws.com/keerat.xyz/keertan/sdo/yt_heeraRattan/004 Bhai Mohinder Singh.ji SDO Calagary 1989 (heeraRattan).mp3,ਧਨਵੰਤ ਨਾਮ ਕੇ ਵਣਜਾਰੇ ॥
1717158685,HeeraRattan,Bhai Mohinder Singh Ji SDO,00:40:30,243,3553,ਤਿਚਰੁ ਮੂਲਿ. ਨ ਥੁੜਂੀਦੋ ਜਿਚਰੁ ਆਪਿ ਕ੍ਰਿਪਾਲੁ ॥ tichar mooli. na thuRa(n)eedho jichar aap kirapaal || ਸਬਦੁ ਅਖੁਟੁ. ਬਾਬਾ ਨਾਨਕਾ ਖਾਹਿ ਖਰਚਿ ਧਨੁ ਮਾਲੁ ॥੨੦॥,https://s3.us-east-1.amazonaws.com/keerat.xyz/keertan/sdo/yt_heeraRattan/004 Bhai Mohinder Singh.ji SDO Calagary 1989 (heeraRattan).mp3,ਜਿਨ ਕਉ ਹੋਆ ਕ੍ਰਿਪਾਲੁ ਹਰਿ ਸੇ ਸਤਿਗੁਰ ਪੈਰੀ ਪਾਹੀ ॥
1717158778,HeeraRattan,Bhai Mohinder Singh Ji SDO,00:41:20,,,jaa too. merai val hai taa kiaa muhachha(n)dhaa ||,https://s3.us-east-1.amazonaws.com/keerat.xyz/keertan/sdo/yt_heeraRattan/004 Bhai Mohinder Singh.ji SDO Calagary 1989 (heeraRattan).mp3,
1717173792,HeeraRattan,Bhai Mohinder Singh Ji SDO,00:43:04,4491,53439,naanaka. jeevadhaa purakh dhiaaiaa amaraa padh hoiee ||25||,https://s3.us-east-1.amazonaws.com/keerat.xyz/keertan/sdo/yt_heeraRattan/004 Bhai Mohinder Singh.ji SDO Calagary 1989 (heeraRattan).mp3,ਨਾਨਕ ਜੀਵਦਾ ਪੁਰਖੁ ਧਿਆਇਆ ਅਮਰਾ ਪਦੁ ਹੋਈ ॥੨੫॥
1717173867,HeeraRattan,Bhai Mohinder Singh Ji SDO,00:43:50,,,sabadh akhuTu. baabaa naanakaa khaeh kharach dhan maal ||20||,https://s3.us-east-1.amazonaws.com/keerat.xyz/keertan/sdo/yt_heeraRattan/004 Bhai Mohinder Singh.ji SDO Calagary 1989 (heeraRattan).mp3,
1717173922,HeeraRattan,Bhai Mohinder Singh Ji SDO,00:44:02,,,sabadh gur peeraa. gahir ga(n)bheeraa bin sabadhai. jag bauraana(n) ||,https://s3.us-east-1.amazonaws.com/keerat.xyz/keertan/sdo/yt_heeraRattan/004 Bhai Mohinder Singh.ji SDO Calagary 1989 (heeraRattan).mp3,
1717173983,HeeraRattan,Bhai Mohinder Singh Ji SDO,00:44:02,2905,33125,too Thaakuro bairaagaro mai jehee ghan cheree raam ||,https://s3.us-east-1.amazonaws.com/keerat.xyz/keertan/sdo/yt_heeraRattan/004 Bhai Mohinder Singh.ji SDO Calagary 1989 (heeraRattan).mp3,ਤੂ ਠਾਕੁਰੋ ਬੈਰਾਗਰੋ ਮੈ ਜੇਹੀ ਘਣ ਚੇਰੀ ਰਾਮ ॥
1717174607,HeeraRattan,Bhai Mohinder Singh Ji SDO,00:54:20,245,3558,kaahe man too ddolataa har manasaa pooranahaar ||,https://s3.us-east-1.amazonaws.com/keerat.xyz/keertan/sdo/yt_heeraRattan/004 Bhai Mohinder Singh.ji SDO Calagary 1989 (heeraRattan).mp3,ਮਃ ੫ ॥
1717175021,HeeraRattan,Bhai Mohinder Singh Ji SDO,00:55:23,5473,59606,"hariba(n)s jagat jas sa(n)charayeau su kavan kahai, sree gur muyau ||1||",https://s3.us-east-1.amazonaws.com/keerat.xyz/keertan/sdo/yt_heeraRattan/004 Bhai Mohinder Singh.ji SDO Calagary 1989 (heeraRattan).mp3,ਹਰਿਬੰਸ ਜਗਤਿ ਜਸੁ ਸੰਚਰੵਉ ਸੁ ਕਵਣੁ ਕਹੈ ਸ੍ਰੀ ਗੁਰੁ ਮੁਯਉ ॥੧॥
1717175080,HeeraRattan,Bhai Mohinder Singh Ji SDO,00:55:35,2875,32421,satigur meraa sadhaa sadhaa naa aavai. naa jai ||,https://s3.us-east-1.amazonaws.com/keerat.xyz/keertan/sdo/yt_heeraRattan/004 Bhai Mohinder Singh.ji SDO Calagary 1989 (heeraRattan).mp3,ਸਤਿਗੁਰੁ ਮੇਰਾ ਸਦਾ ਸਦਾ ਨਾ ਆਵੈ ਨ ਜਾਇ ॥
1717175211,HeeraRattan,Bhai Mohinder Singh Ji SDO,00:57:17,7424,75021,piratham bhagauatee simar kai gur naanak liee(n) dhiaai ||,https://s3.us-east-1.amazonaws.com/keerat.xyz/keertan/sdo/yt_heeraRattan/004 Bhai Mohinder Singh.ji SDO Calagary 1989 (heeraRattan).mp3,ਸ੍ਰੀ ਭਗਉਤੀ ਜੀ ਸਹਾਇ ॥
1717175375,HeeraRattan,Bhai Mohinder Singh Ji SDO,00:59:28,,,gagaa. gobidh gun ravahu saas saas jap neet ||,https://s3.us-east-1.amazonaws.com/keerat.xyz/keertan/sdo/yt_heeraRattan/004 Bhai Mohinder Singh.ji SDO Calagary 1989 (heeraRattan).mp3,
1717176537,HeeraRattan,Bhai Mohinder Singh Ji SDO,01:03:50,854,11388,saadhoo kee man oT gahu ukat siaanap tiaag ||,https://s3.us-east-1.amazonaws.com/keerat.xyz/keertan/sdo/yt_heeraRattan/004 Bhai Mohinder Singh.ji SDO Calagary 1989 (heeraRattan).mp3,ਸਾਧੂ ਕੀ ਮਨ ਓਟ ਗਹੁ ਉਕਤਿ ਸਿਆਨਪ ਤਿਆਗੁ ॥
1717177236,HeeraRattan,Bhai Mohinder Singh Ji SDO,01:12:15,4764,56005,dhaasan dhaasaa hoi rahu haumai bikhiaa maar ||,https://s3.us-east-1.amazonaws.com/keerat.xyz/keertan/sdo/yt_heeraRattan/004 Bhai Mohinder Singh.ji SDO Calagary 1989 (heeraRattan).mp3,ਦਾਸਨ ਦਾਸਾ ਹੋਇ ਰਹੁ ਹਉਮੈ ਬਿਖਿਆ ਮਾਰਿ ॥
1717178372,HeeraRattan,Bhai Mohinder Singh Ji SDO,01:13:14,4764,56001,"kaanaRe kee, vaar mahalaa chauthhaa, moose kee vaar kee dhunee ||",https://s3.us-east-1.amazonaws.com/keerat.xyz/keertan/sdo/yt_heeraRattan/004 Bhai Mohinder Singh.ji SDO Calagary 1989 (heeraRattan).mp3,ਕਾਨੜੇ ਕੀ ਵਾਰ ਮਹਲਾ ੪ ਮੂਸੇ ਕੀ ਵਾਰ ਕੀ ਧੁਨੀ
1717211966,ikirtan_SDO,Bhai Mohinder Singh Ji SDO,00:00:51,4729,55640,aanadh ra(n)g binodh hamaarai ||,https://www.ikirtan.com//Bhai_Mohinder_Singh_Jee_SDO/Bhaaee Mohinder Singh (Aanad rang binod hamaarai).mp3,ਆਨਦ ਰੰਗ ਬਿਨੋਦ ਹਮਾਰੈ ॥
1717212219,ikirtan_SDO,Bhai Mohinder Singh Ji SDO,00:09:33,722,9967,ਮਗਨ ਭਏ ਊਹਾ ਸੰਗਿ ਮਾਤੇ ਓਤਿ ਪੋਤਿ ਲਪਟਾਈ ॥੧॥,https://www.ikirtan.com//Bhai_Mohinder_Singh_Jee_SDO/Bhaaee Mohinder Singh (Aanad rang binod hamaarai).mp3,ਮਨਮੁਖ ਅੰਧ ਰਹੇ ਲਪਟਾਈ ॥
1717212514,ikirtan_SDO,Bhai Mohinder Singh Ji SDO,00:17:54,3093,34882,satigur sabadhi. ujaaro dheepaa ||,https://www.ikirtan.com//Bhai_Mohinder_Singh_Jee_SDO/Bhaaee Mohinder Singh (Aanad rang binod hamaarai).mp3,ਸਤਿਗੁਰ ਸਬਦਿ ਉਜਾਰੋ ਦੀਪਾ ॥
1717430612,HeeraRattan,Bhai Mohinder Singh Ji SDO,01:19:05,736,10361,har siau jurai ta sabh ko meet ||,https://s3.us-east-1.amazonaws.com/keerat.xyz/keertan/sdo/yt_heeraRattan/004 Bhai Mohinder Singh.ji SDO Calagary 1989 (heeraRattan).mp3,ਹਰਿ ਸਿਉ ਜੁਰੈ ਤ ਸਭੁ ਕੋ ਮੀਤੁ ॥
1717433857,HeeraRattan,Bhai Mohinder Singh Ji SDO,01:25:33,4433,53077,"eik aakh aakhahi, sabadh bhaakheh aradh uradh dhin raat ||",https://s3.us-east-1.amazonaws.com/keerat.xyz/keertan/sdo/yt_heeraRattan/004 Bhai Mohinder Singh.ji SDO Calagary 1989 (heeraRattan).mp3,ਇਕਿ ਆਖਿ ਆਖਹਿ ਸਬਦੁ ਭਾਖਹਿ ਅਰਧ ਉਰਧ ਦਿਨੁ ਰਾਤਿ ॥
1717434778,HeeraRattan,Bhai Mohinder Singh Ji SDO,01:28:01,32,313,lakh lakh geRaa aakhe'eeh ek naam jagadhees ||,https://s3.us-east-1.amazonaws.com/keerat.xyz/keertan/sdo/yt_heeraRattan/004 Bhai Mohinder Singh.ji SDO Calagary 1989 (heeraRattan).mp3,ਲਖੁ ਲਖੁ ਗੇੜਾ ਆਖੀਅਹਿ ਏਕੁ ਨਾਮੁ ਜਗਦੀਸ ॥
1717434950,HeeraRattan,Bhai Mohinder Singh Ji SDO,01:29:17,,,"har japadhiaa khin ddila. na keejiee, meree ji(n)dhuRe'e mat k jaapai. saahu aavai k na aavai. raam ||",https://s3.us-east-1.amazonaws.com/keerat.xyz/keertan/sdo/yt_heeraRattan/004 Bhai Mohinder Singh.ji SDO Calagary 1989 (heeraRattan).mp3,
1717435067,HeeraRattan,Bhai Mohinder Singh Ji SDO,01:30:47,1619,19311,sachee teree kaar dheh dhiaal too(n) ||,https://s3.us-east-1.amazonaws.com/keerat.xyz/keertan/sdo/yt_heeraRattan/004 Bhai Mohinder Singh.ji SDO Calagary 1989 (heeraRattan).mp3,ਸਚੀ ਤੇਰੀ ਕਾਰ ਦੇਹਿ ਦਇਆਲ ਤੂੰ ॥
1717435266,HeeraRattan,Bhai Mohinder Singh Ji SDO,01:32:55,,,"aakhahi. ma(n)gahi, dheh dheh dhaat kare dhaataar ||",https://s3.us-east-1.amazonaws.com/keerat.xyz/keertan/sdo/yt_heeraRattan/004 Bhai Mohinder Singh.ji SDO Calagary 1989 (heeraRattan).mp3,
1717435605,HeeraRattan,Bhai Mohinder Singh Ji SDO,01:37:34,205,3314,raaj maal roop jaat joban pa(n)je Thag ||,https://s3.us-east-1.amazonaws.com/keerat.xyz/keertan/sdo/yt_heeraRattan/004 Bhai Mohinder Singh.ji SDO Calagary 1989 (heeraRattan).mp3,ਦੀਦਾਰੁ ਪੂਰੇ ਪਾਇਸਾ ਥਾਉ ਨਾਹੀ ਖਾਇਕਾ ॥੨॥
1717602411,aisakirtan_SDO,Bhai Mohinder Singh Ji SDO,00:00:00,,,aae sa(n)t paraahune keeratan hoaa rain sabaiee |,https://s3.us-east-1.amazonaws.com/keerat.xyz/keertan/sdo/aisa_keertan/Aae Sant Paraahonai.mp3,
1717602547,aisakirtan_SDO,Bhai Mohinder Singh Ji SDO,00:00:21,492,6884,"ਭੂਖੇ ਖਾਵਤ, ਲਾਜ. ਨ ਆਵੈ ॥",https://s3.us-east-1.amazonaws.com/keerat.xyz/keertan/sdo/aisa_keertan/Aae Sant Paraahonai.mp3,ਭੂਖੇ ਪ੍ਰੀਤਿ ਹੋਵੈ ਅੰਨੁ ਖਾਇ ॥
1717780489,ikirtan_SDO,Bhai Mohinder Singh Ji SDO,00:19:53,3662,42249,"ਕੋਈ ਆਖੈ ਭੂਤਨਾ ਕੋ ਕਹੈ ਬੇਤਾਲਾ ॥ koiee aakhai bhootanaa ko kahai betaalaa || Some call him a ghost; some say that he is a demon. ਕੋਈ ਆਖੈ ਆਦਮੀ ਨਾਨਕੁ ਵੇਚਾਰਾ ॥੧॥ koiee aakhai aadhamee naanak vechaaraa ||1|| Some call him a mere mortal; O, poor Nanak! ||1||",https://www.ikirtan.com//Bhai_Mohinder_Singh_Jee_SDO/Bhaaee Mohinder Singh (Aanad rang binod hamaarai).mp3,ਕੋਈ ਆਖੈ ਭੂਤਨਾ ਕੋ ਕਹੈ ਬੇਤਾਲਾ ॥
1717780869,ikirtan_SDO,Bhai Mohinder Singh Ji SDO,00:25:29,202,3301,Sri guru Nanak japyo sahi ਵਾਹਿਗੁਰੂ ਵਾਹਿਗੁਰੂ japho praiyo vaahu vaahu karatee rasanaa sabadh suhaiee ||,https://www.ikirtan.com//Bhai_Mohinder_Singh_Jee_SDO/Bhaaee Mohinder Singh (Aanad rang binod hamaarai).mp3,ਸਹ ਦੇਖੇ ਬਿਨੁ ਪ੍ਰੀਤਿ ਨ ਊਪਜੈ ਅੰਧਾ ਕਿਆ ਕਰੇਇ ॥
1717966522,ikirtan_SDO,Bhai Mohinder Singh Ji SDO,00:43:12,1925,22901,vaahu vaahu karahi. se jan sohane har tin(h) kai sa(n)g milai ||,https://www.ikirtan.com//Bhai_Mohinder_Singh_Jee_SDO/Bhaaee Mohinder Singh (Aanad rang binod hamaarai).mp3,ਵਾਹੁ ਵਾਹੁ ਕਰਹਿ ਸੇ ਜਨ ਸੋਹਣੇ ਹਰਿ ਤਿਨੑ ਕੈ ਸੰਗਿ ਮਿਲਾਇ ॥
1719467746,SDO_MGA_1,Bhai Mohinder Singh Ji SDO,00:22:19,1680,20632,bhi(n)nee rainaReeaai chaamakan taare ||,https://s3.us-east-1.amazonaws.com/keerat.xyz/keertan/sdo/yt_mga/061 MGA SDO 1061 Track No 1.m4a,ਭਿੰਨੀ ਰੈਨੜੀਐ ਚਾਮਕਨਿ ਤਾਰੇ ॥
1719467864,SDO_MGA_1,Bhai Mohinder Singh Ji SDO,00:00:00,314,4312,"ਦਿਨੁ ਰੈਣਿ ਸੁਹਾਵੜੀ ਆਈ ਸਿਮਰਤ ਨਾਮੁ ਹਰੇ ॥ dhin rain suhaavaRee aaiee simarat naam hare || Day and night, become beauteous by remembering the Naam, the Name of the Lord. ਚਰਣ ਕਮਲ ਸੰਗਿ ਪ੍ਰੀਤਿ ਕਲਮਲ ਪਾਪ ਟਰੇ ॥ charan kamal sa(n)g preet kalamal paap Tare || In love with the Lord's Lotus Feet, corruption and sin depart. ਦੂਖ ਭੂਖ ਦਾਰਿਦ੍ਰ ਨਾਠੇ ਪ੍ਰਗਟੁ ਮਗੁ ਦਿਖਾਇਆ ॥ dhookh bhookh dhaaridhr naaThe pragaT mag dhikhaiaa || Pain, hunger and poverty run away, and the path is clearly revealed. ਮਿਲਿ ਸਾਧਸੰਗੇ ਨਾਮ ਰੰਗੇ ਮਨਿ ਲੋੜੀਦਾ ਪਾਇਆ ॥ mil saadhasa(n)ge naam ra(n)ge man loReedhaa paiaa || Joining the Saadh Sangat, the Company of the Holy, one is attuned to the Naam, and obtains the desires of the mind. ਹਰਿ ਦੇਖਿ ਦਰਸਨੁ ਇਛ ਪੁੰਨੀ ਕੁਲ ਸੰਬੂਹਾ ਸਭਿ ਤਰੇ ॥ har dhekh dharasan ichh pu(n)nee kul sa(n)boohaa sabh tare || Beholding the Blessed Vision of the Lord's Darshan, desires are fulfilled; all one's family and relatives are saved. ਦਿਨਸੁ ਰੈਣਿ ਅਨੰਦ ਅਨਦਿਨੁ ਸਿਮਰੰਤ ਨਾਨਕ ਹਰਿ ਹਰੇ ॥੪॥੬॥੯॥",https://s3.us-east-1.amazonaws.com/keerat.xyz/keertan/sdo/yt_mga/062 MGA SDO 1061 Track No 2.m4a,ਰੈਣਿ ਸੁਹਾਵੜੀ ਦਿਨਸੁ ਸੁਹੇਲਾ ॥
1719468350,SDO_MGA_1,Bhai Mohinder Singh Ji SDO,00:00:00,2400,27445,maiee. man mero bas naeh ||,https://s3.us-east-1.amazonaws.com/keerat.xyz/keertan/sdo/yt_mga/063 MGA SDO 1061 Track No 3.m4a,ਮਾਈ ਮਨੁ ਮੇਰੋ ਬਸਿ ਨਾਹਿ ॥
1719468422,SDO_MGA_1,Bhai Mohinder Singh Ji SDO,00:08:18,,,ਪੀਵਹੁ ਪਾਹੁਲ ਖੰਡੇਧਾਰ ਹੋਇ ਜਨਮ ਸੁਹੇਲਾ ।,https://s3.us-east-1.amazonaws.com/keerat.xyz/keertan/sdo/yt_mga/063 MGA SDO 1061 Track No 3.m4a,
1719468545,SDO_MGA_1,Bhai Mohinder Singh Ji SDO,00:12:21,202,3299,manmukh ma(n)n ajit hai dhoojai lagai jai ||,https://s3.us-east-1.amazonaws.com/keerat.xyz/keertan/sdo/yt_mga/063 MGA SDO 1061 Track No 3.m4a,ਹੋਰੁ ਬਿਰਹਾ ਸਭ ਧਾਤੁ ਹੈ ਜਬ ਲਗੁ ਸਾਹਿਬ ਪ੍ਰੀਤਿ ਨ ਹੋਇ ॥
1719468768,SDO_MGA_1,Bhai Mohinder Singh Ji SDO,00:22:27,3260,37049,kuT kuT man kasavaTee laavai ||,https://s3.us-east-1.amazonaws.com/keerat.xyz/keertan/sdo/yt_mga/063 MGA SDO 1061 Track No 3.m4a,ਕੁਟਿ ਕੁਟਿ ਮਨੁ ਕਸਵਟੀ ਲਾਵੈ ॥
1719468835,SDO_MGA_1,Bhai Mohinder Singh Ji SDO,00:25:15,3822,46532,Fight mind parkaran track. giaaneeaa kaa ih mahat hai man maeh samaanaa ||,https://s3.us-east-1.amazonaws.com/keerat.xyz/keertan/sdo/yt_mga/063 MGA SDO 1061 Track No 3.m4a,ਗਿਆਨੀਆ ਕਾ ਇਹੁ ਮਹਤੁ ਹੈ ਮਨ ਮਾਹਿ ਸਮਾਨਾ ॥
1719468852,SDO_MGA_1,Bhai Mohinder Singh Ji SDO,00:00:00,2538,28781,gurbaanee sun mail gavaae ||,https://s3.us-east-1.amazonaws.com/keerat.xyz/keertan/sdo/yt_mga/064 MGA SDO 1062 Track No01.m4a,ਗੁਰਬਾਣੀ ਸੁਣਿ ਮੈਲੁ ਗਵਾਏ ॥
1720113070,random,Bhai Mohinder Singh Ji SDO,00:27:44,5479,60086,"ਜਿਨਾ ਅੰਦਰਿ ਨਾਮੁ ਨਿਧਾਨੁ ਹੈ ਗੁਰਬਾਣੀ ਵੀਚਾਰਿ ॥ jinaa a(n)dhar naam nidhaan hai gurbaanee veechaar || Those who have the Naam within, contemplate the Word of the Guru's Bani. ਤਿਨ ਕੇ ਮੁਖ ਸਦ ਉਜਲੇ ਤਿਤੁ ਸਚੈ ਦਰਬਾਰਿ ॥ tin ke mukh sadh ujale tit sachai dharabaar || Their faces are always radiant in the Court of the True Lord. ਤਿਨ ਬਹਦਿਆ ਉਠਦਿਆ ਕਦੇ. ਨ ਵਿਸਰੈ ਜਿ ਆਪਿ ਬਖਸੇ ਕਰਤਾਰਿ ॥ tin bahadhiaa uThadhiaa kadhe. na visarai j aap bakhase karataar || Sitting down and standing up, they never forget the Creator, who forgives them. ਨਾਨਕ. ਗੁਰਮੁਖਿ ਮਿਲੇ. ਨ ਵਿਛੁੜਹਿ ਜਿ ਮੇਲੇ ਸਿਰਜਣਹਾਰਿ ॥੧੫॥",https://s3.us-east-1.amazonaws.com/keerat.xyz/keertan/sdo/yt_karKeertan/020 Bhai Mohinder Singh SDO ( SATGUR MEH SHABAD SHABAD MEH SATGUR ).wmv (karKeertan).mp3,ਤਿਨ ਬਹਦਿਆ ਉਠਦਿਆ ਕਦੇ ਨ ਵਿਸਰੈ ਜਿ ਆਪਿ ਬਖਸੇ ਕਰਤਾਰਿ ॥
1720612919,SDO_MGA_1,Bhai Mohinder Singh Ji SDO,00:00:00,2538,28781,gurbaanee sun mail gavaae ||,https://s3.us-east-1.amazonaws.com/keerat.xyz/keertan/sdo/yt_mga/065 MGA SDO 1062 Track No02 Gurmukh Sakhi Saheli Meri.m4a,ਗੁਰਬਾਣੀ ਸੁਣਿ ਮੈਲੁ ਗਵਾਏ ॥
1720612972,SDO_MGA_1,Bhai Mohinder Singh Ji SDO,00:00:00,2309,26478,sravanee suneeaai. rasanaa gaieeaai hiradhai dhiaaieeaai soiee ||,https://s3.us-east-1.amazonaws.com/keerat.xyz/keertan/sdo/yt_mga/066 MGA SDO 1062 Track No03.m4a,ਸ੍ਰਵਣੀ ਸੁਣੀਐ ਰਸਨਾ ਗਾਈਐ ਹਿਰਦੈ ਧਿਆਈਐ ਸੋਈ ॥
1720613050,SDO_MGA_1,Bhai Mohinder Singh Ji SDO,00:10:07,2478,28130,Fire simran. ਹਰਿ ਹਰਿ ਹਰਿ. ਹਰਿ ਭਗਤਿ ਦ੍ਰਿੜਾਵਹੁ ਹਰਿ ਹਰਿ ਨਾਮੁ ਓੁਮਾਹਾ ਰਾਮ ॥੧॥,https://s3.us-east-1.amazonaws.com/keerat.xyz/keertan/sdo/yt_mga/066 MGA SDO 1062 Track No03.m4a,ਹਰਿ ਹਰਿ ਸੰਤ ਮਿਲਹੁ ਮੇਰੇ ਭਾਈ ਹਰਿ ਨਾਮੁ ਦ੍ਰਿੜਾਵਹੁ ਇਕ ਕਿਨਕਾ ॥
1720613115,SDO_MGA_1,Bhai Mohinder Singh Ji SDO,00:00:00,2596,29381,satigur poorai. keenee dhaat ||,https://s3.us-east-1.amazonaws.com/keerat.xyz/keertan/sdo/yt_mga/067 MGA SDO 1062 Track No04.m4a,ਸਤਿਗੁਰਿ ਪੂਰੈ ਕੀਨੀ ਦਾਤਿ ॥
1720613151,SDO_MGA_1,Bhai Mohinder Singh Ji SDO,00:05:00,5428,59386,ਵਾਹਿਗੁਰੂ ਵਾਹਿਗੁਰੂ japiyo praniyo,https://s3.us-east-1.amazonaws.com/keerat.xyz/keertan/sdo/yt_mga/067 MGA SDO 1062 Track No04.m4a,ਵਾਹਿਗੁਰੂ ਵਾਹਿਗੁਰੂ ਵਾਹਿਗੁਰੂ ਵਾਹਿ ਜੀਉ ॥
1720613206,SDO_MGA_1,Bhai Mohinder Singh Ji SDO,00:05:37,,,naam rahio. saadhoo rahio rahio gur gobi(n)dh ||,https://s3.us-east-1.amazonaws.com/keerat.xyz/keertan/sdo/yt_mga/067 MGA SDO 1062 Track No04.m4a,
1721742048,SDO_MGA_1,Bhai Mohinder Singh Ji SDO,00:07:59,1122,13731,fir chaRai dhivasu. gurbaanee gaavai bahadhiaa uThadhiaa har naam dhiaavai ||,https://s3.us-east-1.amazonaws.com/keerat.xyz/keertan/sdo/yt_mga/067 MGA SDO 1062 Track No04.m4a,ਹਉਮੈ ਮੈਲੁ ਬਿਖੁ ਉਤਰੈ ਹਰਿ ਅੰਮ੍ਰਿਤੁ ਹਰਿ ਉਰ ਧਾਰਿ ॥
1721742135,SDO_MGA_1,Bhai Mohinder Singh Ji SDO,00:10:10,,,Dhan Guru Nanak Patsha ji. 10 Gurus,https://s3.us-east-1.amazonaws.com/keerat.xyz/keertan/sdo/yt_mga/067 MGA SDO 1062 Track No04.m4a,
1721742241,SDO_MGA_1,Bhai Mohinder Singh Ji SDO,00:14:12,2596,29381,satigur poorai. keenee dhaat ||,https://s3.us-east-1.amazonaws.com/keerat.xyz/keertan/sdo/yt_mga/067 MGA SDO 1062 Track No04.m4a,ਸਤਿਗੁਰਿ ਪੂਰੈ ਕੀਨੀ ਦਾਤਿ ॥
1721742337,SDO_MGA_1,Bhai Mohinder Singh Ji SDO,00:19:00,3236,36618,raam raam raam keeratan gai ||,https://s3.us-east-1.amazonaws.com/keerat.xyz/keertan/sdo/yt_mga/067 MGA SDO 1062 Track No04.m4a,ਰਾਮ ਰਾਮ ਰਾਮ ਕੀਰਤਨੁ ਗਾਇ ॥
1721742417,SDO_MGA_1,Bhai Mohinder Singh Ji SDO,00:20:56,,,P5 Dhan guru Arjan,https://s3.us-east-1.amazonaws.com/keerat.xyz/keertan/sdo/yt_mga/067 MGA SDO 1062 Track No04.m4a,
1721742524,SDO_MGA_1,Bhai Mohinder Singh Ji SDO,00:20:39,243,3553,"ਤੇਰੋ ਸੇਵਕੁ ਇਹ ਰੰਗਿ ਮਾਤਾ ॥ tero sevak ieh ra(n)g maataa || Your slave is intoxicated with this Love of Yours. ਭਇਓ ਕ੍ਰਿਪਾਲੁ. ਦੀਨ ਦੁਖ ਭੰਜਨੁ ਹਰਿ ਹਰਿ ਕੀਰਤਨਿ ਇਹੁ ਮਨੁ ਰਾਤਾ ॥ ਰਹਾਉ ਦੂਜਾ ॥੧॥੩॥ bhio kirapaalu. dheen dhukh bha(n)jan har har keeratan ih man raataa || rahaau dhoojaa ||1||3|| The Destroyer of the pains of the poor has become merciful to me, and this mind is imbued with the Praises of the Lord, Har, Har. ||Second Pause||1||3||",https://s3.us-east-1.amazonaws.com/keerat.xyz/keertan/sdo/yt_mga/067 MGA SDO 1062 Track No04.m4a,ਜਿਨ ਕਉ ਹੋਆ ਕ੍ਰਿਪਾਲੁ ਹਰਿ ਸੇ ਸਤਿਗੁਰ ਪੈਰੀ ਪਾਹੀ ॥
1721742823,SDO_MGA_1,Bhai Mohinder Singh Ji SDO,00:00:00,178,2781,"ਸੁਣਿ ਸੁਣਿ ਜੀਵਾ ਸੋਇ ਤਿਨਾ ਕੀ ਜਿਨੑ ਅਪੁਨਾ ਪ੍ਰਭੁ ਜਾਤਾ ॥ sun sun jeevaa soi tinaa kee jin(h) apunaa prabh jaataa || I live by hearing, hearing of those who know their God. ਹਰਿ ਨਾਮੁ ਅਰਾਧਹਿ. ਨਾਮੁ ਵਖਾਣਹਿ ਹਰਿ ਨਾਮੇ ਹੀ ਮਨੁ ਰਾਤਾ ॥ har naam araadhahi. naam vakhaaneh har naame hee man raataa || They contemplate the Lord's Name, they chant the Lord's Name, and their minds are imbued with the Lord's Name. ਸੇਵਕੁ ਜਨ ਕੀ. ਸੇਵਾ ਮਾਗੈ ਪੂਰੈ ਕਰਮਿ ਕਮਾਵਾ ॥ sevak jan kee. sevaa maagai poorai karam kamaavaa || I am Your servant; I beg to serve Your humble servants. By the karma of perfect destiny, I do this. ਨਾਨਕ ਕੀ ਬੇਨੰਤੀ ਸੁਆਮੀ ਤੇਰੇ ਜਨ ਦੇਖਣੁ ਪਾਵਾ ॥੨॥ naanak kee bena(n)tee suaamee tere jan dhekhan paavaa ||2|| This is Nanak's prayer: O my Lord and Master, may I obtain the Blessed Vision of Your humble servants. ||2||",https://s3.us-east-1.amazonaws.com/keerat.xyz/keertan/sdo/yt_mga/069 MGA SDO 1063 Track No01.m4a,ਏਕੋ ਸੇਵਨਿ ਏਕੁ ਅਰਾਧਹਿ ਗੁਰਮੁਖਿ ਅਕਥ ਕਹਾਣੀ ॥੬॥
1721743139,SDO_MGA_1,Bhai Mohinder Singh Ji SDO,00:00:00,233,3475,"jithai oh jai, tithai oh surakharoo us kai muh ddiThai, sabh paapee tariaa ||",https://s3.us-east-1.amazonaws.com/keerat.xyz/keertan/sdo/yt_mga/070 MGA SDO 1063 Track No02.m4a,ਜਿਥੈ ਓਹੁ ਜਾਇ ਤਿਥੈ ਓਹੁ ਸੁਰਖਰੂ ਉਸ ਕੈ ਮੁਹਿ ਡਿਠੈ ਸਭ ਪਾਪੀ ਤਰਿਆ ॥
1722887524,SDO_MGA_1,Bhai Mohinder Singh Ji SDO,00:00:00,,,har kirapaa te. hoaa har bhagat har bhagat janaa kai muh ddiThai jagat tariaa sabh loReeaai ||4||,https://s3.us-east-1.amazonaws.com/keerat.xyz/keertan/sdo/yt_mga/071 MGA SDO 1063 Track No03.m4a,
1722887616,SDO_MGA_1,Bhai Mohinder Singh Ji SDO,00:00:00,45,483,"jin har dhiaaiaa, tis no sarab kaliaan hoe nit sa(n)t janaa kee sa(n)gat jai baheeaai. muh joReeaai ||",https://s3.us-east-1.amazonaws.com/keerat.xyz/keertan/sdo/yt_mga/072 MGA SDO 1063 Track No04.m4a,ਸੇ ਮੁਕਤੁ ਸੇ ਮੁਕਤੁ ਭਏ ਜਿਨ ਹਰਿ ਧਿਆਇਆ ਜੀ ਤਿਨ ਤੂਟੀ ਜਮ ਕੀ ਫਾਸੀ ॥
1722887654,SDO_MGA_1,Bhai Mohinder Singh Ji SDO,00:00:00,45,483,"jin har dhiaaiaa, tis no sarab kaliaan hoe nit sa(n)t janaa kee sa(n)gat jai baheeaai. muh joReeaai ||",https://s3.us-east-1.amazonaws.com/keerat.xyz/keertan/sdo/yt_mga/073 MGA SDO 1063 Track No05.m4a,ਸੇ ਮੁਕਤੁ ਸੇ ਮੁਕਤੁ ਭਏ ਜਿਨ ਹਰਿ ਧਿਆਇਆ ਜੀ ਤਿਨ ਤੂਟੀ ਜਮ ਕੀ ਫਾਸੀ ॥
1722887713,SDO_MGA_1,Bhai Mohinder Singh Ji SDO,00:02:36,233,3475,"jithai oh jai, tithai oh surakharoo us kai muh ddiThai, sabh paapee tariaa ||",https://s3.us-east-1.amazonaws.com/keerat.xyz/keertan/sdo/yt_mga/073 MGA SDO 1063 Track No05.m4a,ਜਿਥੈ ਓਹੁ ਜਾਇ ਤਿਥੈ ਓਹੁ ਸੁਰਖਰੂ ਉਸ ਕੈ ਮੁਹਿ ਡਿਠੈ ਸਭ ਪਾਪੀ ਤਰਿਆ ॥
1722887834,SDO_MGA_1,Bhai Mohinder Singh Ji SDO,00:04:23,1170,14070,jan naanak kau. har mel jan tin vekh vekh ham jeevaeh ||1||,https://s3.us-east-1.amazonaws.com/keerat.xyz/keertan/sdo/yt_mga/073 MGA SDO 1063 Track No05.m4a,ਜਨ ਨਾਨਕ ਕਉ ਹਰਿ ਮੇਲਿ ਜਨ ਤਿਨ ਵੇਖਿ ਵੇਖਿ ਹਮ ਜੀਵਾਹਿ ॥੧॥
1722887921,SDO_MGA_1,Bhai Mohinder Singh Ji SDO,00:07:20,,,"What a parkaran. Tin vekh vekh to 3 roops of guru Gobind Singh ji. Nirgun, Guru Granth, Gursikh. Khalsa tin  veh veh ",https://s3.us-east-1.amazonaws.com/keerat.xyz/keertan/sdo/yt_mga/073 MGA SDO 1063 Track No05.m4a,
1722887992,SDO_MGA_1,Bhai Mohinder Singh Ji SDO,00:09:40,183,2983,"ਗੁਰਸਿਖਾ ਅੰਦਰਿ ਸਤਿਗੁਰੁ ਵਰਤੈ ਚੁਣਿ ਕਢੇ, ਲਧੋਵਾਰੇ ॥",https://s3.us-east-1.amazonaws.com/keerat.xyz/keertan/sdo/yt_mga/073 MGA SDO 1063 Track No05.m4a,ਗੁਰਸਿਖਾ ਲਹਦਾ ਭਾਲਿ ਕੈ ॥
1722888050,SDO_MGA_1,Bhai Mohinder Singh Ji SDO,00:15:39,176,2710,ਜਿਨਾ ਅੰਦਰਿ ਨਾਮੁ ਨਿਧਾਨੁ ਹੈ ਗੁਰਬਾਣੀ ਵੀਚਾਰਿ ॥,https://s3.us-east-1.amazonaws.com/keerat.xyz/keertan/sdo/yt_mga/073 MGA SDO 1063 Track No05.m4a,ਗੁਰਬਾਣੀ ਇਸੁ ਜਗ ਮਹਿ ਚਾਨਣੁ ਕਰਮਿ ਵਸੈ ਮਨਿ ਆਏ ॥੧॥
1722888104,SDO_MGA_1,Bhai Mohinder Singh Ji SDO,00:00:00,245,3559,aThe pahar ikatai livai ma(n)nen hukam apaar ||,https://s3.us-east-1.amazonaws.com/keerat.xyz/keertan/sdo/yt_mga/074 MGA SDO 1063 Track No06.m4a,ਮੁੰਢਹੁ ਭੁਲੀ ਨਾਨਕਾ ਫਿਰਿ ਫਿਰਿ ਜਨਮਿ ਮੁਈਆਸੁ ॥
1722888195,SDO_MGA_1,Bhai Mohinder Singh Ji SDO,00:06:17,5479,60084,jinaa a(n)dhar naam nidhaan hai gurbaanee veechaar ||,https://s3.us-east-1.amazonaws.com/keerat.xyz/keertan/sdo/yt_mga/074 MGA SDO 1063 Track No06.m4a,ਜਿਨਾ ਅੰਦਰਿ ਨਾਮੁ ਨਿਧਾਨੁ ਹੈ ਗੁਰਬਾਣੀ ਵੀਚਾਰਿ ॥
1722888298,SDO_MGA_1,Bhai Mohinder Singh Ji SDO,00:07:34,5,44,ਜਾ ਬਹਹਿ ਗੁਰਮੁਖਿ. ਹਰਿ ਨਾਮੁ ਬੋਲਹਿ ਜਾ ਖੜੇ ਗੁਰਮੁਖਿ. ਹਰਿ ਹਰਿ ਕਹਿਆ ॥,https://s3.us-east-1.amazonaws.com/keerat.xyz/keertan/sdo/yt_mga/074 MGA SDO 1063 Track No06.m4a,ਗੁਰਮੁਖਿ ਨਾਦੰ ਗੁਰਮੁਖਿ ਵੇਦੰ ਗੁਰਮੁਖਿ ਰਹਿਆ ਸਮਾਈ ॥
1722888336,SDO_MGA_1,Bhai Mohinder Singh Ji SDO,00:08:42,1258,14546,auTha(n)dhiaa baha(n)dhiaa sava(n)dhiaa sukh soi ||,https://s3.us-east-1.amazonaws.com/keerat.xyz/keertan/sdo/yt_mga/074 MGA SDO 1063 Track No06.m4a,ਉਠੰਦਿਆ ਬਹੰਦਿਆ ਸਵੰਦਿਆ ਸੁਖੁ ਸੋਇ ॥
1722888565,SDO_MGA_1,Bhai Mohinder Singh Ji SDO,00:09:17,53,580,"ਮਾਈ ਖਾਟਿ ਆਇਓ ਘਰਿ. ਪੂਤਾ ॥ maiee khaaT aaio ghari. pootaa || O mother, your son has returned home with a profit: ਹਰਿ ਧਨੁ ਚਲਤੇ. ਹਰਿ ਧਨੁ ਬੈਸੇ ਹਰਿ ਧਨੁ ਜਾਗਤ ਸੂਤਾ ॥੧॥ ਰਹਾਉ ॥",https://s3.us-east-1.amazonaws.com/keerat.xyz/keertan/sdo/yt_mga/074 MGA SDO 1063 Track No06.m4a,ਈਹਾ ਖਾਟਿ ਚਲਹੁ ਹਰਿ ਲਾਹਾ ਆਗੈ ਬਸਨੁ ਸੁਹੇਲਾ ॥੧॥
1722888621,SDO_MGA_1,Bhai Mohinder Singh Ji SDO,00:10:23,87,1089,"ਊਠਤ ਬੈਠਤ ਸੋਵਤ ਧਿਆਈਐ ॥ uooThat baiThat sovat dhiaaieeaai || While standing up, and sitting down, and even while asleep, meditate on the Lord. ਮਾਰਗਿ ਚਲਤ ਹਰੇ ਹਰਿ ਗਾਈਐ ॥੧॥",https://s3.us-east-1.amazonaws.com/keerat.xyz/keertan/sdo/yt_mga/074 MGA SDO 1063 Track No06.m4a,ਨਾਉ ਧਿਆਈਐ ਨਾਉ ਮੰਗੀਐ ਨਾਮੇ ਸਹਜਿ ਸਮਾਇ ॥੧॥
1722888690,SDO_MGA_1,Bhai Mohinder Singh Ji SDO,00:11:35,2029,23538,har raam naam jap laahaa ||,https://s3.us-east-1.amazonaws.com/keerat.xyz/keertan/sdo/yt_mga/074 MGA SDO 1063 Track No06.m4a,ਹਰਿ ਰਾਮ ਨਾਮੁ ਜਪਿ ਲਾਹਾ ॥
1722888748,SDO_MGA_1,Bhai Mohinder Singh Ji SDO,00:00:00,,,maiee khaaT aaio ghari. pootaa ||,https://s3.us-east-1.amazonaws.com/keerat.xyz/keertan/sdo/yt_mga/075 MGA SDO 1063 Track No07.m4a,
1722888854,SDO_MGA_1,Bhai Mohinder Singh Ji SDO,00:00:00,4778,56092,"sabh dhiaavahu aadh sate, jugaadh sate paratakh sate, sadhaa sadhaa sate jan naanaku. dhaas dhasonaa ||5||",https://s3.us-east-1.amazonaws.com/keerat.xyz/keertan/sdo/yt_mga/076 MGA SDO 1064 Track No01.m4a,ਸਭਿ ਧਿਆਵਹੁ ਆਦਿ ਸਤੇ ਜੁਗਾਦਿ ਸਤੇ ਪਰਤਖਿ ਸਤੇ ਸਦਾ ਸਦਾ ਸਤੇ ਜਨੁ ਨਾਨਕੁ ਦਾਸੁ ਦਸੋਨਾ ॥੫॥
1722974071,SDO_MGA_1,Bhai Mohinder Singh Ji SDO,00:03:35,4270,51727,bachan guroo jo poorai kahio mai chheek gaa(n)Tharee baadhaa ||1|| rahaau ||,https://s3.us-east-1.amazonaws.com/keerat.xyz/keertan/sdo/yt_mga/076 MGA SDO 1064 Track No01.m4a,ਬਚਨੁ ਗੁਰੂ ਜੋ ਪੂਰੈ ਕਹਿਓ ਮੈ ਛੀਕਿ ਗਾਂਠਰੀ ਬਾਧਾ ॥੧॥ ਰਹਾਉ ॥
1722974415,SDO_MGA_1,Bhai Mohinder Singh Ji SDO,00:14:40,7565,78076,"raam raheem puraan kuraan anek kahai(n), mat ek na maanayo ||",https://s3.us-east-1.amazonaws.com/keerat.xyz/keertan/sdo/yt_mga/076 MGA SDO 1064 Track No01.m4a,ਆਦਿ ਅਪਾਰ ਅਲੇਖ ਅਨੰਤ ਅਕਾਲ ਅਭੇਖ ਅਲੱਖ ਅਨਾਸਾ ॥
1722974524,SDO_MGA_1,Bhai Mohinder Singh Ji SDO,00:19:04,3942,47100,nihachal ek naraino har agam agaadhaa ||,https://s3.us-east-1.amazonaws.com/keerat.xyz/keertan/sdo/yt_mga/076 MGA SDO 1064 Track No01.m4a,ਨਿਹਚਲੁ ਏਕੁ ਨਰਾਇਣੋ ਹਰਿ ਅਗਮ ਅਗਾਧਾ ॥
1722974858,SDO_MGA_1,Bhai Mohinder Singh Ji SDO,00:27:58,3938,47082,ਤਟ ਤੀਰਥ ਦੇਵ ਦੇਵਾਲਿਆ ਕੇਦਾਰੁ ਮਥੁਰਾ ਕਾਸੀ ॥,https://s3.us-east-1.amazonaws.com/keerat.xyz/keertan/sdo/yt_mga/076 MGA SDO 1064 Track No01.m4a,ਤਟ ਤੀਰਥ ਦੇਵ ਦੇਵਾਲਿਆ ਕੇਦਾਰੁ ਮਥੁਰਾ ਕਾਸੀ ॥
1722974913,SDO_MGA_1,Bhai Mohinder Singh Ji SDO,00:31:19,,,naam rahio. saadhoo rahio rahio gur gobi(n)dh ||,https://s3.us-east-1.amazonaws.com/keerat.xyz/keertan/sdo/yt_mga/076 MGA SDO 1064 Track No01.m4a,
1722975203,SDO_MGA_1,Bhai Mohinder Singh Ji SDO,00:00:50,234,3481,"ਜਾਗਤ ਜੋਤਿ ਜਪੈ ਨਿਸ ਬਾਸੁਰ ਏਕੁ ਬਿਨਾ, ਮਨਿ ਨੈਕ ਨ ਆਨੈ ॥ jaagat jot japai nis baasur ek binaa, man naik na aanai || He is the true Khalsa (Sikh), who remembers the ever-awakened Light throughout night and day and does not bring anyone else in the mind ਪੂਰਨ ਪ੍ਰੇਮ ਪ੍ਰਤੀਤ ਸਜੈ ਬ੍ਰਤ ਗੋਰ ਮੜ੍ਰਹੀ ਮਠ ਭੂਲ ਨ ਮਾਨੈ ॥ pooran prem prateet sajai brat gor maRrahee maTh bhool na maanai || He practices his vow with whole heated affection and does not believe in even by oversight, the graves, Hindu monuments and monasteries ਤੀਰਥ ਦਾਨ ਦਇਆ ਤਪ ਸੰਜਮ ਏਕੁ ਬਿਨਾ ਨਹਿ ਏਕ ਪਛਾਨੈ ॥ teerath dhaan dhiaa tap sa(n)jam ek binaa neh ek pachhaanai || He does not recognize anyone else except One Lord, not even the bestowal of charities, ਪੂਰਨ ਜੋਤਿ ਜਗੈ ਘਟ ਮੈ ਤਬ ਖਾਲਸ ਤਾਹਿ ਨ ਖਾਲਸ ਜਾਨੈ ॥੧॥ pooran jot jagai ghaT mai tab khaalas taeh na khaalas jaanai ||1|| Performance of merciful acts, austerities and restraint on pilgrim-stations the perfect light of the Lord illuminates his heart, then consider him as the immaculate Khalsa.1.",https://s3.us-east-1.amazonaws.com/keerat.xyz/keertan/sdo/yt_mga/077 MGA SDO 1065 M 1 A SIDE.m4a,ਆਤਮੇ ਨੋ ਆਤਮੇ ਦੀ ਪ੍ਰਤੀਤਿ ਹੋਇ ਤਾ ਘਰ ਹੀ ਪਰਚਾ ਪਾਇ ॥
1722975457,SDO_MGA_1,Bhai Mohinder Singh Ji SDO,00:05:12,119,1634,"ਐਸਾ ਕੋ ਵਡਭਾਗੀ ਆਇਆ ॥ aaisaa ko vaddabhaagee aaiaa || Rare are those few, very blessed people, who come into the world, ਆਠ ਪਹਰ ਜਿਨਿ ਖਸਮੁ ਧਿਆਇਆ ॥ aaTh pahar jin khasam dhiaaiaa || and meditate on their Lord and Master, twenty-four hours a day. ਤਿਸੁ ਜਨ ਕੈ ਸੰਗਿ ਤਰੈ ਸਭੁ ਕੋਈ ਸੋ ਪਰਵਾਰ ਸਧਾਰਣਾ ॥੧੫॥ tis jan kai sa(n)g tarai sabh koiee so paravaar sadhaaranaa ||15|| Associating with such humble people, all are saved, and their families are saved as well. ||15|| ਇਹ ਬਖਸੀਸ ਖਸਮ ਤੇ ਪਾਵਾ ॥ eeh bakhasees khasam te paavaa || This is the blessing which I have received from my Lord and Master. ਆਠ ਪਹਰ ਕਰ ਜੋੜਿ ਧਿਆਵਾ ॥ aaTh pahar kar joR dhiaavaa || Twenty-four hours a day, with my palms pressed together, I meditate on Him. ਨਾਮੁ ਜਪੀ ਨਾਮਿ ਸਹਜਿ ਸਮਾਵਾ ਨਾਮੁ ਨਾਨਕ. ਮਿਲੈ ਉਚਾਰਣਾ ॥੧੬॥੧॥੬॥ naam japee naam sahaj samaavaa naam naanaka. milai uchaaranaa ||16||1||6|| I chant the Naam, and through the Naam, I intuitively merge into the Lord; O Nanak, may I be blessed with the Naam, and ever repeat it. ||16||1||6||",https://s3.us-east-1.amazonaws.com/keerat.xyz/keertan/sdo/yt_mga/077 MGA SDO 1065 M 1 A SIDE.m4a,ਧੰਨੁ ਵਡਭਾਗੀ ਵਡ ਭਾਗੀਆ ਜੋ ਆਇ ਮਿਲੇ ਗੁਰ ਪਾਸਿ ॥੨॥
1724277923,SDO_MGA_1,Bhai Mohinder Singh Ji SDO,00:11:41,5,41,ਓਸੁ ਅੰਤਰਿ ਨਾਮੁ ਨਿਧਾਨੁ ਹੈ ਨਾਮੋ ਪਰਵਰਿਆ ॥,https://s3.us-east-1.amazonaws.com/keerat.xyz/keertan/sdo/yt_mga/077 MGA SDO 1065 M 1 A SIDE.m4a,ਨਾਨਕ ਗਾਵੀਐ ਗੁਣੀ ਨਿਧਾਨੁ ॥
1724278988,SDO_MGA_1,Bhai Mohinder Singh Ji SDO,00:14:31,233,3475,"jithai oh jai, tithai oh surakharoo us kai muh ddiThai, sabh paapee tariaa ||",https://s3.us-east-1.amazonaws.com/keerat.xyz/keertan/sdo/yt_mga/077 MGA SDO 1065 M 1 A SIDE.m4a,ਜਿਥੈ ਓਹੁ ਜਾਇ ਤਿਥੈ ਓਹੁ ਸੁਰਖਰੂ ਉਸ ਕੈ ਮੁਹਿ ਡਿਠੈ ਸਭ ਪਾਪੀ ਤਰਿਆ ॥
1724279067,SDO_MGA_1,Bhai Mohinder Singh Ji SDO,00:20:14,2493,28214,seiee bichakhan ja(n)t jinee har dhiaaiaa ||,https://s3.us-east-1.amazonaws.com/keerat.xyz/keertan/sdo/yt_mga/077 MGA SDO 1065 M 1 A SIDE.m4a,ਸੇਈ ਬਿਚਖਣ ਜੰਤ ਜਿਨੀ ਹਰਿ ਧਿਆਇਆ ॥
1724280079,SDO_MGA_1,Bhai Mohinder Singh Ji SDO,00:27:48,808,11118,"ਜਾਗਤ ਜੋਤਿ ਜਪੈ ਨਿਸ ਬਾਸੁਰ ਏਕੁ ਬਿਨਾ, ਮਨਿ ਨੈਕ ਨ ਆਨੈ ॥",https://s3.us-east-1.amazonaws.com/keerat.xyz/keertan/sdo/yt_mga/077 MGA SDO 1065 M 1 A SIDE.m4a,ਝਾਲਾਘੇ ਉਠਿ ਨਾਮੁ ਜਪਿ ਨਿਸਿ ਬਾਸੁਰ ਆਰਾਧਿ ॥
1724280142,SDO_MGA_1,Bhai Mohinder Singh Ji SDO,00:28:38,182,2899,"ਪ੍ਰਭ ਮਿਲਣੈ ਕੀ, ਏਹ ਨੀਸਾਣੀ ॥",https://s3.us-east-1.amazonaws.com/keerat.xyz/keertan/sdo/yt_mga/077 MGA SDO 1065 M 1 A SIDE.m4a,ਦੋਹਾਗਣੀ ਕਿਆ ਨੀਸਾਣੀਆ ॥
1724280353,SDO_MGA_1,Bhai Mohinder Singh Ji SDO,00:00:00,3789,46009,jeh raakhai soiee sukh thaanaa ||,https://s3.us-east-1.amazonaws.com/keerat.xyz/keertan/sdo/yt_mga/078 MGA SDO 1065 M 1 B SIDE.m4a,ਜਹ ਰਾਖੈ ਸੋਈ ਸੁਖ ਥਾਨਾ ॥
1724280421,SDO_MGA_1,Bhai Mohinder Singh Ji SDO,00:02:01,3,30,ਵਾਹੁ ਖਸਮ ਤੂ ਵਾਹੁ ਜਿਨਿ ਰਚਿ ਰਚਨਾ ਹਮ ਕੀਏ ॥,https://s3.us-east-1.amazonaws.com/keerat.xyz/keertan/sdo/yt_mga/078 MGA SDO 1065 M 1 B SIDE.m4a,ਨਾਨਕ ਵਿਗਸੈ ਵੇਪਰਵਾਹੁ ॥੩॥
1724280565,SDO_MGA_1,Bhai Mohinder Singh Ji SDO,00:05:32,808,11118,"ਜਾਗਤ ਜੋਤਿ ਜਪੈ ਨਿਸ ਬਾਸੁਰ ਏਕੁ ਬਿਨਾ, ਮਨਿ ਨੈਕ ਨ ਆਨੈ ॥",https://s3.us-east-1.amazonaws.com/keerat.xyz/keertan/sdo/yt_mga/078 MGA SDO 1065 M 1 B SIDE.m4a,ਝਾਲਾਘੇ ਉਠਿ ਨਾਮੁ ਜਪਿ ਨਿਸਿ ਬਾਸੁਰ ਆਰਾਧਿ ॥
1724280968,SDO_MGA_1,Bhai Mohinder Singh Ji SDO,00:06:09,4283,51863,sagal padhaarath simaran jaa kai aaTh pahar mere man jaap ||1|| rahaau ||,https://s3.us-east-1.amazonaws.com/keerat.xyz/keertan/sdo/yt_mga/078 MGA SDO 1065 M 1 B SIDE.m4a,ਸਗਲ ਪਦਾਰਥ ਸਿਮਰਨਿ ਜਾ ਕੈ ਆਠ ਪਹਰ ਮੇਰੇ ਮਨ ਜਾਪਿ ॥੧॥ ਰਹਾਉ ॥
1724291609,SDO_MGA_1,Bhai Mohinder Singh Ji SDO,00:10:26,182,2915,"ਜਿਨੑ ਪੀਆ. ਸੇ ਮਸਤ ਭਏ ਹੈ ਤੂਟੇ ਬੰਧਨ ਫਾਹੇ ॥ jin(h) peeaa. se masat bhe hai tooTe ba(n)dhan faahe || Those who drink it in are enraptured; their bonds and shackles are cut away. ਜੋਤੀ ਜੋਤਿ ਸਮਾਣੀ ਭੀਤਰਿ ਤਾ ਛੋਡੇ ਮਾਇਆ ਕੇ ਲਾਹੇ ॥੨॥ jotee jot samaanee bheetar taa chhodde maiaa ke laahe ||2|| When one's light blends into the Divine Light, then the desire for Maya is ended. ||2||",https://s3.us-east-1.amazonaws.com/keerat.xyz/keertan/sdo/yt_mga/078 MGA SDO 1065 M 1 B SIDE.m4a,ਤੇਰਿਆ ਭਗਤਾ ਰਿਦੈ ਸਮਾਣੀਆ ॥
1724295055,ikirtan_HPS,Bhai Harpreet Singh Ji Toronto,00:00:30,3025,34272,aaisee kirapaa karahu. prabh mere ||,https://www.ikirtan.com/Bhai_Harpreet_Singh_Jee/Bay_Area_1999/Bay_Area_California_Rainsbaee_1999_Bhai_Harpreet_Singh.mp3,ਐਸੀ ਕ੍ਰਿਪਾ ਕਰਹੁ ਪ੍ਰਭ ਮੇਰੇ ॥
1724295077,ikirtan_HPS,Bhai Harpreet Singh Ji Toronto,00:11:47,2161,24712,sevak kee aradhaas piaare ||,https://www.ikirtan.com/Bhai_Harpreet_Singh_Jee/Bay_Area_1999/Bay_Area_California_Rainsbaee_1999_Bhai_Harpreet_Singh.mp3,ਸੇਵਕ ਕੀ ਅਰਦਾਸਿ ਪਿਆਰੇ ॥
1724342093,ikirtan_HPS,Bhai Harpreet Singh Ji Toronto,00:21:07,4321,52130,jaahoo kaahoo apuno hee chit aavai ||,https://www.ikirtan.com/Bhai_Harpreet_Singh_Jee/Bay_Area_1999/Bay_Area_California_Rainsbaee_1999_Bhai_Harpreet_Singh.mp3,ਜਾਹੂ ਕਾਹੂ ਅਪੁਨੋ ਹੀ ਚਿਤਿ ਆਵੈ ॥
1724440775,ikirtan_HPS,Bhai Harpreet Singh Ji Toronto,00:29:42,4352,52347,jeevan tau ganeeaai har pekhaa ||,https://www.ikirtan.com/Bhai_Harpreet_Singh_Jee/Bay_Area_1999/Bay_Area_California_Rainsbaee_1999_Bhai_Harpreet_Singh.mp3,ਜੀਵਨੁ ਤਉ ਗਨੀਐ ਹਰਿ ਪੇਖਾ ॥
1724442151,ikirtan_HPS,Bhai Harpreet Singh Ji Toronto,00:39:02,1366,15756,koop bhario jaise dhaadhiraa kachh dhes bidhesu. na boojh ||,https://www.ikirtan.com/Bhai_Harpreet_Singh_Jee/Bay_Area_1999/Bay_Area_California_Rainsbaee_1999_Bhai_Harpreet_Singh.mp3,ਕੂਪੁ ਭਰਿਓ ਜੈਸੇ ਦਾਦਿਰਾ ਕਛੁ ਦੇਸੁ ਬਿਦੇਸੁ ਨ ਬੂਝ ॥
1724442887,ikirtan_HPS,Bhai Harpreet Singh Ji Toronto,00:49:55,115,1568,ਚਰਨ ਕਮਲ ਪ੍ਰਭ ਕੇ ਨਿਤ ਧਿਆਵਉ ॥ charan kamal prabh ke nit dhiaavau || I meditate continually on the Lotus Feet of God. ਕਵਨ ਸੁ ਮਤਿ ਜਿਤੁ ਪ੍ਰੀਤਮੁ ਪਾਵਉ ॥੧॥ ਰਹਾਉ ॥ kavan su mat jit preetam paavau ||1|| rahaau || What wisdom will lead me to attain my Beloved? ||1||Pause||,https://www.ikirtan.com/Bhai_Harpreet_Singh_Jee/Bay_Area_1999/Bay_Area_California_Rainsbaee_1999_Bhai_Harpreet_Singh.mp3,ਸੋ ਪ੍ਰਭੁ ਪ੍ਰੀਤਮੁ ਮਨਿ ਵਸੈ ਜਿ ਸਭਸੈ ਦੇਇ ਅਧਾਰੁ ॥੨॥
1724443320,ikirtan_HPS,Bhai Harpreet Singh Ji Toronto,00:57:24,152,2119,saadhoo sa(n)gat man vasai pooran hovai ghaal ||1|| rahaau ||,https://www.ikirtan.com/Bhai_Harpreet_Singh_Jee/Bay_Area_1999/Bay_Area_California_Rainsbaee_1999_Bhai_Harpreet_Singh.mp3,ਸਾਧੂ ਸੰਗਤਿ ਮਨਿ ਵਸੈ ਪੂਰਨ ਹੋਵੈ ਘਾਲ ॥੧॥ ਰਹਾਉ ॥
1724443614,ikirtan_HPS,Bhai Harpreet Singh Ji Toronto,01:01:53,2704,30427,jiau machhulee bin paaneeaai kiau jeevan paavai ||,https://www.ikirtan.com/Bhai_Harpreet_Singh_Jee/Bay_Area_1999/Bay_Area_California_Rainsbaee_1999_Bhai_Harpreet_Singh.mp3,ਜਿਉ ਮਛੁਲੀ ਬਿਨੁ ਪਾਣੀਐ ਕਿਉ ਜੀਵਣੁ ਪਾਵੈ ॥
1724443788,ikirtan_HPS,Bhai Harpreet Singh Ji Toronto,01:05:34,,,"jaisee machhulee neera, ik khin bhee. naa dheere man aaisaa neh kareh ||",https://www.ikirtan.com/Bhai_Harpreet_Singh_Jee/Bay_Area_1999/Bay_Area_California_Rainsbaee_1999_Bhai_Harpreet_Singh.mp3,
1724443899,ikirtan_HPS,Bhai Harpreet Singh Ji Toronto,01:07:15,1539,18158,so chhooTai mahaa jaal te jis gursabadh nira(n)tar ||2||,https://www.ikirtan.com/Bhai_Harpreet_Singh_Jee/Bay_Area_1999/Bay_Area_California_Rainsbaee_1999_Bhai_Harpreet_Singh.mp3,ਸੋ ਛੂਟੈ ਮਹਾ ਜਾਲ ਤੇ ਜਿਸੁ ਗੁਰ ਸਬਦੁ ਨਿਰੰਤਰਿ ॥੨॥
1724444062,ikirtan_HPS,Bhai Harpreet Singh Ji Toronto,00:00:07,298,4108,dha(n)nu su velaa. jit har gaavat sunanaa aae te. paravaanaa jeeau ||1||,https://www.ikirtan.com/Bhai_Harpreet_Singh_Jee/California_Aug_2004/California_August_2004_Friday_Evening_Bhai_Harpreet_Singh.mp3,ਧੰਨੁ ਸੁ ਵੇਲਾ ਜਿਤੁ ਹਰਿ ਗਾਵਤ ਸੁਨਣਾ ਆਏ ਤੇ ਪਰਵਾਨਾ ਜੀਉ ॥੧॥
1724444426,ikirtan_HPS,Bhai Harpreet Singh Ji Toronto,00:15:27,2776,31072,gur rasanaa a(n)mrit boladhee har naam suhaavee ||,https://www.ikirtan.com/Bhai_Harpreet_Singh_Jee/California_Aug_2004/California_August_2004_Friday_Evening_Bhai_Harpreet_Singh.mp3,ਗੁਰ ਰਸਨਾ ਅੰਮ੍ਰਿਤੁ ਬੋਲਦੀ ਹਰਿ ਨਾਮਿ ਸੁਹਾਵੀ ॥
1724779688,SDO_MGA_1,Bhai Mohinder Singh Ji SDO,00:11:34,182,2915,ਜੋਤੀ ਜੋਤਿ ਸਮਾਣੀ ਭੀਤਰਿ ਤਾ ਛੋਡੇ ਮਾਇਆ ਕੇ ਲਾਹੇ ॥੨॥,https://s3.us-east-1.amazonaws.com/keerat.xyz/keertan/sdo/yt_mga/078 MGA SDO 1065 M 1 B SIDE.m4a,ਤੇਰਿਆ ਭਗਤਾ ਰਿਦੈ ਸਮਾਣੀਆ ॥
1724779788,SDO_MGA_1,Bhai Mohinder Singh Ji SDO,00:13:00,2679,30266,ab man chhooT giaa saadhoo sa(n)g mile ||,https://s3.us-east-1.amazonaws.com/keerat.xyz/keertan/sdo/yt_mga/078 MGA SDO 1065 M 1 B SIDE.m4a,ਅਬ ਮਨੁ ਛੂਟਿ ਗਇਆ ਸਾਧੂ ਸੰਗਿ ਮਿਲੇ ॥
1724780128,SDO_MGA_1,Bhai Mohinder Singh Ji SDO,00:16:36,182,2899,"ਮਿਲਿ ਸਖੀਆ ਪੁਛਹਿ ਕਹੁ ਕੰਤ ਨੀਸਾਣੀ ॥ mil sakheeaa puchheh kahu ka(n)t neesaanee || I meet with my companions and say, ""Show me the insignia of my Husband Lord."" ਰਸਿ ਪ੍ਰੇਮ ਭਰੀ ਕਛੁ ਬੋਲਿ. ਨ ਜਾਣੀ ॥ ras prem bharee kachh boli. na jaanee || I am filled with the sublime essence of His Love, and I do not know how to say anything.",https://s3.us-east-1.amazonaws.com/keerat.xyz/keertan/sdo/yt_mga/078 MGA SDO 1065 M 1 B SIDE.m4a,ਦੋਹਾਗਣੀ ਕਿਆ ਨੀਸਾਣੀਆ ॥
1724780269,SDO_MGA_1,Bhai Mohinder Singh Ji SDO,00:18:26,112,1505,"ਗਲੀ ਸਾਦੁ ਨ ਆਵਈ ਜਿਚਰੁ ਮੁਹੁ ਖਾਲੀ । galee saadh na aaviee jichar muh khaalee | So long as a tasty object enters not the mouth, mere talking about taste cannot bring any joy. ਮੁਹੁ ਭਰਿਐ ਕਿਉਂ ਬੋਲੀਐ ਰਸ ਜੀਭ ਰਸਾਲੀ । muh bhariaai kiau(n) boleeaai ras jeebh rasaalee | When holding the object the mouth is full of taste and tongue full of delight, how could one speak?",https://s3.us-east-1.amazonaws.com/keerat.xyz/keertan/sdo/yt_mga/078 MGA SDO 1065 M 1 B SIDE.m4a,ਮਨਮੁਖ ਮੈਲੁ ਨ ਉਤਰੈ ਜਿਚਰੁ ਗੁਰ ਸਬਦਿ ਨ ਕਰੇ ਪਿਆਰੁ ॥੧॥
1724780362,SDO_MGA_1,Bhai Mohinder Singh Ji SDO,00:21:45,43,454,ਅੰਮ੍ਰਿਤ ਨਾਮੁ ਸੁਆਮੀ ਤੇਰਾ ਜੋ ਪੀਵੈ. ਤਿਸ ਹੀ ਤ੍ਰਿਪਤਾਸ ॥,https://s3.us-east-1.amazonaws.com/keerat.xyz/keertan/sdo/yt_mga/078 MGA SDO 1065 M 1 B SIDE.m4a,ਹਰਿ ਹਰਿ ਨਾਮੁ ਮਿਲੈ ਤ੍ਰਿਪਤਾਸਹਿ ਮਿਲਿ ਸੰਗਤਿ ਗੁਣ ਪਰਗਾਸਿ ॥੨॥
1724780410,SDO_MGA_1,Bhai Mohinder Singh Ji SDO,00:26:08,1258,14547,naanaka. naam salaahiaai man tan seetal hoi ||1||,https://s3.us-east-1.amazonaws.com/keerat.xyz/keertan/sdo/yt_mga/078 MGA SDO 1065 M 1 B SIDE.m4a,ਨਾਨਕ ਨਾਮਿ ਸਲਾਹਿਐ ਮਨੁ ਤਨੁ ਸੀਤਲੁ ਹੋਇ ॥੧॥
1724780504,SDO_MGA_1,Bhai Mohinder Singh Ji SDO,00:27:33,355,5337,ਊਠਤ ਸੁਖੀਆ ਬੈਠਤ ਸੁਖੀਆ ॥,https://s3.us-east-1.amazonaws.com/keerat.xyz/keertan/sdo/yt_mga/078 MGA SDO 1065 M 1 B SIDE.m4a,ਕਉਣੁ ਸੁ ਸੁਖੀਆ ਕਉਣੁ ਸੁ ਦੁਖੀਆ ॥
1724780616,SDO_MGA_1,Bhai Mohinder Singh Ji SDO,00:28:36,53,580,"ਮਾਈ ਖਾਟਿ ਆਇਓ ਘਰਿ. ਪੂਤਾ ॥ maiee khaaT aaio ghari. pootaa || O mother, your son has returned home with a profit: ਹਰਿ ਧਨੁ ਚਲਤੇ. ਹਰਿ ਧਨੁ ਬੈਸੇ ਹਰਿ ਧਨੁ ਜਾਗਤ ਸੂਤਾ ॥੧॥ ਰਹਾਉ ॥ har dhan chalate. har dhan baise har dhan jaagat sootaa ||1|| rahaau || the wealth of the Lord while walking, the wealth of the Lord while sitting, and the wealth of the Lord while waking and sleeping. ||1||Pause||",https://s3.us-east-1.amazonaws.com/keerat.xyz/keertan/sdo/yt_mga/078 MGA SDO 1065 M 1 B SIDE.m4a,ਈਹਾ ਖਾਟਿ ਚਲਹੁ ਹਰਿ ਲਾਹਾ ਆਗੈ ਬਸਨੁ ਸੁਹੇਲਾ ॥੧॥
1724780645,SDO_MGA_1,Bhai Mohinder Singh Ji SDO,00:30:03,87,1089,"ਊਠਤ ਬੈਠਤ ਸੋਵਤ ਧਿਆਈਐ ॥ uooThat baiThat sovat dhiaaieeaai || While standing up, and sitting down, and even while asleep, meditate on the Lord. ਮਾਰਗਿ ਚਲਤ ਹਰੇ ਹਰਿ ਗਾਈਐ ॥੧॥",https://s3.us-east-1.amazonaws.com/keerat.xyz/keertan/sdo/yt_mga/078 MGA SDO 1065 M 1 B SIDE.m4a,ਨਾਉ ਧਿਆਈਐ ਨਾਉ ਮੰਗੀਐ ਨਾਮੇ ਸਹਜਿ ਸਮਾਇ ॥੧॥
1724780981,SDO_MGA_1,Bhai Mohinder Singh Ji SDO,00:00:00,,,Same Track as 036 MGA SDO 1036 smpk 34.m4a,https://s3.us-east-1.amazonaws.com/keerat.xyz/keertan/sdo/yt_mga/079 MGA SDO 1066 M 5 A SIDE.m4a,
1724781133,SDO_MGA_1,Bhai Mohinder Singh Ji SDO,00:00:00,2176,25013,sachaa saudhaa har naam hai sachaa vaapaaraa raam ||,https://s3.us-east-1.amazonaws.com/keerat.xyz/keertan/sdo/yt_mga/080 MGA SDO 1066 M 5 B SIDE.m4a,ਸਚਾ ਸਉਦਾ ਹਰਿ ਨਾਮੁ ਹੈ ਸਚਾ ਵਾਪਾਰਾ ਰਾਮ ॥
1724781310,SDO_MGA_1,Bhai Mohinder Singh Ji SDO,00:00:00,329,4652,"ਸਚਾ ਸਉਦਾ ਹਰਿ ਨਾਮੁ ਹੈ ਸਚਾ ਵਾਪਾਰਾ ਰਾਮ ॥ sachaa saudhaa har naam hai sachaa vaapaaraa raam || The True merchandise is the Lord's Name. This is the true trade. ਗੁਰਮਤੀ ਹਰਿ ਨਾਮੁ ਵਣਜੀਐ ਅਤਿ ਮੋਲੁ ਅਫਾਰਾ ਰਾਮ ॥ gurmatee har naam vanajeeaai at mol afaaraa raam || Under Guru's Instruction, we trade in the Lord's Name; its value is very great. ਅਤਿ ਮੋਲੁ ਅਫਾਰਾ. ਸਚ ਵਾਪਾਰਾ ਸਚਿ ਵਾਪਾਰਿ ਲਗੇ ਵਡਭਾਗੀ ॥ at mol afaaraa. sach vaapaaraa sach vaapaar lage vaddabhaagee || The value of this true trade is very great; those who are engaged in the true trade are very fortunate. ਅੰਤਰਿ ਬਾਹਰਿ ਭਗਤੀ ਰਾਤੇ ਸਚਿ ਨਾਮਿ ਲਿਵ ਲਾਗੀ ॥ a(n)tar baahar bhagatee raate sach naam liv laagee || Inwardly and outwardly, they are imbued with devotion, and they enshrine love for the True Name. ਨਦਰਿ ਕਰੇ ਸੋਈ ਸਚੁ ਪਾਏ ਗੁਰ ਕੈ ਸਬਦਿ ਵੀਚਾਰਾ ॥ nadhar kare soiee sach paae gur kai sabadh veechaaraa || One who is blessed with the Lord's Favor, obtains Truth, and reflects upon the Word of the Guru's Shabad. ਨਾਨਕ. ਨਾਮਿ ਰਤੇ. ਤਿਨ ਹੀ ਸੁਖੁ ਪਾਇਆ ਸਾਚੈ ਕੇ ਵਾਪਾਰਾ ॥੧॥",https://s3.us-east-1.amazonaws.com/keerat.xyz/keertan/sdo/yt_mga/081 MGA SDO 1066 M 5 line in track 03.m4a,ਕਾਇਆ ਅੰਦਰਿ ਵਣਜੁ ਕਰੇ ਵਾਪਾਰਾ ਨਾਮੁ ਨਿਧਾਨੁ ਸਚੁ ਪਾਵਣਿਆ ॥੬॥
1724781597,SDO_MGA_1,Bhai Mohinder Singh Ji SDO,00:00:00,45,475,"ਸਭਿ ਧਿਆਵਹੁ ਆਦਿ ਸਤੇ, ਜੁਗਾਦਿ ਸਤੇ ਪਰਤਖਿ ਸਤੇ, ਸਦਾ ਸਦਾ ਸਤੇ ਜਨੁ ਨਾਨਕੁ. ਦਾਸੁ ਦਸੋਨਾ ॥੫॥",https://s3.us-east-1.amazonaws.com/keerat.xyz/keertan/sdo/yt_mga/082 MGA SDO 1066 M 5 line in track 04.m4a,ਹਰਿ ਧਿਆਵਹੁ ਸੰਤਹੁ ਜੀ ਸਭਿ ਦੂਖ ਵਿਸਾਰਣਹਾਰਾ ॥
1724781671,SDO_MGA_1,Bhai Mohinder Singh Ji SDO,00:00:00,1395,16249,eiau kiau ka(n)t piaaree hovaa ||,https://s3.us-east-1.amazonaws.com/keerat.xyz/keertan/sdo/yt_mga/083 MGA SDO 1067 M 11 A SIDE.m4a,ਇਉ ਕਿਉ ਕੰਤ ਪਿਆਰੀ ਹੋਵਾ ॥
1724782180,SDO_MGA_1,Bhai Mohinder Singh Ji SDO,00:07:20,753,10736,"ਭਿੰਨੀ ਰੈਨੜੀਐ ਚਾਮਕਨਿ ਤਾਰੇ ॥ bhi(n)nee rainaReeaai chaamakan taare || The night is wet with dew, and the stars twinkle in the heavens. ਜਾਗਹਿ ਸੰਤ ਜਨਾ ਮੇਰੇ ਰਾਮ ਪਿਆਰੇ ॥ jaageh sa(n)t janaa mere raam piaare || The Saints remain wakeful; they are the Beloveds of my Lord. ਰਾਮ ਪਿਆਰੇ ਸਦਾ ਜਾਗਹਿ ਨਾਮੁ ਸਿਮਰਹਿ ਅਨਦਿਨੋ ॥ raam piaare sadhaa jaageh naam simareh anadhino || The Beloveds of the Lord remain ever wakeful, remembering the Naam, the Name of the Lord, day and night. ਚਰਣ ਕਮਲ ਧਿਆਨੁ ਹਿਰਦੈ ਪ੍ਰਭ ਬਿਸਰੁ ਨਾਹੀ. ਇਕੁ ਖਿਨੋ ॥ charan kamal dhiaan hiradhai prabh bisar naahee. ik khino || In their hearts, they meditate on the lotus feet of God; they do not forget Him, even for an instant. ਤਜਿ ਮਾਨੁ ਮੋਹੁ ਬਿਕਾਰੁ ਮਨ ਕਾ ਕਲਮਲਾ ਦੁਖ ਜਾਰੇ ॥ taj maan moh bikaar man kaa kalamalaa dhukh jaare || They renounce their pride, emotional attachment and mental corruption, and burn away the pain of wickedness. ਬਿਨਵੰਤਿ ਨਾਨਕ. ਸਦਾ ਜਾਗਹਿ ਹਰਿ ਦਾਸ ਸੰਤ ਪਿਆਰੇ ॥੧॥ binava(n)t naanaka. sadhaa jaageh har dhaas sa(n)t piaare ||1|| Prays Nanak, the Saints, the beloved servants of the Lord, remain ever wakeful. ||1||",https://s3.us-east-1.amazonaws.com/keerat.xyz/keertan/sdo/yt_mga/083 MGA SDO 1067 M 11 A SIDE.m4a,ਬਿਨਵੰਤਿ ਨਾਨਕ ਦਇਆ ਧਾਰਹੁ ਘਰਿ ਆਵਹੁ ਨਾਹ ਪਿਆਰੇ ॥੨॥
1724782344,SDO_MGA_1,Bhai Mohinder Singh Ji SDO,00:10:25,5428,59386,ਭਿੰਨੀ ਭਿੰਨੀ ਵਾਹਿਗੁਰੂ sick simran,https://s3.us-east-1.amazonaws.com/keerat.xyz/keertan/sdo/yt_mga/083 MGA SDO 1067 M 11 A SIDE.m4a,ਵਾਹਿਗੁਰੂ ਵਾਹਿਗੁਰੂ ਵਾਹਿਗੁਰੂ ਵਾਹਿ ਜੀਉ ॥
1724782466,SDO_MGA_1,Bhai Mohinder Singh Ji SDO,00:00:00,753,10736,"ਭਿੰਨੀ ਰੈਨੜੀਐ ਚਾਮਕਨਿ ਤਾਰੇ ॥ bhi(n)nee rainaReeaai chaamakan taare || The night is wet with dew, and the stars twinkle in the heavens. ਜਾਗਹਿ ਸੰਤ ਜਨਾ ਮੇਰੇ ਰਾਮ ਪਿਆਰੇ ॥ jaageh sa(n)t janaa mere raam piaare || The Saints remain wakeful; they are the Beloveds of my Lord. ਰਾਮ ਪਿਆਰੇ ਸਦਾ ਜਾਗਹਿ ਨਾਮੁ ਸਿਮਰਹਿ ਅਨਦਿਨੋ ॥ raam piaare sadhaa jaageh naam simareh anadhino || The Beloveds of the Lord remain ever wakeful, remembering the Naam, the Name of the Lord, day and night. ਚਰਣ ਕਮਲ ਧਿਆਨੁ ਹਿਰਦੈ ਪ੍ਰਭ ਬਿਸਰੁ ਨਾਹੀ. ਇਕੁ ਖਿਨੋ ॥ charan kamal dhiaan hiradhai prabh bisar naahee. ik khino || In their hearts, they meditate on the lotus feet of God; they do not forget Him, even for an instant. ਤਜਿ ਮਾਨੁ ਮੋਹੁ ਬਿਕਾਰੁ ਮਨ ਕਾ ਕਲਮਲਾ ਦੁਖ ਜਾਰੇ ॥ taj maan moh bikaar man kaa kalamalaa dhukh jaare || They renounce their pride, emotional attachment and mental corruption, and burn away the pain of wickedness. ਬਿਨਵੰਤਿ ਨਾਨਕ. ਸਦਾ ਜਾਗਹਿ ਹਰਿ ਦਾਸ ਸੰਤ ਪਿਆਰੇ ॥੧॥ binava(n)t naanaka. sadhaa jaageh har dhaas sa(n)t piaare ||1|| Prays Nanak, the Saints, the beloved servants of the Lord, remain ever wakeful. ||1||",https://s3.us-east-1.amazonaws.com/keerat.xyz/keertan/sdo/yt_mga/084 MGA SDO 1067 M 11 REMAIN A SIDE.m4a,ਬਿਨਵੰਤਿ ਨਾਨਕ ਦਇਆ ਧਾਰਹੁ ਘਰਿ ਆਵਹੁ ਨਾਹ ਪਿਆਰੇ ॥੨॥
1724782681,SDO_MGA_1,Bhai Mohinder Singh Ji SDO,00:02:54,638,8785,"ਲਾਇ ਬਿਰਹੁ ਭਗਵੰਤ ਸੰਗੇ ਹੋਇ ਮਿਲੁ ਬੈਰਾਗਨਿ ਰਾਮ ॥ lai birahu bhagava(n)t sa(n)ge hoi mil bairaagan raam || Embrace love for the Lord God, and in detachment, unite with Him. ਚੰਦਨ ਚੀਰ ਸੁਗੰਧ ਰਸਾ ਹਉਮੈ ਬਿਖੁ ਤਿਆਗਨਿ ਰਾਮ ॥ cha(n)dhan cheer suga(n)dh rasaa haumai bikh tiaagan raam || Give up your sandalwood oil, expensive clothes, perfumes, tasty flavors and the poison of egotism. ਈਤ ਊਤ. ਨਹ ਡੋਲੀਐ ਹਰਿ ਸੇਵਾ ਜਾਗਨਿ ਰਾਮ ॥ e'eet uoota. neh ddoleeaai har sevaa jaagan raam || Do not waver this way or that, but remain wakeful in the service of the Lord. ਨਾਨਕ ਜਿਨਿ ਪ੍ਰਭੁ ਪਾਇਆ ਆਪਣਾ ਸਾ ਅਟਲ ਸੁਹਾਗਨਿ ਰਾਮ ॥੪॥੧॥੪॥ naanak jin prabh paiaa aapanaa saa aTal suhaagan raam ||4||1||4|| O Nanak, she who has obtained her God, is a happy soul-bride forever. ||4||1||4||",https://s3.us-east-1.amazonaws.com/keerat.xyz/keertan/sdo/yt_mga/084 MGA SDO 1067 M 11 REMAIN A SIDE.m4a,ਖੋਜਤ ਖੋਜਤ ਭਈ ਬੈਰਾਗਨਿ ਪ੍ਰਭ ਦਰਸਨ ਕਉ ਹਉ ਫਿਰਤ ਤਿਸਾਈ ॥੩॥
1724782954,SDO_MGA_1,Bhai Mohinder Singh Ji SDO,00:08:40,1680,20632,ਭਿੰਨੀ ਰੈਨੜੀਐ ਚਾਮਕਨਿ ਤਾਰੇ ॥,https://s3.us-east-1.amazonaws.com/keerat.xyz/keertan/sdo/yt_mga/084 MGA SDO 1067 M 11 REMAIN A SIDE.m4a,ਭਿੰਨੀ ਰੈਨੜੀਐ ਚਾਮਕਨਿ ਤਾਰੇ ॥
1725400177,SDO_MGA_1,Bhai Mohinder Singh Ji SDO,00:11:05,43,452,ਮੇਰਾ ਇਕੁ ਖਿਨੁ ਮਨੂਆ ਰਹਿ. ਨ ਸਕੈ ਨਿਤ ਹਰਿ ਹਰਿ ਨਾਮ ਰਸਿ ਗੀਧੇ ॥,https://s3.us-east-1.amazonaws.com/keerat.xyz/keertan/sdo/yt_mga/084 MGA SDO 1067 M 11 REMAIN A SIDE.m4a,ਗੁਰਮਤਿ ਨਾਮੁ ਮੇਰਾ ਪ੍ਰਾਨ ਸਖਾਈ ਹਰਿ ਕੀਰਤਿ ਹਮਰੀ ਰਹਰਾਸਿ ॥੧॥ ਰਹਾਉ ॥
1725400288,SDO_MGA_1,Bhai Mohinder Singh Ji SDO,00:12:45,4193,50585,gobi(n)dh jeeau mere man tan naam har beedhe ||,https://s3.us-east-1.amazonaws.com/keerat.xyz/keertan/sdo/yt_mga/084 MGA SDO 1067 M 11 REMAIN A SIDE.m4a,ਗੋਬਿੰਦ ਜੀਉ ਮੇਰੇ ਮਨ ਤਨ ਨਾਮ ਹਰਿ ਬੀਧੇ ॥
1725406379,SDO_MGA_1,Bhai Mohinder Singh Ji SDO,00:22:07,,,fareedhaa. tan sukaa pi(n)jar theeaa taleeaa(n) khoo(n)ddeh kaag ||,https://s3.us-east-1.amazonaws.com/keerat.xyz/keertan/sdo/yt_mga/084 MGA SDO 1067 M 11 REMAIN A SIDE.m4a,
1725406583,SDO_MGA_1,Bhai Mohinder Singh Ji SDO,00:23:14,5428,59386,Long simran ਵਾਹਿਗੁਰੂ ,https://s3.us-east-1.amazonaws.com/keerat.xyz/keertan/sdo/yt_mga/084 MGA SDO 1067 M 11 REMAIN A SIDE.m4a,ਵਾਹਿਗੁਰੂ ਵਾਹਿਗੁਰੂ ਵਾਹਿਗੁਰੂ ਵਾਹਿ ਜੀਉ ॥
1725406655,SDO_MGA_1,Bhai Mohinder Singh Ji SDO,00:27:40,3302,37664,aaiso re har ras meeThaa ||,https://s3.us-east-1.amazonaws.com/keerat.xyz/keertan/sdo/yt_mga/084 MGA SDO 1067 M 11 REMAIN A SIDE.m4a,ਐਸੋ ਰੇ ਹਰਿ ਰਸੁ ਮੀਠਾ ॥
1725406743,SDO_MGA_1,Bhai Mohinder Singh Ji SDO,00:00:00,3046,34451,jaa dhin bheTe saadh moh uaa dhin balihaaree ||,https://s3.us-east-1.amazonaws.com/keerat.xyz/keertan/sdo/yt_mga/085 MGA SDO 1068 M 14 ART B side.m4a,ਜਾ ਦਿਨ ਭੇਟੇ ਸਾਧ ਮੋਹਿ ਉਆ ਦਿਨ ਬਲਿਹਾਰੀ ॥
1725406782,SDO_MGA_1,Bhai Mohinder Singh Ji SDO,00:00:44,,,jaRee booTee je jeeveeaai kiau marai dhana(n)tar |,https://s3.us-east-1.amazonaws.com/keerat.xyz/keertan/sdo/yt_mga/085 MGA SDO 1068 M 14 ART B side.m4a,
1725406870,SDO_MGA_1,Bhai Mohinder Singh Ji SDO,00:02:16,38,375,"ਗੁਰਿ ਅੰਮ੍ਰਿਤੁ ਹਰਿ. ਮੁਖਿ ਚੋਇਆ, ਮੇਰੀ ਜਿੰਦੁੜੀਏ ਫਿਰਿ ਮਰਦਾ. ਬਹੁੜਿ ਜੀਵਾਇਆ ਰਾਮ ॥",https://s3.us-east-1.amazonaws.com/keerat.xyz/keertan/sdo/yt_mga/085 MGA SDO 1068 M 14 ART B side.m4a,ਭਾਂਡਾ ਭਾਉ ਅੰਮ੍ਰਿਤੁ ਤਿਤੁ ਢਾਲਿ ॥
1725406930,SDO_MGA_1,Bhai Mohinder Singh Ji SDO,00:03:31,40,387,"ਸਤਿਗੁਰ ਬਾਝਹੁ. ਗੁਰੁ ਨਹੀ, ਕੋਈ ਨਿਗੁਰੇ ਕਾ. ਹੈ ਨਾਉ ਬੁਰਾ ॥੧੩॥",https://s3.us-east-1.amazonaws.com/keerat.xyz/keertan/sdo/yt_mga/085 MGA SDO 1068 M 14 ART B side.m4a,ੴ ਸਤਿਗੁਰ ਪ੍ਰਸਾਦਿ ॥
1725407989,SDO_MGA_1,Bhai Mohinder Singh Ji SDO,00:04:07,,,kitaRe a(n)nhe aakheean ketaRiaa(n) hee dhisan kaane |,https://s3.us-east-1.amazonaws.com/keerat.xyz/keertan/sdo/yt_mga/085 MGA SDO 1068 M 14 ART B side.m4a,
1725477654,ikirtan_HPS,Bhai Harpreet Singh Ji Toronto,00:15:27,2776,31072,gur rasanaa a(n)mrit boladhee har naam suhaavee ||,https://www.ikirtan.com/Bhai_Harpreet_Singh_Jee/California_Aug_2004/California_August_2004_Friday_Evening_Bhai_Harpreet_Singh.mp3,ਗੁਰ ਰਸਨਾ ਅੰਮ੍ਰਿਤੁ ਬੋਲਦੀ ਹਰਿ ਨਾਮਿ ਸੁਹਾਵੀ ॥
1725478735,ikirtan_HPS,Bhai Harpreet Singh Ji Toronto,00:33:28,335,4797,a(n)mirat baanee sadhaa salaahe a(n)mirat a(n)mrit paavaniaa ||1||,https://www.ikirtan.com/Bhai_Harpreet_Singh_Jee/California_Aug_2004/California_August_2004_Friday_Evening_Bhai_Harpreet_Singh.mp3,ਅੰਮ੍ਰਿਤ ਬਾਣੀ ਸਦਾ ਸਲਾਹੇ ਅੰਮ੍ਰਿਤਿ ਅੰਮ੍ਰਿਤੁ ਪਾਵਣਿਆ ॥੧॥
1725560016,ikirtan_HPS,Bhai Harpreet Singh Ji Toronto,00:00:00,1575,18529,satigur bachan tum(h)aare ||,https://www.ikirtan.com/Bhai_Harpreet_Singh_Jee/California_Aug_2004/California_August_2004_Saturday_Morning_Bhai_Harpreet_Singh.mp3,ਸਤਿਗੁਰ ਬਚਨ ਤੁਮੑਾਰੇ ॥
1725560325,ikirtan_HPS,Bhai Harpreet Singh Ji Toronto,00:06:19,2636,29882,bachanee tora. mor man maanai jan kau pooran dheejai ||1||,https://www.ikirtan.com/Bhai_Harpreet_Singh_Jee/California_Aug_2004/California_August_2004_Saturday_Morning_Bhai_Harpreet_Singh.mp3,ਬਚਨੀ ਤੋਰ ਮੋਰ ਮਨੁ ਮਾਨੈ ਜਨ ਕਉ ਪੂਰਨੁ ਦੀਜੈ ॥੧॥
1725561081,ikirtan_HPS,Bhai Harpreet Singh Ji Toronto,00:19:01,738,10417,gur kai bachan dhiaaio moh naau ||,https://www.ikirtan.com/Bhai_Harpreet_Singh_Jee/California_Aug_2004/California_August_2004_Saturday_Morning_Bhai_Harpreet_Singh.mp3,ਗੁਰ ਕੈ ਬਚਨਿ ਧਿਆਇਓ ਮੋਹਿ ਨਾਉ ॥
1725581306,ikirtan_HPS,Bhai Harpreet Singh Ji Toronto,00:38:49,1659,20306,"ਆਸਾ ਮਹਲਾ ੪ ॥ aasaa mahalaa chauthhaa || Aasaa, Fourth Mehl: ਜਿਨ ਮਸਤਕਿ ਧੁਰਿ ਹਰਿ ਲਿਖਿਆ ਤਿਨਾ ਸਤਿਗੁਰੁ ਮਿਲਿਆ, ਰਾਮ ਰਾਜੇ ॥ jin masatak dhur har likhiaa tinaa satigur miliaa, raam raaje || Those who have the blessed pre-ordained destiny of the Lord written on their foreheads, meet the True Guru, the Lord King. ਅਗਿਆਨੁ ਅੰਧੇਰਾ ਕਟਿਆ ਗੁਰ ਗਿਆਨੁ ਘਟਿ ਬਲਿਆ ॥ agiaan a(n)dheraa kaTiaa gur giaan ghaT baliaa || The Guru removes the darkness of ignorance, and spiritual wisdom illuminates their hearts. ਹਰਿ ਲਧਾ ਰਤਨੁ ਪਦਾਰਥੋ ਫਿਰਿ. ਬਹੁੜਿ ਨ ਚਲਿਆ ॥ har ladhaa ratan padhaaratho firi. bahuR na chaliaa || They find the wealth of the jewel of the Lord, and then, they do not wander any longer. ਜਨ ਨਾਨਕ. ਨਾਮੁ ਆਰਾਧਿਆ ਆਰਾਧਿ ਹਰਿ ਮਿਲਿਆ ॥੧॥ jan naanaka. naam aaraadhiaa aaraadh har miliaa ||1|| Servant Nanak meditates on the Naam, the Name of the Lord, and in meditation, he meets the Lord. ||1||",https://www.ikirtan.com/Bhai_Harpreet_Singh_Jee/California_Aug_2004/California_August_2004_Saturday_Morning_Bhai_Harpreet_Singh.mp3,ਜਿਨ ਮਸਤਕਿ ਧੁਰਿ ਹਰਿ ਲਿਖਿਆ ਤਿਨਾ ਸਤਿਗੁਰੁ ਮਿਲਿਆ ਰਾਮ ਰਾਜੇ ॥
1725582961,ikirtan_HPS,Bhai Harpreet Singh Ji Toronto,00:00:02,506,7072,tum dhiaal sarab dhukh bha(n)jan ik binau sunahu dhe kaane ||,https://www.ikirtan.com/Bhai_Harpreet_Singh_Jee/LA_Smagam_Nov_2000/LA_Samagam November_2000 Friday_Evening Bhai_Harpreet_Singh.mp3,ਤੁਮ ਦਇਆਲ ਸਰਬ ਦੁਖ ਭੰਜਨ ਇਕ ਬਿਨਉ ਸੁਨਹੁ ਦੇ ਕਾਨੇ ॥
1725603418,ikirtan_HPS,Bhai Harpreet Singh Ji Toronto,00:21:18,502,7030,meraa satigur piaaraa kit bidh milai ||,https://www.ikirtan.com/Bhai_Harpreet_Singh_Jee/LA_Smagam_Nov_2000/LA_Samagam November_2000 Friday_Evening Bhai_Harpreet_Singh.mp3,ਮੇਰਾ ਸਤਿਗੁਰੁ ਪਿਆਰਾ ਕਿਤੁ ਬਿਧਿ ਮਿਲੈ ॥
1725604542,ikirtan_HPS,Bhai Harpreet Singh Ji Toronto,00:00:52,4739,55716,jagat udhaaran naam pria terai ||,https://www.ikirtan.com/Bhai_Harpreet_Singh_Jee/LA_Smagam_Nov_2000/LA_Samagam November_2000 Rainsbaee Bhai_Harpreet_Singh.mp3,ਜਗਤ ਉਧਾਰਨ ਨਾਮ ਪ੍ਰਿਅ ਤੇਰੈ ॥
1725605648,ikirtan_HPS,Bhai Harpreet Singh Ji Toronto,00:18:18,2649,30027,har har mahaa purakh gur melahu gur naanaka. naam sukh hoiee raam ||4||1||7||,https://www.ikirtan.com/Bhai_Harpreet_Singh_Jee/LA_Smagam_Nov_2000/LA_Samagam November_2000 Rainsbaee Bhai_Harpreet_Singh.mp3,ਹਰਿ ਹਰਿ ਮਹਾ ਪੁਰਖੁ ਗੁਰੁ ਮੇਲਹੁ ਗੁਰ ਨਾਨਕ ਨਾਮਿ ਸੁਖੁ ਹੋਈ ਰਾਮ ॥੪॥੧॥੭॥
1725726380,ikirtan_HPS,Bhai Harpreet Singh Ji Toronto,00:32:39,4232,51246,teriaa sa(n)taa jaachau charan ren ||,https://www.ikirtan.com/Bhai_Harpreet_Singh_Jee/LA_Smagam_Nov_2000/LA_Samagam November_2000 Rainsbaee Bhai_Harpreet_Singh.mp3,ਤੇਰਿਆ ਸੰਤਾ ਜਾਚਉ ਚਰਨ ਰੇਨ ॥
1725727970,ikirtan_HPS,Bhai Harpreet Singh Ji Toronto,00:00:03,5451,59494,eik utam pa(n)th sunio gur sa(n)gat teh mila(n)t jam traas miTaiee ||,https://www.ikirtan.com/Bhai_Harpreet_Singh_Jee/LA_Smagam_Nov_2000/LA_Samagam November_2000 Friday_Morning Bhai_Harpreet_Singh.mp3,ਇਕੁ ਉਤਮ ਪੰਥੁ ਸੁਨਿਓ ਗੁਰ ਸੰਗਤਿ ਤਿਹ ਮਿਲੰਤ ਜਮ ਤ੍ਰਾਸ ਮਿਟਾਈ ॥
1725728024,ikirtan_HPS,Bhai Harpreet Singh Ji Toronto,00:00:46,1656,20255,"ੴ ਸਤਿਗੁਰ ਪ੍ਰਸਾਦਿ ॥ ikOankaar satigur prasaadh || One Universal Creator God. By The Grace Of The True Guru: ਆਸਾ ਮਹਲਾ ੪ ਛੰਤ ਘਰੁ ੪ ॥ aasaa mahalaa chauthhaa chha(n)t ghar chauthhaa || Aasaa, Fourth Mehl, Chhant, Fourth House: ਹਰਿ ਅੰਮ੍ਰਿਤ ਭਿੰਨੇ ਲੋਇਣਾ ਮਨੁ ਪ੍ਰੇਮਿ ਰਤੰਨਾ ਰਾਮ ਰਾਜੇ ॥ har a(n)mirat bhi(n)ne loinaa man prem rata(n)naa raam raaje || My eyes are wet with the Nectar of the Lord, and my mind is imbued with His Love, O Lord King. ਮਨੁ. ਰਾਮਿ ਕਸਵਟੀ ਲਾਇਆ ਕੰਚਨੁ ਸੋਵਿੰਨਾ ॥ manu. raam kasavaTee laiaa ka(n)chan sovi(n)naa || The Lord applied His touch-stone to my mind, and found it one hundred per cent gold. ਗੁਰਮੁਖਿ ਰੰਗਿ ਚਲੂਲਿਆ ਮੇਰਾ ਮਨੁ ਤਨੋ ਭਿੰਨਾ ॥ gurmukh ra(n)g chalooliaa meraa man tano bhi(n)naa || As Gurmukh, I am dyed in the deep red of the poppy, and my mind and body are drenched with His Love. ਜਨੁ ਨਾਨਕੁ. ਮੁਸਕਿ ਝਕੋਲਿਆ ਸਭੁ ਜਨਮੁ ਧਨੁ ਧੰਨਾ ॥੧॥ jan naanaku. musak jhakoliaa sabh janam dhan dha(n)naa ||1|| Servant Nanak is drenched with His Fragrance; blessed, blessed is his entire life. ||1||",https://www.ikirtan.com/Bhai_Harpreet_Singh_Jee/LA_Smagam_Nov_2000/LA_Samagam November_2000 Friday_Morning Bhai_Harpreet_Singh.mp3,ਹਰਿ ਅੰਮ੍ਰਿਤ ਭਿੰਨੇ ਲੋਇਣਾ ਮਨੁ ਪ੍ਰੇਮਿ ਰਤੰਨਾ ਰਾਮ ਰਾਜੇ ॥
1725751681,ikirtan_HPS,Bhai Harpreet Singh Ji Toronto,00:06:54,5270,58674,"gunahee bhariaa, mai firaa lok kahai dharaves ||61||",https://www.ikirtan.com/Bhai_Harpreet_Singh_Jee/LA_Smagam_Nov_2000/LA_Samagam November_2000 Friday_Morning Bhai_Harpreet_Singh.mp3,ਗੁਨਹੀ ਭਰਿਆ ਮੈ ਫਿਰਾ ਲੋਕੁ ਕਹੈ ਦਰਵੇਸੁ ॥੬੧॥
1725751827,ikirtan_HPS,Bhai Harpreet Singh Ji Toronto,00:11:53,1812,21871,maadhau. satasa(n)gat saran tum(h)aaree ||,https://www.ikirtan.com/Bhai_Harpreet_Singh_Jee/LA_Smagam_Nov_2000/LA_Samagam November_2000 Friday_Morning Bhai_Harpreet_Singh.mp3,ਮਾਧਉ ਸਤਸੰਗਤਿ ਸਰਨਿ ਤੁਮੑਾਰੀ ॥
1725898636,SDO_MGA_1,Bhai Mohinder Singh Ji SDO,00:06:23,,,Sdo katha. Without lips,https://s3.us-east-1.amazonaws.com/keerat.xyz/keertan/sdo/yt_mga/085 MGA SDO 1068 M 14 ART B side.m4a,
1725898674,SDO_MGA_1,Bhai Mohinder Singh Ji SDO,00:08:30,52,575,ਪਰਮੇਸਰ ਤੇ ਭੁਲਿਆਂ ਵਿਆਪਨਿ ਸਭੇ ਰੋਗ ॥,https://s3.us-east-1.amazonaws.com/keerat.xyz/keertan/sdo/yt_mga/085 MGA SDO 1068 M 14 ART B side.m4a,ਅਬਿਨਾਸੀ ਪੁਰਖੁ ਪਾਇਆ ਪਰਮੇਸਰੁ ਬਹੁ ਸੋਭ ਖੰਡ ਬ੍ਰਹਮੰਡਾ ਹੇ ॥੩॥
1726482939,SDO_MGA_1,Bhai Mohinder Singh Ji SDO,00:09:14,,,ketaRiaa(n) gilhaR galee a(n)g rasaulee ven vihaane |,https://s3.us-east-1.amazonaws.com/keerat.xyz/keertan/sdo/yt_mga/085 MGA SDO 1068 M 14 ART B side.m4a,
1726483094,SDO_MGA_1,Bhai Mohinder Singh Ji SDO,00:11:33,41,415,ਸਬਦੁ ਗੁਰ ਪੀਰਾ. ਗਹਿਰ ਗੰਭੀਰਾ ਬਿਨੁ ਸਬਦੈ. ਜਗੁ ਬਉਰਾਨੰ ॥,https://s3.us-east-1.amazonaws.com/keerat.xyz/keertan/sdo/yt_mga/085 MGA SDO 1068 M 14 ART B side.m4a,ਵਡੇ ਮੇਰੇ ਸਾਹਿਬਾ ਗਹਿਰ ਗੰਭੀਰਾ ਗੁਣੀ ਗਹੀਰਾ ॥
1726483154,SDO_MGA_1,Bhai Mohinder Singh Ji SDO,00:11:49,4922,57709,niradhana. bhaya(n) dhanava(n)teh rogeea(n). rog kha(n)ddaneh ||,https://s3.us-east-1.amazonaws.com/keerat.xyz/keertan/sdo/yt_mga/085 MGA SDO 1068 M 14 ART B side.m4a,ਨਿਰਧਨ ਭਯੰ ਧਨਵੰਤਹ ਰੋਗੀਅੰ ਰੋਗ ਖੰਡਨਹ ॥
1726483340,SDO_MGA_1,Bhai Mohinder Singh Ji SDO,00:13:41,,,gha(n)T ghaRaiaa choohiaa(n) gal bilee paieeaai |,https://s3.us-east-1.amazonaws.com/keerat.xyz/keertan/sdo/yt_mga/085 MGA SDO 1068 M 14 ART B side.m4a,
1726483412,SDO_MGA_1,Bhai Mohinder Singh Ji SDO,00:16:45,7439,76040,"ਬੰਗ ਕੇ ਬੰਗਾਲੀ, ਫਿਰਹੰਗ ਕੇ ਫਿਰੰਗਾ ਵਾਲੀ ਦਿਲੀ ਕੇ ਦਿਲਵਾਲੀ, ਤੇਰੀ ਆਗਿਆ ਮੈ ਚਲਤ ਹੈਂ ॥",https://s3.us-east-1.amazonaws.com/keerat.xyz/keertan/sdo/yt_mga/085 MGA SDO 1068 M 14 ART B side.m4a,ਬੰਗ ਕੇ ਬੰਗਾਲੀ ਫਿਰਹੰਗ ਕੇ ਫਿਰੰਗਾਵਾਲੀ ਦਿਲੀ ਕੇ ਦਿਲਵਾਲੀ ਤੇਰੀ ਆਗਿਆ ਮੈ ਚਲਤ ਹੈਂ ॥
1726483490,SDO_MGA_1,Bhai Mohinder Singh Ji SDO,00:00:00,4922,57709,niradhana. bhaya(n) dhanava(n)teh rogeea(n). rog kha(n)ddaneh ||,https://s3.us-east-1.amazonaws.com/keerat.xyz/keertan/sdo/yt_mga/086 MGA SDO 1068 M 14 ART line in track 02.m4a,ਨਿਰਧਨ ਭਯੰ ਧਨਵੰਤਹ ਰੋਗੀਅੰ ਰੋਗ ਖੰਡਨਹ ॥
1726547592,SDO_MGA_1,Bhai Mohinder Singh Ji SDO,00:00:00,,,Same as 019 MGA SDO 1019 smpk 17 Rogi Ander Rog Khandene.m4a,https://s3.us-east-1.amazonaws.com/keerat.xyz/keertan/sdo/yt_mga/086 MGA SDO 1068 M 14 ART line in track 02.m4a,
1726547690,SDO_MGA_1,Bhai Mohinder Singh Ji SDO,00:00:00,,,same as 016 MGA SDO 1016 smpk 14 Bhagat Sohe Gun Gavande.m4a,https://s3.us-east-1.amazonaws.com/keerat.xyz/keertan/sdo/yt_mga/087 MGA SDO 1069 M 22 ART A SIDE.m4a,
1726547745,SDO_MGA_1,Bhai Mohinder Singh Ji SDO,00:00:15,48,529,ਜਨਮੁ ਬ੍ਰਿਥਾ ਜਾਤ ਰੰਗਿ ਮਾਇਆ ਕੈ ॥੧॥ ਰਹਾਉ ॥,https://s3.us-east-1.amazonaws.com/keerat.xyz/keertan/sdo/yt_mga/088 MGA SDO 1070 M 24 A SIDE GURU LINE IN TRACK 01 MP3.m4a,ਜਨਮੁ ਬ੍ਰਿਥਾ ਜਾਤ ਰੰਗਿ ਮਾਇਆ ਕੈ ॥੧॥ ਰਹਾਉ ॥
1726597161,aisakirtan_SDO,Bhai Mohinder Singh Ji SDO,00:00:34,66,775,ਅਹਿਨਿਸਿ ਭਗਤਿ ਕਰੇ ਦਿਨੁ ਰਾਤੀ ਲਾਜ ਛੋਡਿ. ਹਰਿ ਕੇ ਗੁਣ ਗਾਵੈ ॥੧॥ ਰਹਾਉ ॥,https://s3.us-east-1.amazonaws.com/keerat.xyz/keertan/sdo/aisa_keertan/Aae Sant Paraahonai.mp3,ਕਲਰ ਕੇਰੀ ਕੰਧ ਜਿਉ ਅਹਿਨਿਸਿ ਕਿਰਿ ਢਹਿ ਪਾਇ ॥
1726597205,aisakirtan_SDO,Bhai Mohinder Singh Ji SDO,00:01:00,3150,35580,ਕੋਈ ਆਖੈ ਭੂਤਨਾ ਕੋ ਕਹੈ ਬੇਤਾਲਾ ॥,https://s3.us-east-1.amazonaws.com/keerat.xyz/keertan/sdo/aisa_keertan/Aae Sant Paraahonai.mp3,ਪੰਚਮੀ ਪੰਚ ਭੂਤ ਬੇਤਾਲਾ ॥
1726597236,aisakirtan_SDO,Bhai Mohinder Singh Ji SDO,00:01:40,2382,27280,"bhookhe khaavata, laaja. na aavai ||",https://s3.us-east-1.amazonaws.com/keerat.xyz/keertan/sdo/aisa_keertan/Aae Sant Paraahonai.mp3,ਭੂਖੇ ਖਾਵਤ ਲਾਜ ਨ ਆਵੈ ॥
1726597316,aisakirtan_SDO,Bhai Mohinder Singh Ji SDO,00:04:33,48,527,"ਅਵਰਿ ਕਾਜ ਤੇਰੈ ਕਿਤੈ ਨ ਕਾਮ ॥ avar kaaj terai kitai na kaam || Other efforts are of no use to you. ਮਿਲੁ ਸਾਧਸੰਗਤਿ ਭਜੁ ਕੇਵਲ ਨਾਮ ॥੧॥ mil saadhasa(n)gat bhaj keval naam ||1|| Joining the Saadh Sangat, the Company of the Holy, vibrate and meditate on the Naam, the Name of the Lord. ||1||",https://s3.us-east-1.amazonaws.com/keerat.xyz/keertan/sdo/aisa_keertan/Aae Sant Paraahonai.mp3,ਮਿਲੁ ਸਾਧਸੰਗਤਿ ਭਜੁ ਕੇਵਲ ਨਾਮ ॥੧॥
1726597341,aisakirtan_SDO,Bhai Mohinder Singh Ji SDO,00:05:15,5288,58712,fareedhaa. raat kathooree va(n)ddeeaai sutiaa milai. na bhaau ||,https://s3.us-east-1.amazonaws.com/keerat.xyz/keertan/sdo/aisa_keertan/Aae Sant Paraahonai.mp3,ਫਰੀਦਾ ਰਾਤਿ ਕਥੂਰੀ ਵੰਡੀਐ ਸੁਤਿਆ ਮਿਲੈ ਨ ਭਾਉ ॥
1726597407,aisakirtan_SDO,Bhai Mohinder Singh Ji SDO,00:06:10,524,7330,ਅਪਨੇ ਪ੍ਰਭ ਸਿਉ ਹੋਹੁ ਸਾਵਧਾਨੁ ॥,https://s3.us-east-1.amazonaws.com/keerat.xyz/keertan/sdo/aisa_keertan/Aae Sant Paraahonai.mp3,ਅਪਨੇ ਪ੍ਰਭ ਸਿਉ ਹੋਹੁ ਸਾਵਧਾਨੁ ॥
1726597540,SDO_MGA_1,Bhai Mohinder Singh Ji SDO,00:00:29,2056,23728,ਛਡਾਇ ਲੀਓ. ਮਹਾ ਬਲੀ ਤੇ ਅਪਨੇ ਚਰਨ ਪਰਾਤਿ ॥,https://s3.us-east-1.amazonaws.com/keerat.xyz/keertan/sdo/yt_mga/088 MGA SDO 1070 M 24 A SIDE GURU LINE IN TRACK 01 MP3.m4a,ਗੁਨ ਬੇਅੰਤ ਬੇਅੰਤ ਭਨੁ ਨਾਨਕ ਕਹਨੁ ਨ ਜਾਈ ਪਰੈ ਪਰਾਤਿ ॥੨॥੨॥੩੫॥
1726597609,SDO_MGA_1,Bhai Mohinder Singh Ji SDO,00:00:55,5428,59386,ਵਾਹਿਗੁਰੂ ਵਾਹਿਗੁਰੂ. ਹਰਿ ਹਰਿ ਚਰਨ ਰਿਦੈ ਉਰ ਧਾਰੇ ॥,https://s3.us-east-1.amazonaws.com/keerat.xyz/keertan/sdo/yt_mga/088 MGA SDO 1070 M 24 A SIDE GURU LINE IN TRACK 01 MP3.m4a,ਵਾਹਿਗੁਰੂ ਵਾਹਿਗੁਰੂ ਵਾਹਿਗੁਰੂ ਵਾਹਿ ਜੀਉ ॥
1726597763,SDO_MGA_1,Bhai Mohinder Singh Ji SDO,00:01:27,2596,29379,chhaddai leeo. mahaa balee te apane charan paraat ||,https://s3.us-east-1.amazonaws.com/keerat.xyz/keertan/sdo/yt_mga/088 MGA SDO 1070 M 24 A SIDE GURU LINE IN TRACK 01 MP3.m4a,ਛਡਾਇ ਲੀਓ ਮਹਾ ਬਲੀ ਤੇ ਅਪਨੇ ਚਰਨ ਪਰਾਤਿ ॥
1726602466,SDO_MGA_1,Bhai Mohinder Singh Ji SDO,00:02:47,,,naam rahio. saadhoo rahio rahio gur gobi(n)dh ||,https://s3.us-east-1.amazonaws.com/keerat.xyz/keertan/sdo/yt_mga/088 MGA SDO 1070 M 24 A SIDE GURU LINE IN TRACK 01 MP3.m4a,
1726602575,SDO_MGA_1,Bhai Mohinder Singh Ji SDO,00:03:56,5428,59386,Sri mukhvakh p11. ਵਾਹਿਗੁਰੂ ਵਾਹਿਗੁਰੂ japiyo praniyoo,https://s3.us-east-1.amazonaws.com/keerat.xyz/keertan/sdo/yt_mga/088 MGA SDO 1070 M 24 A SIDE GURU LINE IN TRACK 01 MP3.m4a,ਵਾਹਿਗੁਰੂ ਵਾਹਿਗੁਰੂ ਵਾਹਿਗੁਰੂ ਵਾਹਿ ਜੀਉ ॥
1726602766,SDO_MGA_1,Bhai Mohinder Singh Ji SDO,00:06:07,1122,13731,gur satigur kaa jo sikh akhaae su bhalake uThi. har naam dhiaavai ||,https://s3.us-east-1.amazonaws.com/keerat.xyz/keertan/sdo/yt_mga/088 MGA SDO 1070 M 24 A SIDE GURU LINE IN TRACK 01 MP3.m4a,ਹਉਮੈ ਮੈਲੁ ਬਿਖੁ ਉਤਰੈ ਹਰਿ ਅੰਮ੍ਰਿਤੁ ਹਰਿ ਉਰ ਧਾਰਿ ॥
1726602871,SDO_MGA_1,Bhai Mohinder Singh Ji SDO,00:09:09,,,Dhan all 10 gurus,https://s3.us-east-1.amazonaws.com/keerat.xyz/keertan/sdo/yt_mga/088 MGA SDO 1070 M 24 A SIDE GURU LINE IN TRACK 01 MP3.m4a,
1726603184,SDO_MGA_1,Bhai Mohinder Singh Ji SDO,00:17:50,218,3376,ਰਾਮ ਰਾਮ ਰਾਮ ਕੀਰਤਨੁ ਗਾਇ ॥,https://s3.us-east-1.amazonaws.com/keerat.xyz/keertan/sdo/yt_mga/088 MGA SDO 1070 M 24 A SIDE GURU LINE IN TRACK 01 MP3.m4a,ਹਰਿ ਕੀ ਵਡਿਆਈ ਵਡੀ ਹੈ ਹਰਿ ਕੀਰਤਨੁ ਹਰਿ ਕਾ ॥
1726603261,SDO_MGA_1,Bhai Mohinder Singh Ji SDO,00:19:27,243,3553,"ਤੇਰੋ ਸੇਵਕੁ ਇਹ ਰੰਗਿ ਮਾਤਾ ॥ tero sevak ieh ra(n)g maataa || Your slave is intoxicated with this Love of Yours. ਭਇਓ ਕ੍ਰਿਪਾਲੁ. ਦੀਨ ਦੁਖ ਭੰਜਨੁ ਹਰਿ ਹਰਿ ਕੀਰਤਨਿ ਇਹੁ ਮਨੁ ਰਾਤਾ ॥ ਰਹਾਉ ਦੂਜਾ ॥੧॥੩॥ bhio kirapaalu. dheen dhukh bha(n)jan har har keeratan ih man raataa || rahaau dhoojaa ||1||3|| The Destroyer of the pains of the poor has become merciful to me, and this mind is imbued with the Praises of the Lord, Har, Har. ||Second Pause||1||3||",https://s3.us-east-1.amazonaws.com/keerat.xyz/keertan/sdo/yt_mga/088 MGA SDO 1070 M 24 A SIDE GURU LINE IN TRACK 01 MP3.m4a,ਜਿਨ ਕਉ ਹੋਆ ਕ੍ਰਿਪਾਲੁ ਹਰਿ ਸੇ ਸਤਿਗੁਰ ਪੈਰੀ ਪਾਹੀ ॥
1726603449,SDO_MGA_1,Bhai Mohinder Singh Ji SDO,00:23:00,218,3376,ਹਰਿ ਹਰਿ ਨਾਮੁ ਦੀਓ ਕੀਰਤਨ ਕਉ ਭਈ ਹਮਾਰੀ ਗਾਤਿ ॥ ਰਹਾਉ ॥,https://s3.us-east-1.amazonaws.com/keerat.xyz/keertan/sdo/yt_mga/088 MGA SDO 1070 M 24 A SIDE GURU LINE IN TRACK 01 MP3.m4a,ਹਰਿ ਕੀ ਵਡਿਆਈ ਵਡੀ ਹੈ ਹਰਿ ਕੀਰਤਨੁ ਹਰਿ ਕਾ ॥
1726603499,SDO_MGA_1,Bhai Mohinder Singh Ji SDO,00:23:25,1278,14633,ਸ੍ਰਵਣੀ ਸੁਣੀਐ. ਰਸਨਾ ਗਾਈਐ ਹਿਰਦੈ ਧਿਆਈਐ ਸੋਈ ॥,https://s3.us-east-1.amazonaws.com/keerat.xyz/keertan/sdo/yt_mga/088 MGA SDO 1070 M 24 A SIDE GURU LINE IN TRACK 01 MP3.m4a,ਰਸਨਾ ਉਚਰੈ ਹਰਿ ਸ੍ਰਵਣੀ ਸੁਣੈ ਸੋ ਉਧਰੈ ਮਿਤਾ ॥
1726603594,SDO_MGA_1,Bhai Mohinder Singh Ji SDO,00:23:59,4016,47821,har ke naam bin dhirag srot ||,https://s3.us-east-1.amazonaws.com/keerat.xyz/keertan/sdo/yt_mga/088 MGA SDO 1070 M 24 A SIDE GURU LINE IN TRACK 01 MP3.m4a,ਹਰਿ ਕੇ ਨਾਮ ਬਿਨੁ ਧ੍ਰਿਗੁ ਸ੍ਰੋਤ ॥
1726603927,SDO_MGA_1,Bhai Mohinder Singh Ji SDO,00:32:41,1,3,ਆਦਿ ਸਚੁ ਜੁਗਾਦਿ ਸਚੁ ॥,https://s3.us-east-1.amazonaws.com/keerat.xyz/keertan/sdo/yt_mga/088 MGA SDO 1070 M 24 A SIDE GURU LINE IN TRACK 01 MP3.m4a,ਆਦਿ ਸਚੁ ਜੁਗਾਦਿ ਸਚੁ ॥
1726604300,SDO_MGA_1,Bhai Mohinder Singh Ji SDO,00:35:23,2309,26478,sravanee suneeaai. rasanaa gaieeaai hiradhai dhiaaieeaai soiee ||,https://s3.us-east-1.amazonaws.com/keerat.xyz/keertan/sdo/yt_mga/088 MGA SDO 1070 M 24 A SIDE GURU LINE IN TRACK 01 MP3.m4a,ਸ੍ਰਵਣੀ ਸੁਣੀਐ ਰਸਨਾ ਗਾਈਐ ਹਿਰਦੈ ਧਿਆਈਐ ਸੋਈ ॥
1726604463,SDO_MGA_1,Bhai Mohinder Singh Ji SDO,00:40:53,565,7979,sabh kichh pooraa hiradhai naam ||1||,https://s3.us-east-1.amazonaws.com/keerat.xyz/keertan/sdo/yt_mga/088 MGA SDO 1070 M 24 A SIDE GURU LINE IN TRACK 01 MP3.m4a,ਸਭੁ ਕਿਛੁ ਪੂਰਾ ਹਿਰਦੈ ਨਾਮੁ ॥੧॥
1726604596,SDO_MGA_1,Bhai Mohinder Singh Ji SDO,00:00:45,310,4260,ਪਰਤਛਿ ਰਿਦੈ ਗੁਰ ਅਰਜੁਨ ਕੈ ਹਰਿ ਪੂਰਨ ਬ੍ਰਹਮਿ ਨਿਵਾਸੁ ਲੀਅਉ ॥੫॥,https://s3.us-east-1.amazonaws.com/keerat.xyz/keertan/sdo/yt_mga/089 MGA SDO 1070 M 24 B SIDE GURU LINE IN TRACK 02 110.m4a,ਪਾਰਬ੍ਰਹਮਿ ਪ੍ਰਭਿ ਮੇਘੁ ਪਠਾਇਆ ॥
1726604687,SDO_MGA_1,Bhai Mohinder Singh Ji SDO,00:01:05,565,7987,Dhan p5 track. kahu naanak meraa satigur pooraa ||4||45||114||,https://s3.us-east-1.amazonaws.com/keerat.xyz/keertan/sdo/yt_mga/089 MGA SDO 1070 M 24 B SIDE GURU LINE IN TRACK 02 110.m4a,ਕਹੁ ਨਾਨਕ ਮੇਰਾ ਸਤਿਗੁਰੁ ਪੂਰਾ ॥੪॥੪੫॥੧੧੪॥
1726604731,SDO_MGA_1,Bhai Mohinder Singh Ji SDO,00:03:09,5470,59590,paratachh ridhai gur arajun kai har pooran braham nivaas leeaau ||5||,https://s3.us-east-1.amazonaws.com/keerat.xyz/keertan/sdo/yt_mga/089 MGA SDO 1070 M 24 B SIDE GURU LINE IN TRACK 02 110.m4a,ਪਰਤਛਿ ਰਿਦੈ ਗੁਰ ਅਰਜੁਨ ਕੈ ਹਰਿ ਪੂਰਨ ਬ੍ਰਹਮਿ ਨਿਵਾਸੁ ਲੀਅਉ ॥੫॥
1726609520,SDO_MGA_1,Bhai Mohinder Singh Ji SDO,00:06:56,2297,26329,gobidh preet lagee at piaaree ||,https://s3.us-east-1.amazonaws.com/keerat.xyz/keertan/sdo/yt_mga/089 MGA SDO 1070 M 24 B SIDE GURU LINE IN TRACK 02 110.m4a,ਗੋਬਿਦ ਪ੍ਰੀਤਿ ਲਗੀ ਅਤਿ ਪਿਆਰੀ ॥
1726610737,SDO_MGA_1,Bhai Mohinder Singh Ji SDO,00:26:30,4455,53218,naam nira(n)jan alakh hai kiau. lakhiaa jaiee ||,https://s3.us-east-1.amazonaws.com/keerat.xyz/keertan/sdo/yt_mga/089 MGA SDO 1070 M 24 B SIDE GURU LINE IN TRACK 02 110.m4a,ਨਾਮੁ ਨਿਰੰਜਨ ਅਲਖੁ ਹੈ ਕਿਉ ਲਖਿਆ ਜਾਈ ॥
1726620306,SDO_MGA_1,Bhai Mohinder Singh Ji SDO,00:30:29,1278,14633,ਸ੍ਰਵਣੀ ਸੁਣੀਐ. ਰਸਨਾ ਗਾਈਐ ਹਿਰਦੈ ਧਿਆਈਐ ਸੋਈ ॥,https://s3.us-east-1.amazonaws.com/keerat.xyz/keertan/sdo/yt_mga/089 MGA SDO 1070 M 24 B SIDE GURU LINE IN TRACK 02 110.m4a,ਰਸਨਾ ਉਚਰੈ ਹਰਿ ਸ੍ਰਵਣੀ ਸੁਣੈ ਸੋ ਉਧਰੈ ਮਿਤਾ ॥
1726620413,SDO_MGA_1,Bhai Mohinder Singh Ji SDO,00:33:05,12,85,ma(n)ne kee gat kahee na jai ||,https://s3.us-east-1.amazonaws.com/keerat.xyz/keertan/sdo/yt_mga/089 MGA SDO 1070 M 24 B SIDE GURU LINE IN TRACK 02 110.m4a,ਮੰਨੇ ਕੀ ਗਤਿ ਕਹੀ ਨ ਜਾਇ ॥
1726620557,SDO_MGA_1,Bhai Mohinder Singh Ji SDO,00:35:03,2351,26858,"ਹਿਰਦੈ ਨਾਮੁ ਵਸਾਇਹੁ ॥ hiradhai naam vasaih || Enshrine the Naam, the Name of the Lord, within your heart; ਘਰਿ ਬੈਠੇ ਗੁਰੂ ਧਿਆਇਹੁ ॥ ghar baiThe guroo dhiaaih || sitting within your own home, meditate on the Guru.",https://s3.us-east-1.amazonaws.com/keerat.xyz/keertan/sdo/yt_mga/089 MGA SDO 1070 M 24 B SIDE GURU LINE IN TRACK 02 110.m4a,ਹਿਰਦੈ ਨਾਮੁ ਵਸਾਇਹੁ ॥
1726620724,SDO_MGA_1,Bhai Mohinder Singh Ji SDO,00:35:48,57,645,ਸਭੁ ਕਿਛੁ ਪੂਰਾ ਹਿਰਦੈ ਨਾਮੁ ॥੧॥,https://s3.us-east-1.amazonaws.com/keerat.xyz/keertan/sdo/yt_mga/089 MGA SDO 1070 M 24 B SIDE GURU LINE IN TRACK 02 110.m4a,ਤਿਨ ਮਤਿ ਤਿਨ ਪਤਿ ਤਿਨ ਧਨੁ ਪਲੈ ਜਿਨ ਹਿਰਦੈ ਰਹਿਆ ਸਮਾਇ ॥
1726620861,SDO_MGA_1,Bhai Mohinder Singh Ji SDO,00:00:11,4121,49334,gur kaa sabadh merai a(n)tar dhiaan ||,https://s3.us-east-1.amazonaws.com/keerat.xyz/keertan/sdo/yt_mga/090 MGA SDO 1071 M 31 GURU LINE IN TRACK 01.m4a,ਗੁਰ ਕਾ ਸਬਦੁ ਮੇਰੈ ਅੰਤਰਿ ਧਿਆਨੁ ॥
1726676532,SDO_MGA_1,Bhai Mohinder Singh Ji SDO,00:25:54,502,7034,"ਜਿਨੑਾ ਭੇਟਿਆ ਮੇਰਾ ਪੂਰਾ ਸਤਿਗੁਰੂ ਤਿਨ ਹਰਿ ਨਾਮੁ ਦ੍ਰਿੜਾਵੈ. ਰਾਮ ਰਾਜੇ ॥ jin(h)aa bheTiaa meraa pooraa satiguroo tin har naam dhiraRaavai. raam raaje || Those who meet my Perfect True Guru - He implants within them the Name of the Lord, the Lord King. ਤਿਸ ਕੀ ਤ੍ਰਿਸਨਾ ਭੁਖ ਸਭ ਉਤਰੈ ਜੋ ਹਰਿ ਨਾਮੁ ਧਿਆਵੈ ॥ tis kee tirasanaa bhukh sabh utarai jo har naam dhiaavai || Those who meditate on the Lord's Name have all of their desire and hunger removed. ਜੋ ਹਰਿ ਹਰਿ ਨਾਮੁ ਧਿਆਇਦੇ ਤਿਨੑ ਜਮੁ. ਨੇੜਿ ਨ ਆਵੈ ॥ jo har har naam dhiaaidhe tin(h) jamu. neR na aavai || Those who meditate on the Name of the Lord, Har, Har - the Messenger of Death cannot even approach them. ਜਨ ਨਾਨਕ ਕਉ. ਹਰਿ ਕ੍ਰਿਪਾ ਕਰਿ ਨਿਤ ਜਪੈ ਹਰਿ ਨਾਮੁ. ਹਰਿ ਨਾਮਿ ਤਰਾਵੈ ॥੧॥ jan naanak kau. har kirapaa kar nit japai har naamu. har naam taraavai ||1|| O Lord, shower Your Mercy upon servant Nanak, that he may ever chant the Name of the Lord; through the Name of the Lord, he is saved. ||1||",https://s3.us-east-1.amazonaws.com/keerat.xyz/keertan/sdo/yt_mga/090 MGA SDO 1071 M 31 GURU LINE IN TRACK 01.m4a,ਹਰਿ ਭਗਤਿ ਦ੍ਰਿੜਾਵੈ ਹਰਿ ਭਗਤਿ ਸੁਣੈ ਤਿਸੁ ਸਤਿਗੁਰ ਮਿਲੀਐ ॥
1726676684,SDO_MGA_1,Bhai Mohinder Singh Ji SDO,00:00:00,5,44,ਧੁਨਿ ਮਹਿ ਧਿਆਨੁ. ਧਿਆਨ ਮਹਿ ਜਾਨਿਆ ਗੁਰਮੁਖਿ ਅਕਥ ਕਹਾਨੀ ॥੩॥,https://s3.us-east-1.amazonaws.com/keerat.xyz/keertan/sdo/yt_mga/091 MGA SDO 1071 M 31 GURU LINE IN TRACK 02.m4a,ਗੁਰਮੁਖਿ ਨਾਦੰ ਗੁਰਮੁਖਿ ਵੇਦੰ ਗੁਰਮੁਖਿ ਰਹਿਆ ਸਮਾਈ ॥
1726676738,SDO_MGA_1,Bhai Mohinder Singh Ji SDO,00:01:13,45,477,ਗੁਰ ਕਾ ਸਬਦੁ ਮੇਰੈ ਅੰਤਰਿ ਧਿਆਨੁ ॥,https://s3.us-east-1.amazonaws.com/keerat.xyz/keertan/sdo/yt_mga/091 MGA SDO 1071 M 31 GURU LINE IN TRACK 02.m4a,ਤੂੰ ਘਟ ਘਟ ਅੰਤਰਿ ਸਰਬ ਨਿਰੰਤਰਿ ਜੀ ਹਰਿ ਏਕੋ ਪੁਰਖੁ ਸਮਾਣਾ ॥
1726676784,SDO_MGA_1,Bhai Mohinder Singh Ji SDO,00:01:37,1648,19998,ਹਰਿ ਤੀਜੜੀ ਲਾਵ ਮਨਿ ਚਾਉ ਭਇਆ ਬੈਰਾਗੀਆ. ਬਲਿ ਰਾਮ ਜੀਉ ॥,https://s3.us-east-1.amazonaws.com/keerat.xyz/keertan/sdo/yt_mga/091 MGA SDO 1071 M 31 GURU LINE IN TRACK 02.m4a,ਮੇਰੇ ਮਨ ਬੈਰਾਗੀਆ ਤੂੰ ਬੈਰਾਗੁ ਕਰਿ ਕਿਸੁ ਦਿਖਾਵਹਿ ॥
1726677453,random,Bhai Harpreet Singh Ji Toronto,00:15:28,,,naanak pia(n)pai. sunahu preetam gur sabadhi. man samajhaavo ||5||6||,https://akj.media/Media/Keertan/NewYork/2018/030_NewYork_Aug2018_FriE_AK_BhaiHarpreetSinghJeeToronto.mp3,
1726677922,random,Bhai Mohinder Singh Ji SDO,00:00:20,,,Cold shower culprit track ,https://sikhsoul.com/golden_khajana_files/mp3/Keertan/Bhai Mohinder Singh SDO/Bhagataa Kee Tek Toon Santaa Kee Ot Toon 2.mp3,
1726775498,SDO_MGA_1,Bhai Mohinder Singh Ji SDO,00:04:45,45,477,ਗੁਰ ਕਾ ਸਬਦੁ ਮੇਰੈ ਅੰਤਰਿ ਧਿਆਨੁ ॥,https://s3.us-east-1.amazonaws.com/keerat.xyz/keertan/sdo/yt_mga/091 MGA SDO 1071 M 31 GURU LINE IN TRACK 02.m4a,ਤੂੰ ਘਟ ਘਟ ਅੰਤਰਿ ਸਰਬ ਨਿਰੰਤਰਿ ਜੀ ਹਰਿ ਏਕੋ ਪੁਰਖੁ ਸਮਾਣਾ ॥
1726775576,SDO_MGA_1,Bhai Mohinder Singh Ji SDO,00:05:49,7433,75698,ਜਿਮੀ ਜਮਾਨ ਕੇ ਬਿਖੈ ਸਮਸਤਿ ਏਕ ਜੋਤਿ ਹੈ ॥,https://s3.us-east-1.amazonaws.com/keerat.xyz/keertan/sdo/yt_mga/091 MGA SDO 1071 M 31 GURU LINE IN TRACK 02.m4a,ਜਿਮੀ ਜਮਾਨ ਕੇ ਬਿਖੈ ਸਮਸਤਿ ਏਕ ਜੋਤਿ ਹੈ ॥
1726841882,SDO_MGA_1,Bhai Mohinder Singh Ji SDO,00:07:57,4121,49335,hau kabahu. na chhoddau har kaa naam ||1|| rahaau ||,https://s3.us-east-1.amazonaws.com/keerat.xyz/keertan/sdo/yt_mga/091 MGA SDO 1071 M 31 GURU LINE IN TRACK 02.m4a,ਹਉ ਕਬਹੁ ਨ ਛੋਡਉ ਹਰਿ ਕਾ ਨਾਮੁ ॥੧॥ ਰਹਾਉ ॥
1726841932,SDO_MGA_1,Bhai Mohinder Singh Ji SDO,00:11:00,1347,15337,sa(n)pai dhekhi. na harakheeaai bipat dhekhi. na roi ||,https://s3.us-east-1.amazonaws.com/keerat.xyz/keertan/sdo/yt_mga/091 MGA SDO 1071 M 31 GURU LINE IN TRACK 02.m4a,ਸੰਪੈ ਦੇਖਿ ਨ ਹਰਖੀਐ ਬਿਪਤਿ ਦੇਖਿ ਨ ਰੋਇ ॥
1726842999,SDO_MGA_1,Bhai Mohinder Singh Ji SDO,00:16:17,,,saa(n)gai a(n)dhar saabate se virale ba(n)dhe |21|,https://s3.us-east-1.amazonaws.com/keerat.xyz/keertan/sdo/yt_mga/091 MGA SDO 1071 M 31 GURU LINE IN TRACK 02.m4a,
1726843066,SDO_MGA_1,Bhai Mohinder Singh Ji SDO,00:17:38,,,saa(n)gai a(n)dhar saabataa jis guroo sahaae |23|35| pai(n)teeh |,https://s3.us-east-1.amazonaws.com/keerat.xyz/keertan/sdo/yt_mga/091 MGA SDO 1071 M 31 GURU LINE IN TRACK 02.m4a,
1726843113,SDO_MGA_1,Bhai Mohinder Singh Ji SDO,00:18:00,,,SDO KATHA Salt butter and the guru lol,https://s3.us-east-1.amazonaws.com/keerat.xyz/keertan/sdo/yt_mga/091 MGA SDO 1071 M 31 GURU LINE IN TRACK 02.m4a,
1726843353,SDO_MGA_1,Bhai Mohinder Singh Ji SDO,00:20:25,48,525,ਗਰੁੜ ਚੜੑੇ ਗੋਬਿੰਦ ਆਇਲਾ ॥੧੫॥,https://s3.us-east-1.amazonaws.com/keerat.xyz/keertan/sdo/yt_mga/091 MGA SDO 1071 M 31 GURU LINE IN TRACK 02.m4a,ਗੋਬਿੰਦ ਮਿਲਣ ਕੀ ਇਹ ਤੇਰੀ ਬਰੀਆ ॥
1726844608,SDO_MGA_1,Bhai Mohinder Singh Ji SDO,00:26:50,49,542,ਪਾਵਹੁ ਬੇੜੀ. ਹਾਥਹੁ ਤਾਲ ॥,https://s3.us-east-1.amazonaws.com/keerat.xyz/keertan/sdo/yt_mga/091 MGA SDO 1071 M 31 GURU LINE IN TRACK 02.m4a,ਸੰਬਤਿ ਸਾਹਾ ਲਿਖਿਆ ਮਿਲਿ ਕਰਿ ਪਾਵਹੁ ਤੇਲੁ ॥
1726844687,SDO_MGA_1,Bhai Mohinder Singh Ji SDO,00:30:05,1761,21354,chaakar lagai chaakaree je chalai khasamai bhai ||,https://s3.us-east-1.amazonaws.com/keerat.xyz/keertan/sdo/yt_mga/091 MGA SDO 1071 M 31 GURU LINE IN TRACK 02.m4a,ਚਾਕਰੁ ਲਗੈ ਚਾਕਰੀ ਜੇ ਚਲੈ ਖਸਮੈ ਭਾਇ ॥
1726844748,SDO_MGA_1,Bhai Mohinder Singh Ji SDO,00:30:56,5428,59386,"ਇਕਿ ਖੜੇ ਕਰਹਿ ਤੇਰੀ ਚਾਕਰੀ ਵਿਣੁ ਨਾਵੈ. ਹੋਰੁ ਨ ਭਾਇਆ ॥ eik khaRe kareh teree chaakaree vin naavai. hor na bhaiaa || Some stand and serve You; without the Name, nothing else pleases them. ਹੋਰੁ ਕਾਰ ਵੇਕਾਰ ਹੈ ਇਕਿ ਸਚੀ ਕਾਰੈ ਲਾਇਆ ॥ hor kaar vekaar hai ik sachee kaarai laiaa || Any other task would be worthless to them-You have enjoined them to Your True Service. ਵਾਹਿਗੁਰੂ ਵਾਹਿਗੁਰੂ ",https://s3.us-east-1.amazonaws.com/keerat.xyz/keertan/sdo/yt_mga/091 MGA SDO 1071 M 31 GURU LINE IN TRACK 02.m4a,ਵਾਹਿਗੁਰੂ ਵਾਹਿਗੁਰੂ ਵਾਹਿਗੁਰੂ ਵਾਹਿ ਜੀਉ ॥
1726844870,SDO_MGA_1,Bhai Mohinder Singh Ji SDO,00:32:22,23,205,"ਸਚੀ ਤੇਰੀ ਕਾਰ ਦੇਹਿ ਦਇਆਲ ਤੂੰ ॥ sachee teree kaar dheh dhiaal too(n) || True is Your Service; bless me with it, O Merciful Lord. ਹਉ ਜੀਵਾ ਤੁਧੁ ਸਾਲਾਹਿ ਮੈ ਟੇਕ ਅਧਾਰੁ ਤੂੰ ॥੨॥ hau jeevaa tudh saalaeh mai Tek adhaar too(n) ||2|| I live by praising You; You are my Anchor and Support. ||2||",https://s3.us-east-1.amazonaws.com/keerat.xyz/keertan/sdo/yt_mga/091 MGA SDO 1071 M 31 GURU LINE IN TRACK 02.m4a,ਸਾਲਾਹੀ ਸਾਲਾਹਿ ਏਤੀ ਸੁਰਤਿ ਨ ਪਾਈਆ ॥
1727046121,SDO_MGA_1,Bhai Mohinder Singh Ji SDO,00:33:38,98,1280,"ਹਮ ਮੂਰਖ ਮੁਗਧ ਸਰਣਾਗਤੀ ਮਿਲੁ ਗੋਵਿੰਦ ਰੰਗਾ, ਰਾਮ ਰਾਜੇ ॥ ham moorakh mugadh saranaagatee mil govi(n)dh ra(n)gaa, raam raaje || I am foolish and ignorant, but I have taken to His Sanctuary; may I merge in the Love of the Lord of the Universe, O Lord King. ਗੁਰਿ ਪੂਰੈ ਹਰਿ ਪਾਇਆ ਹਰਿ ਭਗਤਿ ਇਕ ਮੰਗਾ ॥ gur poorai har paiaa har bhagat ik ma(n)gaa || Through the Perfect Guru, I have obtained the Lord, and I beg for the one blessing of devotion to the Lord. ਮੇਰਾ ਮਨੁ ਤਨੁ. ਸਬਦਿ ਵਿਗਾਸਿਆ ਜਪਿ ਅਨਤ ਤਰੰਗਾ ॥ meraa man tanu. sabadh vigaasiaa jap anat tara(n)gaa || My mind and body blossom forth through the Word of the Shabad; I meditate on the Lord of infinite waves. ਮਿਲਿ ਸੰਤ ਜਨਾ. ਹਰਿ ਪਾਇਆ ਨਾਨਕ. ਸਤਸੰਗਾ ॥੩॥ mil sa(n)t janaa. har paiaa naanaka. satasa(n)gaa ||3|| Meeting with the humble Saints, Nanak finds the Lord, in the Sat Sangat, the True Congregation. ||3||",https://s3.us-east-1.amazonaws.com/keerat.xyz/keertan/sdo/yt_mga/091 MGA SDO 1071 M 31 GURU LINE IN TRACK 02.m4a,ਜੋ ਸਤਗੁਰ ਕੀ ਸਰਣਾਗਤੀ ਹਉ ਤਿਨ ਕੈ ਬਲਿ ਜਾਉ ॥
1727114972,SDO_MGA_1,Bhai Mohinder Singh Ji SDO,00:00:00,,,fir baabaa aaiaa karataarapur bhekh udhaasee sagal utaaraa |,https://s3.us-east-1.amazonaws.com/keerat.xyz/keertan/sdo/yt_mga/092 MGA SDO 1072 M 34 A GURU LINE IN TRACK 01.m4a,
1727115214,SDO_MGA_1,Bhai Mohinder Singh Ji SDO,00:03:53,48,525,ਵਾਹ ਵਾਹ ਗੋਬਿੰਦ ਸਿੰਘ ਆਪੇ ਗੁਰੁ ਚੇਲਾ ।੧।,https://s3.us-east-1.amazonaws.com/keerat.xyz/keertan/sdo/yt_mga/092 MGA SDO 1072 M 34 A GURU LINE IN TRACK 01.m4a,ਗੋਬਿੰਦ ਮਿਲਣ ਕੀ ਇਹ ਤੇਰੀ ਬਰੀਆ ॥
1727134778,SDO_MGA_1,Bhai Mohinder Singh Ji SDO,00:07:59,,,Sdo katha rehrass mahatam ,https://s3.us-east-1.amazonaws.com/keerat.xyz/keertan/sdo/yt_mga/092 MGA SDO 1072 M 34 A GURU LINE IN TRACK 01.m4a,
1727134813,SDO_MGA_1,Bhai Mohinder Singh Ji SDO,00:08:30,1721,21093,teraa a(n)tu. na jaiee lakhiaa ||1|| rahaau ||,https://s3.us-east-1.amazonaws.com/keerat.xyz/keertan/sdo/yt_mga/092 MGA SDO 1072 M 34 A GURU LINE IN TRACK 01.m4a,ਤੇਰਾ ਅੰਤੁ ਨ ਜਾਈ ਲਖਿਆ ॥੧॥ ਰਹਾਉ ॥
1727134843,SDO_MGA_1,Bhai Mohinder Singh Ji SDO,00:08:48,3,30,ਵਾਹੁ ਖਸਮ ਤੂ ਵਾਹੁ ਜਿਨਿ ਰਚਿ ਰਚਨਾ ਹਮ ਕੀਏ ॥,https://s3.us-east-1.amazonaws.com/keerat.xyz/keertan/sdo/yt_mga/092 MGA SDO 1072 M 34 A GURU LINE IN TRACK 01.m4a,ਨਾਨਕ ਵਿਗਸੈ ਵੇਪਰਵਾਹੁ ॥੩॥
1727134911,SDO_MGA_1,Bhai Mohinder Singh Ji SDO,00:12:58,40,388,so dhar teraa kehaa. so ghar kehaa jit beh sarab sam(h)aale ||,https://s3.us-east-1.amazonaws.com/keerat.xyz/keertan/sdo/yt_mga/092 MGA SDO 1072 M 34 A GURU LINE IN TRACK 01.m4a,ਸੋ ਦਰੁ ਤੇਰਾ ਕੇਹਾ ਸੋ ਘਰੁ ਕੇਹਾ ਜਿਤੁ ਬਹਿ ਸਰਬ ਸਮਾਲੇ ॥
1727134958,SDO_MGA_1,Bhai Mohinder Singh Ji SDO,00:00:00,,,Rehrass track continued 2,https://s3.us-east-1.amazonaws.com/keerat.xyz/keertan/sdo/yt_mga/093 MGA SDO 1072 M 34 B GURU LINE IN TRACK 02.m4a,
1727135006,SDO_MGA_1,Bhai Mohinder Singh Ji SDO,00:09:34,48,529,janam birathaa jaat ra(n)g maiaa kai ||1|| rahaau ||,https://s3.us-east-1.amazonaws.com/keerat.xyz/keertan/sdo/yt_mga/093 MGA SDO 1072 M 34 B GURU LINE IN TRACK 02.m4a,ਜਨਮੁ ਬ੍ਰਿਥਾ ਜਾਤ ਰੰਗਿ ਮਾਇਆ ਕੈ ॥੧॥ ਰਹਾਉ ॥
1727135069,SDO_MGA_1,Bhai Mohinder Singh Ji SDO,00:00:00,,,Rehrass track continues 3 Chaupi sahib,https://s3.us-east-1.amazonaws.com/keerat.xyz/keertan/sdo/yt_mga/094 MGA SDO 1072 M 34 C GURU LINE IN TRACK 03.m4a,
1727135129,SDO_MGA_1,Bhai Mohinder Singh Ji SDO,00:13:02,1116,13695,har kee Tahal kamaavanee japeeaai prabh kaa naam ||,https://s3.us-east-1.amazonaws.com/keerat.xyz/keertan/sdo/yt_mga/094 MGA SDO 1072 M 34 C GURU LINE IN TRACK 03.m4a,ਹਰਿ ਕੀ ਟਹਲ ਕਮਾਵਣੀ ਜਪੀਐ ਪ੍ਰਭ ਕਾ ਨਾਮੁ ॥
1727180518,HeeraRattan,Bhai Mohinder Singh Ji SDO,01:39:36,736,10367,"ਵਡੇ ਵਡੇ ਜੋ ਦੁਨੀਆਦਾਰ ॥ vadde vadde jo dhuneeaadhaar || The great and powerful people of the world ਕਾਹੂ ਕਾਜਿ ਨਾਹੀ ਗਾਵਾਰ ॥ kaahoo kaaj naahee gaavaar || are of no use, you fool! ਹਰਿ ਕਾ ਦਾਸੁ ਨੀਚ ਕੁਲੁ ਸੁਣਹਿ ॥ har kaa dhaas neech kul suneh || The Lord's slave may be born of humble origins, ਤਿਸ ਕੈ ਸੰਗਿ ਖਿਨ ਮਹਿ ਉਧਰਹਿ ॥੨॥ tis kai sa(n)g khin meh udhareh ||2||",https://s3.us-east-1.amazonaws.com/keerat.xyz/keertan/sdo/yt_heeraRattan/004 Bhai Mohinder Singh.ji SDO Calagary 1989 (heeraRattan).mp3,ਵਡੇ ਵਡੇ ਜੋ ਦੁਨੀਆਦਾਰ ॥
1727180606,HeeraRattan,Bhai Mohinder Singh Ji SDO,01:40:33,49,540,Sick parman from har ka daas nich kul sunaaa to ਜਿਥੈ ਨੀਚ ਸਮਾਲੀਅਨਿ ਤਿਥੈ ਨਦਰਿ ਤੇਰੀ ਬਖਸੀਸ ॥੪॥੩॥,https://s3.us-east-1.amazonaws.com/keerat.xyz/keertan/sdo/yt_heeraRattan/004 Bhai Mohinder Singh.ji SDO Calagary 1989 (heeraRattan).mp3,ਨਿਤ ਨਿਤ ਜੀਅੜੇ ਸਮਾਲੀਅਨਿ ਦੇਖੈਗਾ ਦੇਵਣਹਾਰੁ ॥
1727180679,HeeraRattan,Bhai Mohinder Singh Ji SDO,01:41:01,238,3513,ਗਰੀਬੀ ਗਦਾ ਹਮਾਰੀ ॥ gareebee gadhaa hamaaree || Humility is my spiked club. ਖੰਨਾ. ਸਗਲ ਰੇਨੁ ਛਾਰੀ ॥ kha(n)naa. sagal ren chhaaree || My dagger is to be the dust of all men's feet. ਇਸੁ ਆਗੈ ਕੋ ਨ ਟਿਕੈ. ਵੇਕਾਰੀ ॥ eis aagai ko na Tikai. vekaaree || No evil-doer can withstand these weapons. ਗੁਰ ਪੂਰੇ ਏਹ ਗਲ ਸਾਰੀ ॥੧॥ gur poore eh gal saaree ||1|| The Perfect Guru has given me this understanding. ||1||,https://s3.us-east-1.amazonaws.com/keerat.xyz/keertan/sdo/yt_heeraRattan/004 Bhai Mohinder Singh.ji SDO Calagary 1989 (heeraRattan).mp3,ਮਨੁ ਵੇਕਾਰੀ ਵੇੜਿਆ ਵੇਕਾਰਾ ਕਰਮ ਕਮਾਇ ॥
1727180854,HeeraRattan,Bhai Mohinder Singh Ji SDO,01:42:41,736,10367,vadde vadde jo dhuneeaadhaar ||,https://s3.us-east-1.amazonaws.com/keerat.xyz/keertan/sdo/yt_heeraRattan/004 Bhai Mohinder Singh.ji SDO Calagary 1989 (heeraRattan).mp3,ਵਡੇ ਵਡੇ ਜੋ ਦੁਨੀਆਦਾਰ ॥
1727180949,HeeraRattan,Bhai Mohinder Singh Ji SDO,00:00:00,61,708,Sick simran ਸਤਿਗੁਰਿ ਬਚਨੁ ਦੀਓ. ਅਤਿ ਨਿਰਮਲੁ ਜਪਿ ਹਰਿ ਹਰਿ. ਹਰਿ ਮਨੁ ਮਾਚੇ ॥੧॥,https://s3.us-east-1.amazonaws.com/keerat.xyz/keertan/sdo/yt_heeraRattan/005 🙏❤Waiguru Waiguru Waiguru Waiguru Waiguru Waiguru Waiguru Waiguru Waiguru Waiguru Waiguru Waiguru ❤🙏 (heeraRattan).mp3,ਜਿਨ ਕਉ ਸਤਿਗੁਰਿ ਥਾਪਿਆ ਤਿਨ ਮੇਟਿ ਨ ਸਕੈ ਕੋਇ ॥
1727181072,HeeraRattan,Bhai Mohinder Singh Ji SDO,00:00:00,1442,16932,paradhes jhaag saudhe kau aaiaa ||,https://s3.us-east-1.amazonaws.com/keerat.xyz/keertan/sdo/yt_heeraRattan/006 Bhai Mohinder Singh Ji SDO Bebe Nanaki Birmingham 10 10 1983 -1 (heeraRattan).mp3,ਪਰਦੇਸੁ ਝਾਗਿ ਸਉਦੇ ਕਉ ਆਇਆ ॥
1727203234,SDO_MGA_1,Bhai Mohinder Singh Ji SDO,00:17:24,,,har meree preeti. reet hai har meree har meree. kathaa kahaanee jee ||,https://s3.us-east-1.amazonaws.com/keerat.xyz/keertan/sdo/yt_mga/094 MGA SDO 1072 M 34 C GURU LINE IN TRACK 03.m4a,
1727203322,SDO_MGA_1,Bhai Mohinder Singh Ji SDO,00:20:43,2437,27909,eih bhojan alabh hai sa(n)tahu labhai gur veechaar ||,https://s3.us-east-1.amazonaws.com/keerat.xyz/keertan/sdo/yt_mga/094 MGA SDO 1072 M 34 C GURU LINE IN TRACK 03.m4a,ਇਹੁ ਭੋਜਨੁ ਅਲਭੁ ਹੈ ਸੰਤਹੁ ਲਭੈ ਗੁਰ ਵੀਚਾਰਿ ॥
1727203370,SDO_MGA_1,Bhai Mohinder Singh Ji SDO,00:21:29,176,2710,ਜਿਨਾ ਅੰਦਰਿ ਨਾਮੁ ਨਿਧਾਨੁ ਹੈ ਗੁਰਬਾਣੀ ਵੀਚਾਰਿ ॥,https://s3.us-east-1.amazonaws.com/keerat.xyz/keertan/sdo/yt_mga/094 MGA SDO 1072 M 34 C GURU LINE IN TRACK 03.m4a,ਗੁਰਬਾਣੀ ਇਸੁ ਜਗ ਮਹਿ ਚਾਨਣੁ ਕਰਮਿ ਵਸੈ ਮਨਿ ਆਏ ॥੧॥
1727203498,HeeraRattan,Bhai Mohinder Singh Ji SDO,00:20:32,339,4918,ਰਾਮ ਰਾਮ ਬੋਲਿ ਬੋਲਿ ਖੋਜਤੇ ਬਡਭਾਗੀ ॥,https://s3.us-east-1.amazonaws.com/keerat.xyz/keertan/sdo/yt_heeraRattan/006 Bhai Mohinder Singh Ji SDO Bebe Nanaki Birmingham 10 10 1983 -1 (heeraRattan).mp3,ਨਿਰਮਲ ਨਾਮਿ ਲਗੇ ਬਡਭਾਗੀ ਨਿਰਮਲੁ ਨਾਮਿ ਸੁਹਾਵਣਿਆ ॥੫॥
1727311645,HeeraRattan,Bhai Mohinder Singh Ji SDO,00:22:21,2883,32567,hau aaiaa. dhoorahu chal kai mai takee. tau saranai jeeau ||,https://s3.us-east-1.amazonaws.com/keerat.xyz/keertan/sdo/yt_heeraRattan/006 Bhai Mohinder Singh Ji SDO Bebe Nanaki Birmingham 10 10 1983 -1 (heeraRattan).mp3,ਹਉ ਆਇਆ ਦੂਰਹੁ ਚਲਿ ਕੈ ਮੈ ਤਕੀ ਤਉ ਸਰਣਾਇ ਜੀਉ ॥
1727554381,SDO_MGA_1,Bhai Mohinder Singh Ji SDO,00:22:17,113,1535,ਹਰਿ ਨਾਮੁ. ਹਮਾਰਾ ਭੋਜਨੁ ਛਤੀਹ ਪਰਕਾਰ ਜਿਤੁ ਖਾਇਐ. ਹਮ ਕਉ ਤ੍ਰਿਪਤਿ ਭਈ ॥,https://s3.us-east-1.amazonaws.com/keerat.xyz/keertan/sdo/yt_mga/094 MGA SDO 1072 M 34 C GURU LINE IN TRACK 03.m4a,ਸਚੁ ਸਲਾਹੀ ਸਚਿ ਲਗਾ ਸਚੈ ਨਾਇ ਤ੍ਰਿਪਤਿ ਹੋਇ ॥
1727977441,SDO_MGA_1,Bhai Mohinder Singh Ji SDO,00:24:07,70,848,ਹਰਿ ਮੇਰੀ ਪ੍ਰੀਤਿ. ਰੀਤਿ ਹੈ ਹਰਿ ਮੇਰੀ ਹਰਿ ਮੇਰੀ. ਕਥਾ ਕਹਾਨੀ ਜੀ ॥,https://s3.us-east-1.amazonaws.com/keerat.xyz/keertan/sdo/yt_mga/094 MGA SDO 1072 M 34 C GURU LINE IN TRACK 03.m4a,ਲਖ ਸਿਆਣਪ ਜੇ ਕਰੀ ਲਖ ਸਿਉ ਪ੍ਰੀਤਿ ਮਿਲਾਪੁ ॥
1727977590,SDO_MGA_1,Bhai Mohinder Singh Ji SDO,00:26:13,43,451,"ਸਤਿ ਸਤਿ ਸਤਿ ਸਤਿ ਸਤਿ ਗੁਰਦੇਵ ॥ sat sat sat sat sat gurdhev || True, True, True True, True is the Divine Guru. ਝੂਠੁ ਝੂਠੁ ਝੂਠੁ ਝੂਠੁ ਆਨ ਸਭ ਸੇਵ ॥੧॥ ਰਹਾਉ ॥ jhooTh jhooTh jhooTh jhooTh aan sabh sev ||1|| rahaau || False, false, false, false is all other service. ||1||Pause||",https://s3.us-east-1.amazonaws.com/keerat.xyz/keertan/sdo/yt_mga/094 MGA SDO 1072 M 34 C GURU LINE IN TRACK 03.m4a,ਮੇਰੇ ਮੀਤ ਗੁਰਦੇਵ ਮੋ ਕਉ ਰਾਮ ਨਾਮੁ ਪਰਗਾਸਿ ॥
1727977624,SDO_MGA_1,Bhai Mohinder Singh Ji SDO,00:26:29,871,11497,aadh gure nameh ||,https://s3.us-east-1.amazonaws.com/keerat.xyz/keertan/sdo/yt_mga/094 MGA SDO 1072 M 34 C GURU LINE IN TRACK 03.m4a,ਆਦਿ ਗੁਰਏ ਨਮਹ ॥
1727977673,SDO_MGA_1,Bhai Mohinder Singh Ji SDO,00:27:24,252,3599,ਕਰਿ ਨਮਸਕਾਰ ਪੂਰੇ ਗੁਰਦੇਵ ॥,https://s3.us-east-1.amazonaws.com/keerat.xyz/keertan/sdo/yt_mga/094 MGA SDO 1072 M 34 C GURU LINE IN TRACK 03.m4a,ਹਰਿ ਤੁਧਨੋ ਕਰਹਿ ਸਭ ਨਮਸਕਾਰੁ ਜਿਨਿ ਪਾਪੈ ਤੇ ਰਾਖਿਆ ॥
1727977736,SDO_MGA_1,Bhai Mohinder Singh Ji SDO,00:27:56,40130,201108,ਸੁਖੁ ਸਾਗਰੁ ਗੁਰੁ ਛਡਿ ਕੈ ਭਵਜਲ ਅੰਦਰਿ ਭੰਭਲਭੂਸੇ ।,https://s3.us-east-1.amazonaws.com/keerat.xyz/keertan/sdo/yt_mga/094 MGA SDO 1072 M 34 C GURU LINE IN TRACK 03.m4a,ਮਨਮੁਖ ਦੂਜੈ ਭਾਇ ਲਗਿ ਭੰਭਲਭੂਸੇ ਖਾਇ ਭਵੰਦੇ।
1727977812,SDO_MGA_1,Bhai Mohinder Singh Ji SDO,00:28:59,101,1319,ਮੇਰਾ ਗੁਰੁ ਪੂਰਾ ਸੁਖਦਾਤਾ ॥,https://s3.us-east-1.amazonaws.com/keerat.xyz/keertan/sdo/yt_mga/094 MGA SDO 1072 M 34 C GURU LINE IN TRACK 03.m4a,ਆਪੇ ਜਗਜੀਵਨੁ ਸੁਖਦਾਤਾ ਆਪੇ ਬਖਸਿ ਮਿਲਾਏ ॥
1727977849,SDO_MGA_1,Bhai Mohinder Singh Ji SDO,00:29:32,52,575,ਪੋਥੀ ਪਰਮੇਸਰ ਕਾ ਥਾਨੁ ॥,https://s3.us-east-1.amazonaws.com/keerat.xyz/keertan/sdo/yt_mga/094 MGA SDO 1072 M 34 C GURU LINE IN TRACK 03.m4a,ਅਬਿਨਾਸੀ ਪੁਰਖੁ ਪਾਇਆ ਪਰਮੇਸਰੁ ਬਹੁ ਸੋਭ ਖੰਡ ਬ੍ਰਹਮੰਡਾ ਹੇ ॥੩॥
1727977911,SDO_MGA_1,Bhai Mohinder Singh Ji SDO,00:30:20,2345,26803,ਗੁਰੁ ਪੂਰਾ. ਜਿਨ ਸਿਮਰਿਆ ਸੇਈ ਭਏ ਨਿਹਾਲ ॥,https://s3.us-east-1.amazonaws.com/keerat.xyz/keertan/sdo/yt_mga/094 MGA SDO 1072 M 34 C GURU LINE IN TRACK 03.m4a,ਹਰਿ ਜਨਿ ਸਿਮਰਿਆ ਨਾਮ ਅਧਾਰਿ ॥
1727978080,SDO_MGA_1,Bhai Mohinder Singh Ji SDO,00:00:00,2029,23539,gat paavahi. sukh sahaj ana(n)dhaa kaaTe jam ke faahaa ||1|| rahaau ||,https://s3.us-east-1.amazonaws.com/keerat.xyz/keertan/sdo/yt_mga/095 MGA SDO 1073 M 40 A SIDE.m4a,ਗਤਿ ਪਾਵਹਿ ਸੁਖ ਸਹਜ ਅਨੰਦਾ ਕਾਟੇ ਜਮ ਕੇ ਫਾਹਾ ॥੧॥ ਰਹਾਉ ॥
1727979205,SDO_MGA_1,Bhai Mohinder Singh Ji SDO,00:04:44,218,3376,ਬਹੁਤੁ ਖਜਾਨਾ ਤਿੰਨ ਪਹਿ. ਹਰਿ ਜੀਉ ਹਰਿ ਕੀਰਤਨੁ ਲਾਹਾ ਰਾਮ ॥,https://s3.us-east-1.amazonaws.com/keerat.xyz/keertan/sdo/yt_mga/095 MGA SDO 1073 M 40 A SIDE.m4a,ਹਰਿ ਕੀ ਵਡਿਆਈ ਵਡੀ ਹੈ ਹਰਿ ਕੀਰਤਨੁ ਹਰਿ ਕਾ ॥
1727979268,SDO_MGA_1,Bhai Mohinder Singh Ji SDO,00:07:57,2838,31812,se sa(n)jog karahu mere piaare ||,https://s3.us-east-1.amazonaws.com/keerat.xyz/keertan/sdo/yt_mga/095 MGA SDO 1073 M 40 A SIDE.m4a,ਸੇ ਸੰਜੋਗ ਕਰਹੁ ਮੇਰੇ ਪਿਆਰੇ ॥
1728414440,SDO_MGA_1,Bhai Mohinder Singh Ji SDO,00:13:12,1,1,ਹਰਿ ਰਾਮ ਨਾਮੁ ਜਪਿ ਲਾਹਾ ॥,https://s3.us-east-1.amazonaws.com/keerat.xyz/keertan/sdo/yt_mga/095 MGA SDO 1073 M 40 A SIDE.m4a,ੴ ਸਤਿ ਨਾਮੁ ਕਰਤਾ ਪੁਰਖੁ ਨਿਰਭਉ ਨਿਰਵੈਰੁ ਅਕਾਲ ਮੂਰਤਿ ਅਜੂਨੀ ਸੈਭੰ ਗੁਰ ਪ੍ਰਸਾਦਿ ॥
1728517546,SDO_MGA_1,Bhai Mohinder Singh Ji SDO,00:14:05,5428,59386,sick ਵਾਹਿਗੁਰੂ ਵਾਹਿਗੁਰੂ ,https://s3.us-east-1.amazonaws.com/keerat.xyz/keertan/sdo/yt_mga/095 MGA SDO 1073 M 40 A SIDE.m4a,ਵਾਹਿਗੁਰੂ ਵਾਹਿਗੁਰੂ ਵਾਹਿਗੁਰੂ ਵਾਹਿ ਜੀਉ ॥
1728518919,HeeraRattan,Bhai Mohinder Singh Ji SDO,00:32:24,1209,14294,tus dhitaa. poorai satiguroo har dhan sach akhuT ||,https://s3.us-east-1.amazonaws.com/keerat.xyz/keertan/sdo/yt_heeraRattan/006 Bhai Mohinder Singh Ji SDO Bebe Nanaki Birmingham 10 10 1983 -1 (heeraRattan).mp3,ਤੁਸਿ ਦਿਤਾ ਪੂਰੈ ਸਤਿਗੁਰੂ ਹਰਿ ਧਨੁ ਸਚੁ ਅਖੁਟੁ ॥
1728576547,HeeraRattan,Bhai Mohinder Singh Ji SDO,00:33:57,369,5665,eik khaRe kareh teree chaakaree vin naavai. hor na bhaiaa ||,https://s3.us-east-1.amazonaws.com/keerat.xyz/keertan/sdo/yt_heeraRattan/006 Bhai Mohinder Singh Ji SDO Bebe Nanaki Birmingham 10 10 1983 -1 (heeraRattan).mp3,ਇਕਿ ਖੜੇ ਕਰਹਿ ਤੇਰੀ ਚਾਕਰੀ ਵਿਣੁ ਨਾਵੈ ਹੋਰੁ ਨ ਭਾਇਆ ॥
1728576760,HeeraRattan,Bhai Mohinder Singh Ji SDO,00:35:42,1122,13732,jan naanaku. dhooR ma(n)gai tis gursikh kee jo aap japai. avareh naam japaavai ||2||,https://s3.us-east-1.amazonaws.com/keerat.xyz/keertan/sdo/yt_heeraRattan/006 Bhai Mohinder Singh Ji SDO Bebe Nanaki Birmingham 10 10 1983 -1 (heeraRattan).mp3,ਸਭਿ ਕਾਰਜ ਤਿਨ ਕੇ ਸਿਧਿ ਹਹਿ ਜਿਨ ਗੁਰਮੁਖਿ ਕਿਰਪਾ ਧਾਰਿ ॥
1728577092,HeeraRattan,Bhai Mohinder Singh Ji SDO,00:41:46,1197,14238,aupadhes j dhitaa satiguroo so suniaa sikhee ka(n)ne ||,https://s3.us-east-1.amazonaws.com/keerat.xyz/keertan/sdo/yt_heeraRattan/006 Bhai Mohinder Singh Ji SDO Bebe Nanaki Birmingham 10 10 1983 -1 (heeraRattan).mp3,ਉਪਦੇਸੁ ਜਿ ਦਿਤਾ ਸਤਿਗੁਰੂ ਸੋ ਸੁਣਿਆ ਸਿਖੀ ਕੰਨੇ ॥
1728577483,HeeraRattan,Bhai Mohinder Singh Ji SDO,00:50:03,40105,200906,"pairee pai paa khaak hoi, chhadd manee manooree |",https://s3.us-east-1.amazonaws.com/keerat.xyz/keertan/sdo/yt_heeraRattan/006 Bhai Mohinder Singh Ji SDO Bebe Nanaki Birmingham 10 10 1983 -1 (heeraRattan).mp3,ਪੈਰੀ ਪੈ ਪਾ ਖਾਕੁ ਹੋਇ ਕਾਮਧੇਨੁ ਸੰਤ ਰੇਣੁ ਨ ਨੀਰੈ।
1728577800,HeeraRattan,Bhai Mohinder Singh Ji SDO,00:57:31,2650,30031,har har hari. har bhagat dhiraRaavahu har har naam oumaahaa raam ||1||,https://s3.us-east-1.amazonaws.com/keerat.xyz/keertan/sdo/yt_heeraRattan/006 Bhai Mohinder Singh Ji SDO Bebe Nanaki Birmingham 10 10 1983 -1 (heeraRattan).mp3,ਹਰਿ ਹਰਿ ਹਰਿ ਹਰਿ ਭਗਤਿ ਦ੍ਰਿੜਾਵਹੁ ਹਰਿ ਹਰਿ ਨਾਮੁ ਓੁਮਾਹਾ ਰਾਮ ॥੧॥
1728578250,HeeraRattan,Bhai Mohinder Singh Ji SDO,01:00:20,,,roop heena. budh bal heenee moh paradhesani. dhoor te aaiee ||1||,https://s3.us-east-1.amazonaws.com/keerat.xyz/keertan/sdo/yt_heeraRattan/006 Bhai Mohinder Singh Ji SDO Bebe Nanaki Birmingham 10 10 1983 -1 (heeraRattan).mp3,
1728582086,HeeraRattan,Bhai Mohinder Singh Ji SDO,01:01:16,1122,13730,vanajaare sikh aavadhe sabadh laghaavanahaar ||,https://s3.us-east-1.amazonaws.com/keerat.xyz/keertan/sdo/yt_heeraRattan/006 Bhai Mohinder Singh Ji SDO Bebe Nanaki Birmingham 10 10 1983 -1 (heeraRattan).mp3,ਲਾਹਾ ਹਰਿ ਧਨੁ ਖਟਿਆ ਗੁਰਮੁਖਿ ਸਬਦੁ ਵੀਚਾਰਿ ॥
1728582195,HeeraRattan,Bhai Mohinder Singh Ji SDO,01:03:29,4097,48896,naam hamaarai gur kee sev ||1||,https://s3.us-east-1.amazonaws.com/keerat.xyz/keertan/sdo/yt_heeraRattan/006 Bhai Mohinder Singh Ji SDO Bebe Nanaki Birmingham 10 10 1983 -1 (heeraRattan).mp3,ਨਾਮੁ ਹਮਾਰੈ ਗੁਰ ਕੀ ਸੇਵ ॥੧॥
1728582568,HeeraRattan,Bhai Mohinder Singh Ji SDO,01:09:23,1116,13695,har kee Tahal kamaavanee japeeaai prabh kaa naam ||,https://s3.us-east-1.amazonaws.com/keerat.xyz/keertan/sdo/yt_heeraRattan/006 Bhai Mohinder Singh Ji SDO Bebe Nanaki Birmingham 10 10 1983 -1 (heeraRattan).mp3,ਹਰਿ ਕੀ ਟਹਲ ਕਮਾਵਣੀ ਜਪੀਐ ਪ੍ਰਭ ਕਾ ਨਾਮੁ ॥
1728582691,HeeraRattan,Bhai Mohinder Singh Ji SDO,01:11:24,4344,52291,dhanava(n)t naam ke vanajaare ||,https://s3.us-east-1.amazonaws.com/keerat.xyz/keertan/sdo/yt_heeraRattan/006 Bhai Mohinder Singh Ji SDO Bebe Nanaki Birmingham 10 10 1983 -1 (heeraRattan).mp3,ਧਨਵੰਤ ਨਾਮ ਕੇ ਵਣਜਾਰੇ ॥
1728582809,HeeraRattan,Bhai Mohinder Singh Ji SDO,01:14:11,3065,34661,jap jap naam gobi(n)dh kaa pooran beechaar ||1||,https://s3.us-east-1.amazonaws.com/keerat.xyz/keertan/sdo/yt_heeraRattan/006 Bhai Mohinder Singh Ji SDO Bebe Nanaki Birmingham 10 10 1983 -1 (heeraRattan).mp3,ਜਪਿ ਜਪਿ ਨਾਮੁ ਗੋਬਿੰਦ ਕਾ ਪੂਰਨ ਬੀਚਾਰੁ ॥੧॥
1728582884,HeeraRattan,Bhai Mohinder Singh Ji SDO,01:14:53,,,eik tilu. nahee visarai praan aadhaaraa jap jap naanaka. jeevate ||3||,https://s3.us-east-1.amazonaws.com/keerat.xyz/keertan/sdo/yt_heeraRattan/006 Bhai Mohinder Singh Ji SDO Bebe Nanaki Birmingham 10 10 1983 -1 (heeraRattan).mp3,
1728583533,HeeraRattan,Bhai Mohinder Singh Ji SDO,01:16:59,32,313,lakh lakh geRaa aakhe'eeh ek naam jagadhees ||,https://s3.us-east-1.amazonaws.com/keerat.xyz/keertan/sdo/yt_heeraRattan/006 Bhai Mohinder Singh Ji SDO Bebe Nanaki Birmingham 10 10 1983 -1 (heeraRattan).mp3,ਲਖੁ ਲਖੁ ਗੇੜਾ ਆਖੀਅਹਿ ਏਕੁ ਨਾਮੁ ਜਗਦੀਸ ॥
1728583816,HeeraRattan,Bhai Mohinder Singh Ji SDO,01:23:21,1,3,aadh sach jugaadh sach ||,https://s3.us-east-1.amazonaws.com/keerat.xyz/keertan/sdo/yt_heeraRattan/006 Bhai Mohinder Singh Ji SDO Bebe Nanaki Birmingham 10 10 1983 -1 (heeraRattan).mp3,ਆਦਿ ਸਚੁ ਜੁਗਾਦਿ ਸਚੁ ॥
1728583852,HeeraRattan,Bhai Mohinder Singh Ji SDO,01:23:43,,,naam rahio. saadhoo rahio rahio gur gobi(n)dh ||,https://s3.us-east-1.amazonaws.com/keerat.xyz/keertan/sdo/yt_heeraRattan/006 Bhai Mohinder Singh Ji SDO Bebe Nanaki Birmingham 10 10 1983 -1 (heeraRattan).mp3,
1728584137,HeeraRattan,Bhai Mohinder Singh Ji SDO,01:28:13,551,7826,ham dhanava(n)t bhaagaTh sach nai ||,https://s3.us-east-1.amazonaws.com/keerat.xyz/keertan/sdo/yt_heeraRattan/006 Bhai Mohinder Singh Ji SDO Bebe Nanaki Birmingham 10 10 1983 -1 (heeraRattan).mp3,ਹਮ ਧਨਵੰਤ ਭਾਗਠ ਸਚ ਨਾਇ ॥
1728584870,HeeraRattan,Bhai Mohinder Singh Ji SDO,01:34:04,,,"Nanak so angad gur devna, Bhai Nand Lal Ji, Jot Bigaas",https://s3.us-east-1.amazonaws.com/keerat.xyz/keertan/sdo/yt_heeraRattan/006 Bhai Mohinder Singh Ji SDO Bebe Nanaki Birmingham 10 10 1983 -1 (heeraRattan).mp3,
1728585291,HeeraRattan,Bhai Mohinder Singh Ji SDO,01:35:54,3632,41914,baanee guroo. guroo hai baanee vich baanee. a(n)mrit saare ||,https://s3.us-east-1.amazonaws.com/keerat.xyz/keertan/sdo/yt_heeraRattan/006 Bhai Mohinder Singh Ji SDO Bebe Nanaki Birmingham 10 10 1983 -1 (heeraRattan).mp3,ਬਾਣੀ ਗੁਰੂ ਗੁਰੂ ਹੈ ਬਾਣੀ ਵਿਚਿ ਬਾਣੀ ਅੰਮ੍ਰਿਤੁ ਸਾਰੇ ॥
1728597413,SDO_MGA_1,Bhai Mohinder Singh Ji SDO,00:09:13,183,3014,ਜੋ ਮਨਿ ਚਿਤਿ. ਤੁਧੁ ਧਿਆਇਦੇ ਮੇਰੇ ਸਚਿਆ ਬਲਿ ਬਲਿ ਹਉ. ਤਿਨ ਜਾਤੀ ॥੧॥,https://s3.us-east-1.amazonaws.com/keerat.xyz/keertan/sdo/yt_mga/031 MGA SDO 1031 smpk 29.m4a,ਸੁਣਿ ਸੁਣਿ ਤੁਝੈ ਧਿਆਇਦੇ ਤੇਰੇ ਭਗਤ ਰਤੇ ਗੁਣਤਾਸੁ ਜੀਉ ॥੨੦॥
1728613179,HeeraRattan,Bhai Mohinder Singh Ji SDO,00:00:00,2280,26091,bin sabadhai. jag bhuladhaa firadhaa dharageh milai sajai || rahaau ||,https://s3.us-east-1.amazonaws.com/keerat.xyz/keertan/sdo/yt_heeraRattan/007 Bhai Mohinder Singh Ji Smagam UK 13 10 1983 -2 (heeraRattan).mp3,ਬਿਨੁ ਸਬਦੈ ਜਗੁ ਭੁਲਦਾ ਫਿਰਦਾ ਦਰਗਹ ਮਿਲੈ ਸਜਾਇ ॥ ਰਹਾਉ ॥
1728624837,HeeraRattan,Bhai Mohinder Singh Ji SDO,00:06:12,1,3,ਆਦਿ ਸਚੁ ਜੁਗਾਦਿ ਸਚੁ ॥,https://s3.us-east-1.amazonaws.com/keerat.xyz/keertan/sdo/yt_heeraRattan/007 Bhai Mohinder Singh Ji Smagam UK 13 10 1983 -2 (heeraRattan).mp3,ਆਦਿ ਸਚੁ ਜੁਗਾਦਿ ਸਚੁ ॥
1728624925,HeeraRattan,Bhai Mohinder Singh Ji SDO,00:07:03,,,ਪੀਵਹੁ ਪਾਹੁਲ ਖੰਡੇਧਾਰ ਹੋਇ ਜਨਮ ਸੁਹੇਲਾ ।,https://s3.us-east-1.amazonaws.com/keerat.xyz/keertan/sdo/yt_heeraRattan/007 Bhai Mohinder Singh Ji Smagam UK 13 10 1983 -2 (heeraRattan).mp3,
1728625081,HeeraRattan,Bhai Mohinder Singh Ji SDO,00:10:35,40,387,"ਸਤਿਗੁਰ ਬਾਝਹੁ. ਗੁਰੁ ਨਹੀ, ਕੋਈ ਨਿਗੁਰੇ ਕਾ. ਹੈ ਨਾਉ ਬੁਰਾ ॥੧੩॥",https://s3.us-east-1.amazonaws.com/keerat.xyz/keertan/sdo/yt_heeraRattan/007 Bhai Mohinder Singh Ji Smagam UK 13 10 1983 -2 (heeraRattan).mp3,ੴ ਸਤਿਗੁਰ ਪ੍ਰਸਾਦਿ ॥
1728625426,HeeraRattan,Bhai Mohinder Singh Ji SDO,00:10:57,40,387,ਸਤਿਗੁਰ ਮੈ ਸਬਦੁ ਸਬਦ ਮੈ ਸਤਿਗੁਰ ਹੈ ਨਿਰਗੁਨ ਗਿਆਨ ਧਿਆਨ ਸਮਝਾਵੈ ਜੀ ,https://s3.us-east-1.amazonaws.com/keerat.xyz/keertan/sdo/yt_heeraRattan/007 Bhai Mohinder Singh Ji Smagam UK 13 10 1983 -2 (heeraRattan).mp3,ੴ ਸਤਿਗੁਰ ਪ੍ਰਸਾਦਿ ॥
1728625557,HeeraRattan,Bhai Mohinder Singh Ji SDO,00:11:52,,,Sabh sikhan ko hukam hai guru maneyo granth ,https://s3.us-east-1.amazonaws.com/keerat.xyz/keertan/sdo/yt_heeraRattan/007 Bhai Mohinder Singh Ji Smagam UK 13 10 1983 -2 (heeraRattan).mp3,
1728625655,HeeraRattan,Bhai Mohinder Singh Ji SDO,00:12:18,52,575,ਪੋਥੀ ਪਰਮੇਸਰ ਕਾ ਥਾਨੁ ॥,https://s3.us-east-1.amazonaws.com/keerat.xyz/keertan/sdo/yt_heeraRattan/007 Bhai Mohinder Singh Ji Smagam UK 13 10 1983 -2 (heeraRattan).mp3,ਅਬਿਨਾਸੀ ਪੁਰਖੁ ਪਾਇਆ ਪਰਮੇਸਰੁ ਬਹੁ ਸੋਭ ਖੰਡ ਬ੍ਰਹਮੰਡਾ ਹੇ ॥੩॥
1728625721,HeeraRattan,Bhai Mohinder Singh Ji SDO,00:13:47,5,44,ਧੁਨਿ ਮਹਿ ਧਿਆਨੁ. ਧਿਆਨ ਮਹਿ ਜਾਨਿਆ ਗੁਰਮੁਖਿ ਅਕਥ ਕਹਾਨੀ ॥੩॥,https://s3.us-east-1.amazonaws.com/keerat.xyz/keertan/sdo/yt_heeraRattan/007 Bhai Mohinder Singh Ji Smagam UK 13 10 1983 -2 (heeraRattan).mp3,ਗੁਰਮੁਖਿ ਨਾਦੰ ਗੁਰਮੁਖਿ ਵੇਦੰ ਗੁਰਮੁਖਿ ਰਹਿਆ ਸਮਾਈ ॥
1728625901,HeeraRattan,Bhai Mohinder Singh Ji SDO,00:14:12,,,fir baabaa aaiaa karataarapur bhekh udhaasee sagal utaaraa |,https://s3.us-east-1.amazonaws.com/keerat.xyz/keertan/sdo/yt_heeraRattan/007 Bhai Mohinder Singh Ji Smagam UK 13 10 1983 -2 (heeraRattan).mp3,
1728626078,HeeraRattan,Bhai Mohinder Singh Ji SDO,00:17:02,1,1,ਗੁਰ ਮੂਰਤਿ ਕਰਿ ਧਿਆਨ ਸਦਾ ਹਜੂਰ ਹੈ ।,https://s3.us-east-1.amazonaws.com/keerat.xyz/keertan/sdo/yt_heeraRattan/007 Bhai Mohinder Singh Ji Smagam UK 13 10 1983 -2 (heeraRattan).mp3,ੴ ਸਤਿ ਨਾਮੁ ਕਰਤਾ ਪੁਰਖੁ ਨਿਰਭਉ ਨਿਰਵੈਰੁ ਅਕਾਲ ਮੂਰਤਿ ਅਜੂਨੀ ਸੈਭੰ ਗੁਰ ਪ੍ਰਸਾਦਿ ॥
1728671615,HeeraRattan,Bhai Mohinder Singh Ji SDO,00:00:00,55,613,ਅਬ ਮੈ. ਸਹਜਿ ਸਮਾਨੀ ॥,https://s3.us-east-1.amazonaws.com/keerat.xyz/keertan/sdo/yt_heeraRattan/037 Bhai Mohinder Singh Ji SDO Faridabad Smagam 1980 (heeraRattan).mp3,ਪੰਖੀ ਹੋਇ ਕੈ ਜੇ ਭਵਾ ਸੈ ਅਸਮਾਨੀ ਜਾਉ ॥
1728671730,HeeraRattan,Bhai Mohinder Singh Ji SDO,00:04:24,52,576,ਸਹਜ ਕਥਾ ਪ੍ਰਭ ਕੀ ਅਤਿ ਮੀਠੀ ॥,https://s3.us-east-1.amazonaws.com/keerat.xyz/keertan/sdo/yt_heeraRattan/037 Bhai Mohinder Singh Ji SDO Faridabad Smagam 1980 (heeraRattan).mp3,ਹਮ ਗਰੀਬ ਮਸਕੀਨ ਪ੍ਰਭ ਤੇਰੇ ਹਰਿ ਰਾਖੁ ਰਾਖੁ ਵਡ ਵਡਾ ਹੇ ॥
1728671883,HeeraRattan,Bhai Mohinder Singh Ji SDO,00:06:02,65,760,ਨੈਨ ਰਹੇ ਰੰਗੁ ਲਾਈ ॥,https://s3.us-east-1.amazonaws.com/keerat.xyz/keertan/sdo/yt_heeraRattan/037 Bhai Mohinder Singh Ji SDO Faridabad Smagam 1980 (heeraRattan).mp3,ਲਾਲੁ ਗੁਲਾਲੁ ਗਹਬਰਾ ਸਚਾ ਰੰਗੁ ਚੜਾਉ ॥
1728672025,HeeraRattan,Bhai Mohinder Singh Ji SDO,00:07:22,873,11517,ਨਾ ਕੋ ਦੁਸਮਨੁ ਦੋਖੀਆ ਨਾਹੀ ਕੋ ਮੰਦਾ ॥,https://s3.us-east-1.amazonaws.com/keerat.xyz/keertan/sdo/yt_heeraRattan/037 Bhai Mohinder Singh Ji SDO Faridabad Smagam 1980 (heeraRattan).mp3,ਪ੍ਰਭ ਕੈ ਸਿਮਰਨਿ ਦੁਸਮਨੁ ਟਰੈ ॥
1728672188,HeeraRattan,Bhai Mohinder Singh Ji SDO,00:09:09,5,44,ਗੁਰਮੁਖਿ ਅੰਤਰਿ ਸਹਜੁ ਹੈ ਮਨੁ ਚੜਿਆ ਦਸਵੈ ਆਕਾਸਿ ॥,https://s3.us-east-1.amazonaws.com/keerat.xyz/keertan/sdo/yt_heeraRattan/037 Bhai Mohinder Singh Ji SDO Faridabad Smagam 1980 (heeraRattan).mp3,ਗੁਰਮੁਖਿ ਨਾਦੰ ਗੁਰਮੁਖਿ ਵੇਦੰ ਗੁਰਮੁਖਿ ਰਹਿਆ ਸਮਾਈ ॥
1728673166,HeeraRattan,Bhai Mohinder Singh Ji SDO,00:15:43,182,2899,ਮਿਲਿ ਸਖੀਆ ਪੁਛਹਿ ਕਹੁ ਕੰਤ ਨੀਸਾਣੀ ॥,https://s3.us-east-1.amazonaws.com/keerat.xyz/keertan/sdo/yt_heeraRattan/037 Bhai Mohinder Singh Ji SDO Faridabad Smagam 1980 (heeraRattan).mp3,ਦੋਹਾਗਣੀ ਕਿਆ ਨੀਸਾਣੀਆ ॥
1728673484,HeeraRattan,Bhai Mohinder Singh Ji SDO,00:19:16,3093,34884,"bisaman bisam bhe jau pekhio kahanu. na jai, vaddiaaiee ||",https://s3.us-east-1.amazonaws.com/keerat.xyz/keertan/sdo/yt_heeraRattan/037 Bhai Mohinder Singh Ji SDO Faridabad Smagam 1980 (heeraRattan).mp3,ਬਿਸਮਨ ਬਿਸਮ ਭਏ ਜਉ ਪੇਖਿਓ ਕਹਨੁ ਨ ਜਾਇ ਵਡਿਆਈ ॥
1728673773,HeeraRattan,Bhai Mohinder Singh Ji SDO,00:25:42,,,"meenaa jalaheena. meenaa jalaheen he oh bichhurata. man tan kheen he kat jeevanu, pria, bin hot ||",https://s3.us-east-1.amazonaws.com/keerat.xyz/keertan/sdo/yt_heeraRattan/037 Bhai Mohinder Singh Ji SDO Faridabad Smagam 1980 (heeraRattan).mp3,
1728677177,HeeraRattan,Bhai Mohinder Singh Ji SDO,00:27:54,13,91,ਸਬਦੁ ਸੁਰਤਿ ਲਿਵ ਮਿਰਗ ਜਿਉ ਭੀੜ ਪਈ ਚਿਤਿ ਅਵਰੁ ਨ ਆਣੀ ।,https://s3.us-east-1.amazonaws.com/keerat.xyz/keertan/sdo/yt_heeraRattan/037 Bhai Mohinder Singh Ji SDO Faridabad Smagam 1980 (heeraRattan).mp3,ਮੰਨੈ ਸੁਰਤਿ ਹੋਵੈ ਮਨਿ ਬੁਧਿ ॥
1728677265,HeeraRattan,Bhai Mohinder Singh Ji SDO,00:28:39,112,1503,ਜਉ ਤਉ ਪ੍ਰੇਮ ਖੇਲਣ ਕਾ ਚਾਉ ॥,https://s3.us-east-1.amazonaws.com/keerat.xyz/keertan/sdo/yt_heeraRattan/037 Bhai Mohinder Singh Ji SDO Faridabad Smagam 1980 (heeraRattan).mp3,ਗੁਰ ਸਬਦੀ ਮਨੁ ਰੰਗਿਆ ਰਸਨਾ ਪ੍ਰੇਮ ਪਿਆਰਿ ॥
1728677329,HeeraRattan,Bhai Mohinder Singh Ji SDO,00:29:13,54,589,ਪਹਿਲਾ. ਮਰਣੁ ਕਬੂਲਿ ਜੀਵਣ ਕੀ ਛਡਿ ਆਸ ॥,https://s3.us-east-1.amazonaws.com/keerat.xyz/keertan/sdo/yt_heeraRattan/037 Bhai Mohinder Singh Ji SDO Faridabad Smagam 1980 (heeraRattan).mp3,ਰਾਗੁ ਸਿਰੀਰਾਗੁ ਮਹਲਾ ਪਹਿਲਾ ੧ ਘਰੁ ੧ ॥
1728677438,HeeraRattan,Bhai Mohinder Singh Ji SDO,00:29:54,,,muradhaa hoi mureedh so gur gor samaavai |,https://s3.us-east-1.amazonaws.com/keerat.xyz/keertan/sdo/yt_heeraRattan/037 Bhai Mohinder Singh Ji SDO Faridabad Smagam 1980 (heeraRattan).mp3,
1728677521,HeeraRattan,Bhai Mohinder Singh Ji SDO,00:30:47,1352,15375,ਡਗਮਗ ਛਾਡਿ ਰੇ ਮਨ ਬਉਰਾ ॥,https://s3.us-east-1.amazonaws.com/keerat.xyz/keertan/sdo/yt_heeraRattan/037 Bhai Mohinder Singh Ji SDO Faridabad Smagam 1980 (heeraRattan).mp3,ਡਗਮਗ ਛਾਡਿ ਰੇ ਮਨ ਬਉਰਾ ॥
1728677565,HeeraRattan,Bhai Mohinder Singh Ji SDO,00:31:01,78,962,ਮੋਹਿ ਮਛੁਲੀ. ਤੁਮ ਨੀਰ ਤੁਝ ਬਿਨੁ ਕਿਉ ਸਰੈ ॥,https://s3.us-east-1.amazonaws.com/keerat.xyz/keertan/sdo/yt_heeraRattan/037 Bhai Mohinder Singh Ji SDO Faridabad Smagam 1980 (heeraRattan).mp3,ਆਪੇ ਮਾਛੀ ਮਛੁਲੀ ਆਪੇ ਪਾਣੀ ਜਾਲੁ ॥
1728677753,HeeraRattan,Bhai Mohinder Singh Ji SDO,00:33:47,4193,50585,gobi(n)dh jeeau mere man tan naam har beedhe ||,https://s3.us-east-1.amazonaws.com/keerat.xyz/keertan/sdo/yt_heeraRattan/037 Bhai Mohinder Singh Ji SDO Faridabad Smagam 1980 (heeraRattan).mp3,ਗੋਬਿੰਦ ਜੀਉ ਮੇਰੇ ਮਨ ਤਨ ਨਾਮ ਹਰਿ ਬੀਧੇ ॥
1728678008,HeeraRattan,Bhai Mohinder Singh Ji SDO,00:35:49,244,3557,ਫਰੀਦਾ. ਤਨੁ ਸੁਕਾ ਪਿੰਜਰੁ ਥੀਆ ਤਲੀਆਂ ਖੂੰਡਹਿ ਕਾਗ ॥,https://s3.us-east-1.amazonaws.com/keerat.xyz/keertan/sdo/yt_heeraRattan/037 Bhai Mohinder Singh Ji SDO Faridabad Smagam 1980 (heeraRattan).mp3,ਨਾਨਕ ਜਿਸੁ ਪਿੰਜਰ ਮਹਿ ਬਿਰਹਾ ਨਹੀ ਸੋ ਪਿੰਜਰੁ ਲੈ ਜਾਰਿ ॥੧॥
1728678282,HeeraRattan,Bhai Mohinder Singh Ji SDO,00:38:40,3265,37120,ਮੋਹਿ ਲਾਗਤੀ ਤਾਲਾਬੇਲੀ ॥,https://s3.us-east-1.amazonaws.com/keerat.xyz/keertan/sdo/yt_heeraRattan/037 Bhai Mohinder Singh Ji SDO Faridabad Smagam 1980 (heeraRattan).mp3,ਮੋਹਿ ਲਾਗਤੀ ਤਾਲਾਬੇਲੀ ॥
1729022316,SDO_MGA_1,Bhai Mohinder Singh Ji SDO,00:17:59,2883,32567,hau aaiaa. dhoorahu chal kai mai takee. tau saranai jeeau ||,https://s3.us-east-1.amazonaws.com/keerat.xyz/keertan/sdo/yt_mga/095 MGA SDO 1073 M 40 A SIDE.m4a,ਹਉ ਆਇਆ ਦੂਰਹੁ ਚਲਿ ਕੈ ਮੈ ਤਕੀ ਤਉ ਸਰਣਾਇ ਜੀਉ ॥
1729022697,SDO_MGA_1,Bhai Mohinder Singh Ji SDO,00:30:23,112,1503,ਜਉ ਤਉ ਪ੍ਰੇਮ ਖੇਲਣ ਕਾ ਚਾਉ ॥,https://s3.us-east-1.amazonaws.com/keerat.xyz/keertan/sdo/yt_mga/095 MGA SDO 1073 M 40 A SIDE.m4a,ਗੁਰ ਸਬਦੀ ਮਨੁ ਰੰਗਿਆ ਰਸਨਾ ਪ੍ਰੇਮ ਪਿਆਰਿ ॥
1729022894,SDO_MGA_1,Bhai Mohinder Singh Ji SDO,00:31:06,1352,15375,ਡਗਮਗ ਛਾਡਿ ਰੇ ਮਨ ਬਉਰਾ ॥,https://s3.us-east-1.amazonaws.com/keerat.xyz/keertan/sdo/yt_mga/095 MGA SDO 1073 M 40 A SIDE.m4a,ਡਗਮਗ ਛਾਡਿ ਰੇ ਮਨ ਬਉਰਾ ॥
1729022963,SDO_MGA_1,Bhai Mohinder Singh Ji SDO,00:32:45,61,708,"ਜੋ ਗੁਰਿ ਦੀਆ ਸੁ. ਮਨ ਕੈ ਕਾਮਿ ॥ jo gur dheeaa su. man kai kaam || Whatever the Guru gives, is useful to the mind. ਸੰਤ ਕਾ ਕੀਆ ਸਤਿ ਕਰਿ ਮਾਨਿ ॥੧॥ ਰਹਾਉ ॥ sa(n)t kaa keeaa sat kar maan ||1|| rahaau || Whatever the Saint does - accept that as True. ||1||Pause||",https://s3.us-east-1.amazonaws.com/keerat.xyz/keertan/sdo/yt_mga/095 MGA SDO 1073 M 40 A SIDE.m4a,ਜਿਨ ਕਉ ਸਤਿਗੁਰਿ ਥਾਪਿਆ ਤਿਨ ਮੇਟਿ ਨ ਸਕੈ ਕੋਇ ॥
1729023137,SDO_MGA_1,Bhai Mohinder Singh Ji SDO,00:34:24,,,"raajaa raama. too(n) aaisaa nirabhau taran taarana, raam raiaa ||1|| rahaau ||",https://s3.us-east-1.amazonaws.com/keerat.xyz/keertan/sdo/yt_mga/095 MGA SDO 1073 M 40 A SIDE.m4a,
1729023373,SDO_MGA_1,Bhai Mohinder Singh Ji SDO,00:38:39,657,8977,ਮਨ ਕੀ ਮਤਿ ਤਿਆਗਹੁ. ਹਰਿ ਜਨ ਹੁਕਮੁ ਬੂਝਿ. ਸੁਖੁ ਪਾਈਐ ਰੇ ॥,https://s3.us-east-1.amazonaws.com/keerat.xyz/keertan/sdo/yt_mga/095 MGA SDO 1073 M 40 A SIDE.m4a,ਮਨ ਕੀ ਮਤਿ ਤਿਆਗਹੁ ਹਰਿ ਜਨ ਹੁਕਮੁ ਬੂਝਿ ਸੁਖੁ ਪਾਈਐ ਰੇ ॥
1729023445,SDO_MGA_1,Bhai Mohinder Singh Ji SDO,00:40:56,,,"muradhe vaa(n)g mureedh hoi, kar sidhak sabooree |",https://s3.us-east-1.amazonaws.com/keerat.xyz/keertan/sdo/yt_mga/095 MGA SDO 1073 M 40 A SIDE.m4a,
1729023510,SDO_MGA_1,Bhai Mohinder Singh Ji SDO,00:41:22,,,Dhan p3,https://s3.us-east-1.amazonaws.com/keerat.xyz/keertan/sdo/yt_mga/095 MGA SDO 1073 M 40 A SIDE.m4a,
1729023578,SDO_MGA_1,Bhai Mohinder Singh Ji SDO,00:43:08,,,pahilaa. maran kabool jeevan kee chhadd aas ||,https://s3.us-east-1.amazonaws.com/keerat.xyz/keertan/sdo/yt_mga/095 MGA SDO 1073 M 40 A SIDE.m4a,
1729023627,SDO_MGA_1,Bhai Mohinder Singh Ji SDO,00:43:45,40642,205225,"gur sikhee dhee, eh neesaanee |13|",https://s3.us-east-1.amazonaws.com/keerat.xyz/keertan/sdo/yt_mga/095 MGA SDO 1073 M 40 A SIDE.m4a,ਗੁਰੁ ਸਿਖੀ ਦੀ ਏਹ ਨੀਸਾਣੀ ॥੧੩॥
1729023673,SDO_MGA_1,Bhai Mohinder Singh Ji SDO,00:00:00,,,pahilaa. maran kabool jeevan kee chhadd aas ||,https://s3.us-east-1.amazonaws.com/keerat.xyz/keertan/sdo/yt_mga/096 MGA SDO 1073 M 40 B SIDE.m4a,
1729023691,SDO_MGA_1,Bhai Mohinder Singh Ji SDO,00:00:15,40642,205225,"gur sikhee dhee, eh neesaanee |13|",https://s3.us-east-1.amazonaws.com/keerat.xyz/keertan/sdo/yt_mga/096 MGA SDO 1073 M 40 B SIDE.m4a,ਗੁਰੁ ਸਿਖੀ ਦੀ ਏਹ ਨੀਸਾਣੀ ॥੧੩॥
1729023759,SDO_MGA_1,Bhai Mohinder Singh Ji SDO,00:03:49,,,"muradhe vaa(n)g mureedh hoi, kar sidhak sabooree |",https://s3.us-east-1.amazonaws.com/keerat.xyz/keertan/sdo/yt_mga/096 MGA SDO 1073 M 40 B SIDE.m4a,
1729039242,SDO_MGA_1,Bhai Mohinder Singh Ji SDO,00:05:37,112,1503,"ਜਉ ਤਉ ਪ੍ਰੇਮ ਖੇਲਣ ਕਾ ਚਾਉ ॥ jau tau prem khelan kaa chaau || If you desire to play this game of love with Me, ਸਿਰੁ ਧਰਿ ਤਲੀ ਗਲੀ ਮੇਰੀ ਆਉ ॥ sir dhar talee galee meree aau || then step onto My Path with your head in hand. ਇਤੁ ਮਾਰਗਿ ਪੈਰੁ ਧਰੀਜੈ ॥ eit maarag pair dhareejai || When you place your feet on this Path, ਸਿਰੁ ਦੀਜੈ ਕਾਣਿ. ਨ ਕੀਜੈ ॥੨੦॥ sir dheejai kaani. na keejai ||20|| give Me your head, and do not pay any attention to public opinion. ||20||",https://s3.us-east-1.amazonaws.com/keerat.xyz/keertan/sdo/yt_mga/096 MGA SDO 1073 M 40 B SIDE.m4a,ਗੁਰ ਸਬਦੀ ਮਨੁ ਰੰਗਿਆ ਰਸਨਾ ਪ੍ਰੇਮ ਪਿਆਰਿ ॥
1729039267,SDO_MGA_1,Bhai Mohinder Singh Ji SDO,00:06:30,2883,32569,eit maarag chale bhaieeaRe gur kahai. su kaar kamai jeeau ||,https://s3.us-east-1.amazonaws.com/keerat.xyz/keertan/sdo/yt_mga/096 MGA SDO 1073 M 40 B SIDE.m4a,ਇਤੁ ਮਾਰਗਿ ਚਲੇ ਭਾਈਅੜੇ ਗੁਰੁ ਕਹੈ ਸੁ ਕਾਰ ਕਮਾਇ ਜੀਉ ॥
1729039409,SDO_MGA_1,Bhai Mohinder Singh Ji SDO,00:09:14,1648,19992,"ਸਾਜਨ ਮੇਰੇ ਪ੍ਰੀਤਮਹੁ ਤੁਮ ਸਹ ਕੀ ਭਗਤਿ ਕਰੇਹੋ ॥ saajan mere preetamahu tum seh kee bhagat kareho || O my beloved friend, dedicate yourself to the devotional worship of your Husband Lord. ਗੁਰੁ ਸੇਵਹੁ ਸਦਾ ਆਪਣਾ ਨਾਮੁ ਪਦਾਰਥੁ ਲੇਹੋ ॥ gur sevahu sadhaa aapanaa naam padhaarath leho || Serve your Guru constantly, and obtain the wealth of the Naam. ਭਗਤਿ ਕਰਹੁ ਤੁਮ. ਸਹੈ ਕੇਰੀ ਜੋ ਸਹ ਪਿਆਰੇ ਭਾਵਏ ॥ bhagat karahu tuma. sahai keree jo seh piaare bhaave || Dedicate yourself to the worship of your Husband Lord; this is pleasing to your Beloved Husband. ਆਪਣਾ ਭਾਣਾ. ਤੁਮ ਕਰਹੁ ਤਾ ਫਿਰਿ ਸਹ ਖੁਸੀ. ਨ ਆਵਏ ॥ aapanaa bhaanaa. tum karahu taa fir seh khusee. na aave || If you walk in accordance with your own will, then your Husband Lord will not be pleased with you. ਭਗਤਿ ਭਾਵ ਇਹੁ ਮਾਰਗੁ ਬਿਖੜਾ ਗੁਰ ਦੁਆਰੈ ਕੋ ਪਾਵਏ ॥ bhagat bhaav ih maarag bikhaRaa gur dhuaarai ko paave || This path of loving devotional worship is very difficult; how rare are those who find it, through the Gurdwara, the Guru's Gate. ਕਹੈ ਨਾਨਕੁ. ਜਿਸੁ ਕਰੇ ਕਿਰਪਾ ਸੋ ਹਰਿ ਭਗਤੀ ਚਿਤੁ ਲਾਵਏ ॥੧॥ kahai naanaku. jis kare kirapaa so har bhagatee chit laave ||1|| Says Nanak, that one, upon whom the Lord casts His Glance of Grace, links his consciousness to the worship of the Lord. ||1||",https://s3.us-east-1.amazonaws.com/keerat.xyz/keertan/sdo/yt_mga/096 MGA SDO 1073 M 40 B SIDE.m4a,ਸਾਜਨ ਮੇਰੇ ਪ੍ਰੀਤਮਹੁ ਤੁਮ ਸਹ ਕੀ ਭਗਤਿ ਕਰੇਹੋ ॥
1729089662,SDO_MGA_1,Bhai Mohinder Singh Ji SDO,00:19:54,,,hukamee ba(n)dhaa hoi kai saahib dhe hukamai vich rahanaa |,https://s3.us-east-1.amazonaws.com/keerat.xyz/keertan/sdo/yt_mga/096 MGA SDO 1073 M 40 B SIDE.m4a,
1729089888,SDO_MGA_1,Bhai Mohinder Singh Ji SDO,00:22:44,,,gur sikh nak nakel miTai a(n)dhesiaa |,https://s3.us-east-1.amazonaws.com/keerat.xyz/keertan/sdo/yt_mga/096 MGA SDO 1073 M 40 B SIDE.m4a,
1729118524,HeeraRattan,Bhai Mohinder Singh Ji SDO,01:37:15,551,7828,peeuoo dhaadhe kaa khol ddiThaa khajaanaa ||,https://s3.us-east-1.amazonaws.com/keerat.xyz/keertan/sdo/yt_heeraRattan/006 Bhai Mohinder Singh Ji SDO Bebe Nanaki Birmingham 10 10 1983 -1 (heeraRattan).mp3,ਪੀਊ ਦਾਦੇ ਕਾ ਖੋਲਿ ਡਿਠਾ ਖਜਾਨਾ ॥
1729118604,HeeraRattan,Bhai Mohinder Singh Ji SDO,01:37:59,2351,26858,ਹਿਰਦੈ ਨਾਮੁ ਵਸਾਇਹੁ ॥,https://s3.us-east-1.amazonaws.com/keerat.xyz/keertan/sdo/yt_heeraRattan/006 Bhai Mohinder Singh Ji SDO Bebe Nanaki Birmingham 10 10 1983 -1 (heeraRattan).mp3,ਹਿਰਦੈ ਨਾਮੁ ਵਸਾਇਹੁ ॥
1729118695,HeeraRattan,Bhai Mohinder Singh Ji SDO,01:38:37,2371,27157,har naam ridhai paroiaa ||,https://s3.us-east-1.amazonaws.com/keerat.xyz/keertan/sdo/yt_heeraRattan/006 Bhai Mohinder Singh Ji SDO Bebe Nanaki Birmingham 10 10 1983 -1 (heeraRattan).mp3,ਹਰਿ ਨਾਮੁ ਰਿਦੈ ਪਰੋਇਆ ॥
1729118785,HeeraRattan,Bhai Mohinder Singh Ji SDO,01:39:57,3093,34882,satigur sabadhi. ujaaro dheepaa ||,https://s3.us-east-1.amazonaws.com/keerat.xyz/keertan/sdo/yt_heeraRattan/006 Bhai Mohinder Singh Ji SDO Bebe Nanaki Birmingham 10 10 1983 -1 (heeraRattan).mp3,ਸਤਿਗੁਰ ਸਬਦਿ ਉਜਾਰੋ ਦੀਪਾ ॥
1729119202,HeeraRattan,Bhai Mohinder Singh Ji SDO,01:45:26,1564,18443,ਕੀਰਤਨੁ ਨਿਰਮੋਲਕ ਹੀਰਾ ॥,https://s3.us-east-1.amazonaws.com/keerat.xyz/keertan/sdo/yt_heeraRattan/006 Bhai Mohinder Singh Ji SDO Bebe Nanaki Birmingham 10 10 1983 -1 (heeraRattan).mp3,ਸਿਮਰਤ ਨਾਮੁ ਨਿਧਾਨੁ ਨਿਰਮੋਲਕੁ ਮਨੁ ਮਾਣਕੁ ਪਤੀਆਨਾ ਰੇ ॥੩॥੧॥੧੩੦॥
1729119694,HeeraRattan,Bhai Mohinder Singh Ji SDO,01:52:11,4021,47881,sa(n)tahu banajiaa. naam gobidh kaa aaisee khep hamaaree ||1||,https://s3.us-east-1.amazonaws.com/keerat.xyz/keertan/sdo/yt_heeraRattan/006 Bhai Mohinder Singh Ji SDO Bebe Nanaki Birmingham 10 10 1983 -1 (heeraRattan).mp3,ਸੰਤਹੁ ਬਨਜਿਆ ਨਾਮੁ ਗੋਬਿਦ ਕਾ ਐਸੀ ਖੇਪ ਹਮਾਰੀ ॥੧॥
1729120127,HeeraRattan,Bhai Mohinder Singh Ji SDO,01:59:02,,,saath na chaalai. bin bhajan bikhiaa sagalee chhaar ||,https://s3.us-east-1.amazonaws.com/keerat.xyz/keertan/sdo/yt_heeraRattan/006 Bhai Mohinder Singh Ji SDO Bebe Nanaki Birmingham 10 10 1983 -1 (heeraRattan).mp3,
1729120240,HeeraRattan,Bhai Mohinder Singh Ji SDO,02:01:23,2176,25013,sachaa saudhaa har naam hai sachaa vaapaaraa raam ||,https://s3.us-east-1.amazonaws.com/keerat.xyz/keertan/sdo/yt_heeraRattan/006 Bhai Mohinder Singh Ji SDO Bebe Nanaki Birmingham 10 10 1983 -1 (heeraRattan).mp3,ਸਚਾ ਸਉਦਾ ਹਰਿ ਨਾਮੁ ਹੈ ਸਚਾ ਵਾਪਾਰਾ ਰਾਮ ॥
1729181263,SDO_MGA_1,Bhai Mohinder Singh Ji SDO,00:24:33,,,SDO katha nikel camel hukam,https://s3.us-east-1.amazonaws.com/keerat.xyz/keertan/sdo/yt_mga/096 MGA SDO 1073 M 40 B SIDE.m4a,
1729181306,SDO_MGA_1,Bhai Mohinder Singh Ji SDO,00:25:07,2883,32570,tiaage(n) man kee mataRee visaare(n) dhoojaa bhaau jeeau ||,https://s3.us-east-1.amazonaws.com/keerat.xyz/keertan/sdo/yt_mga/096 MGA SDO 1073 M 40 B SIDE.m4a,ਤਿਆਗੇਂ ਮਨ ਕੀ ਮਤੜੀ ਵਿਸਾਰੇਂ ਦੂਜਾ ਭਾਉ ਜੀਉ ॥
1729181365,SDO_MGA_1,Bhai Mohinder Singh Ji SDO,00:25:44,311,4279,"prabh milanai kee, eh neesaanee ||",https://s3.us-east-1.amazonaws.com/keerat.xyz/keertan/sdo/yt_mga/096 MGA SDO 1073 M 40 B SIDE.m4a,ਪ੍ਰਭ ਮਿਲਣੈ ਕੀ ਏਹ ਨੀਸਾਣੀ ॥
1729550794,SDO_MGA_1,Bhai Mohinder Singh Ji SDO,00:33:48,1648,19995,aapanaa bhaanaa. tum karahu taa fir seh khusee. na aave ||,https://s3.us-east-1.amazonaws.com/keerat.xyz/keertan/sdo/yt_mga/096 MGA SDO 1073 M 40 B SIDE.m4a,ਆਪਣਾ ਭਾਣਾ ਤੁਮ ਕਰਹੁ ਤਾ ਫਿਰਿ ਸਹ ਖੁਸੀ ਨ ਆਵਏ ॥
1729551014,SDO_MGA_1,Bhai Mohinder Singh Ji SDO,00:39:50,2838,31812,se sa(n)jog karahu mere piaare ||,https://s3.us-east-1.amazonaws.com/keerat.xyz/keertan/sdo/yt_mga/096 MGA SDO 1073 M 40 B SIDE.m4a,ਸੇ ਸੰਜੋਗ ਕਰਹੁ ਮੇਰੇ ਪਿਆਰੇ ॥
1729551165,SDO_MGA_1,Bhai Mohinder Singh Ji SDO,00:40:44,,,amalee rachan amaleeaa sofee sofee mel kara(n)dhe |,https://s3.us-east-1.amazonaws.com/keerat.xyz/keertan/sdo/yt_mga/096 MGA SDO 1073 M 40 B SIDE.m4a,
1729551311,SDO_MGA_1,Bhai Mohinder Singh Ji SDO,00:00:00,524,7330,apane prabh siau hoh saavadhaan ||,https://s3.us-east-1.amazonaws.com/keerat.xyz/keertan/sdo/yt_mga/097 MGA SDO 1074 M 43 A SIDE.m4a,ਅਪਨੇ ਪ੍ਰਭ ਸਿਉ ਹੋਹੁ ਸਾਵਧਾਨੁ ॥
1731375862,ikirtan_SDO,Bhai Mohinder Singh Ji SDO,00:00:00,,,Dhan p1 dgn,https://www.ikirtan.com//Bhai_Mohinder_Singh_Jee_SDO/Bhaaee Mohinder Singh (Sabh dhan kaho gur satguroo).mp3,
1731622077,random,Bhai Mohinder Singh Ji SDO,00:00:00,48,524,"ਸੰਤਹੁ ਮਨ ਪਵਨੈ ਸੁਖੁ ਬਨਿਆ ॥ sa(n)tahu man pavanai sukh baniaa || O Saints, my windy mind has now become peaceful and still. ਕਿਛੁ ਜੋਗੁ ਪਰਾਪਤਿ ਗਨਿਆ ॥ ਰਹਾਉ ॥ kichh jog paraapat ganiaa || rahaau || It seems that I have learned something of the science of Yoga. ||Pause||",https://sikhsoul.com/golden_khajana_files/mp3/Keertan/Bhai Mohinder Singh SDO/Maerae Man Saev Safal Har Ghaal.mp3,ਭਈ ਪਰਾਪਤਿ ਮਾਨੁਖ ਦੇਹੁਰੀਆ ॥
1732387014,random,Bhai Mohinder Singh Ji SDO,00:05:50,2514,28416,naadh samailo re satigur bheTile dhevaa ||1|| rahaau ||,https://s3.us-east-1.amazonaws.com/keerat.xyz/keertan/sdo/yt_karKeertan/056 Bhai Mohinder Singh SDO Early 60s ਅਲਹ ਰਾਮ ਜੀਵਉ ਤੇਰੇ ਨਾਈ ਅਲਹ ਰਾਮ ਜੀਵਉ ਤੇਰੇ ਨਾਈ (karKeertan).mp3,ਨਾਦਿ ਸਮਾਇਲੋ ਰੇ ਸਤਿਗੁਰੁ ਭੇਟਿਲੇ ਦੇਵਾ ॥੧॥ ਰਹਾਉ ॥
1732556420,SDO_MGA_1,Bhai Mohinder Singh Ji SDO,00:01:55,5288,58712,fareedhaa. raat kathooree va(n)ddeeaai sutiaa milai. na bhaau ||,https://s3.us-east-1.amazonaws.com/keerat.xyz/keertan/sdo/yt_mga/097 MGA SDO 1074 M 43 A SIDE.m4a,ਫਰੀਦਾ ਰਾਤਿ ਕਥੂਰੀ ਵੰਡੀਐ ਸੁਤਿਆ ਮਿਲੈ ਨ ਭਾਉ ॥
1732556500,SDO_MGA_1,Bhai Mohinder Singh Ji SDO,00:03:39,5096,58298,kabeera. sootaa kiaa kareh uTh ki. na japeh muraar ||,https://s3.us-east-1.amazonaws.com/keerat.xyz/keertan/sdo/yt_mga/097 MGA SDO 1074 M 43 A SIDE.m4a,ਕਬੀਰ ਸੂਤਾ ਕਿਆ ਕਰਹਿ ਉਠਿ ਕਿ ਨ ਜਪਹਿ ਮੁਰਾਰਿ ॥
1732556560,SDO_MGA_1,Bhai Mohinder Singh Ji SDO,00:05:09,5097,58300,kabeera. sootaa kiaa kareh baiThaa rahu ar jaag ||,https://s3.us-east-1.amazonaws.com/keerat.xyz/keertan/sdo/yt_mga/097 MGA SDO 1074 M 43 A SIDE.m4a,ਕਬੀਰ ਸੂਤਾ ਕਿਆ ਕਰਹਿ ਬੈਠਾ ਰਹੁ ਅਰੁ ਜਾਗੁ ॥
1732556609,SDO_MGA_1,Bhai Mohinder Singh Ji SDO,00:06:49,5095,58296,kabeera. sootaa kiaa kareh jaagu. roi bhai dhukh ||,https://s3.us-east-1.amazonaws.com/keerat.xyz/keertan/sdo/yt_mga/097 MGA SDO 1074 M 43 A SIDE.m4a,ਕਬੀਰ ਸੂਤਾ ਕਿਆ ਕਰਹਿ ਜਾਗੁ ਰੋਇ ਭੈ ਦੁਖ ॥
1732556775,SDO_MGA_1,Bhai Mohinder Singh Ji SDO,00:08:25,40666,205413,ਗੁਰਸਿਖ ਜੋਗੀ ਜਾਗਦੇ ਮਾਇਆ ਅੰਦਰਿ ਕਰਨਿ ਉਦਾਸੀ । gursikh jogee jaagadhe maiaa a(n)dhar karan udhaasee | Yogi Sikhs of the Guru are ever awake and remain detached amidst maya. ਕੰਨੀਂ ਮੁੰਦਰਾਂ ਮੰਤ੍ਰ ਗੁਰ ਸੰਤਾਂ ਧੂੜਿ ਬਿਭੂਤ ਸੁ ਲਾਸੀ । ka(n)nee(n) mu(n)dharaa(n) ma(n)tr gur sa(n)taa(n) dhooR bibhoot su laasee | Gurumantr for them is the earring and the dust of the feet of saints is ashes for them.,https://s3.us-east-1.amazonaws.com/keerat.xyz/keertan/sdo/yt_mga/097 MGA SDO 1074 M 43 A SIDE.m4a,ਕੰਨੀ ਮੁੰਦਰਾਂ ਮੰਤ੍ਰ ਗੁਰ ਸੰਤਾਂ ਧੂੜਿ ਬਿਭੂਤ ਸੁ ਲਾਸੀ।
1732556841,SDO_MGA_1,Bhai Mohinder Singh Ji SDO,00:09:50,145,2037,Night late rsk shabad. ਆਏ ਸੰਤ ਪਰਾਹੁਣੇ ਕੀਰਤਨੁ ਹੋਆ ਰੈਣਿ ਸਬਾਈ ।,https://s3.us-east-1.amazonaws.com/keerat.xyz/keertan/sdo/yt_mga/097 MGA SDO 1074 M 43 A SIDE.m4a,ਜੈਸੇ ਰੈਣਿ ਪਰਾਹੁਣੇ ਉਠਿ ਚਲਸਹਿ ਪਰਭਾਤਿ ॥
1732556922,SDO_MGA_1,Bhai Mohinder Singh Ji SDO,00:10:32,5,44,"ਗੁਰਮੁਖਿ ਜਾਗਿ ਰਹੇ ਦਿਨ ਰਾਤੀ ॥ gurmukh jaag rahe dhin raatee || The Gurmukhs remain awake and aware, day and night. ਸਾਚੇ ਕੀ ਲਿਵ ਗੁਰਮਤਿ ਜਾਤੀ ॥ saache kee liv gurmat jaatee || Following the Guru's Teachings, they know the Love of the True Lord. ਮਨਮੁਖ ਸੋਇ ਰਹੇ ਸੇ ਲੂਟੇ ਗੁਰਮੁਖਿ ਸਾਬਤੁ ਭਾਈ ਹੇ ॥੪॥ manmukh soi rahe se looTe gurmukh saabat bhaiee he ||4|| The self-willed manmukhs remain asleep, and are plundered. The Gurmukhs remain safe and sound, O Siblings of Destiny. ||4||",https://s3.us-east-1.amazonaws.com/keerat.xyz/keertan/sdo/yt_mga/097 MGA SDO 1074 M 43 A SIDE.m4a,ਗੁਰਮੁਖਿ ਨਾਦੰ ਗੁਰਮੁਖਿ ਵੇਦੰ ਗੁਰਮੁਖਿ ਰਹਿਆ ਸਮਾਈ ॥
1732556966,SDO_MGA_1,Bhai Mohinder Singh Ji SDO,00:11:53,524,7324,Back to main shabad ਕਰਮ ਭੂਮਿ ਮਹਿ ਬੋਅਹੁ ਨਾਮੁ ॥,https://s3.us-east-1.amazonaws.com/keerat.xyz/keertan/sdo/yt_mga/097 MGA SDO 1074 M 43 A SIDE.m4a,ਕਰਮ ਭੂਮਿ ਮਹਿ ਬੋਅਹੁ ਨਾਮੁ ॥
1733167521,SDO_MGA_1,Bhai Mohinder Singh Ji SDO,00:13:04,,,jaanahu dharatee dharam kee sachee dharamasaalaa |,https://s3.us-east-1.amazonaws.com/keerat.xyz/keertan/sdo/yt_mga/097 MGA SDO 1074 M 43 A SIDE.m4a,
1733167650,SDO_MGA_1,Bhai Mohinder Singh Ji SDO,00:14:36,1,3,"ਆਦਿ ਸਚੁ ਜੁਗਾਦਿ ਸਚੁ ॥ aadh sach jugaadh sach || True In The Primal Beginning. True Throughout The Ages. ਹੈ ਭੀ ਸਚੁ ਨਾਨਕ. ਹੋਸੀ ਭੀ ਸਚੁ ॥੧॥ hai bhee sach naanaka. hosee bhee sach ||1|| True Here And Now. O Nanak, Forever And Ever True. ||1||",https://s3.us-east-1.amazonaws.com/keerat.xyz/keertan/sdo/yt_mga/097 MGA SDO 1074 M 43 A SIDE.m4a,ਆਦਿ ਸਚੁ ਜੁਗਾਦਿ ਸਚੁ ॥
1733168339,SDO_MGA_1,Bhai Mohinder Singh Ji SDO,00:25:34,1395,16249,eiau kiau ka(n)t piaaree hovaa ||,https://s3.us-east-1.amazonaws.com/keerat.xyz/keertan/sdo/yt_mga/097 MGA SDO 1074 M 43 A SIDE.m4a,ਇਉ ਕਿਉ ਕੰਤ ਪਿਆਰੀ ਹੋਵਾ ॥
1733169411,SDO_MGA_1,Bhai Mohinder Singh Ji SDO,00:34:28,638,8785,"ਲਾਇ ਬਿਰਹੁ ਭਗਵੰਤ ਸੰਗੇ ਹੋਇ ਮਿਲੁ ਬੈਰਾਗਨਿ ਰਾਮ ॥ lai birahu bhagava(n)t sa(n)ge hoi mil bairaagan raam || Embrace love for the Lord God, and in detachment, unite with Him. ਚੰਦਨ ਚੀਰ ਸੁਗੰਧ ਰਸਾ ਹਉਮੈ ਬਿਖੁ ਤਿਆਗਨਿ ਰਾਮ ॥ cha(n)dhan cheer suga(n)dh rasaa haumai bikh tiaagan raam || Give up your sandalwood oil, expensive clothes, perfumes, tasty flavors and the poison of egotism. ਈਤ ਊਤ. ਨਹ ਡੋਲੀਐ ਹਰਿ ਸੇਵਾ ਜਾਗਨਿ ਰਾਮ ॥ e'eet uoota. neh ddoleeaai har sevaa jaagan raam || Do not waver this way or that, but remain wakeful in the service of the Lord. ਨਾਨਕ ਜਿਨਿ ਪ੍ਰਭੁ ਪਾਇਆ ਆਪਣਾ ਸਾ ਅਟਲ ਸੁਹਾਗਨਿ ਰਾਮ ॥੪॥੧॥੪॥ naanak jin prabh paiaa aapanaa saa aTal suhaagan raam ||4||1||4|| O Nanak, she who has obtained her God, is a happy soul-bride forever. ||4||1||4||",https://s3.us-east-1.amazonaws.com/keerat.xyz/keertan/sdo/yt_mga/097 MGA SDO 1074 M 43 A SIDE.m4a,ਖੋਜਤ ਖੋਜਤ ਭਈ ਬੈਰਾਗਨਿ ਪ੍ਰਭ ਦਰਸਨ ਕਉ ਹਉ ਫਿਰਤ ਤਿਸਾਈ ॥੩॥
1733281605,SDO_MGA_1,Bhai Mohinder Singh Ji SDO,00:21:08,640,8795,nikas re pa(n)khee simar har paa(n)kh ||,https://s3.us-east-1.amazonaws.com/keerat.xyz/keertan/sdo/yt_lalli_pl/003) Bhai Mohinder Singh Ji SDO asa ki var.mp3,ਨਿਕਸੁ ਰੇ ਪੰਖੀ ਸਿਮਰਿ ਹਰਿ ਪਾਂਖ ॥
1733530966,random,Bhai Mohinder Singh Ji SDO,00:05:37,,,Dhan p9. Dhan sri guru tegbhadur,https://s3.us-east-1.amazonaws.com/keerat.xyz/keertan/sdo/yt_mga/726 MGA SDO 1688 Ram Naam Live lagi 11 1964 JL Old Spool KS 93.m4a,
1734578529,SDO_MGA_1,Bhai Mohinder Singh Ji SDO,00:38:19,5288,58712,fareedhaa. raat kathooree va(n)ddeeaai sutiaa milai. na bhaau ||,https://s3.us-east-1.amazonaws.com/keerat.xyz/keertan/sdo/yt_mga/097 MGA SDO 1074 M 43 A SIDE.m4a,ਫਰੀਦਾ ਰਾਤਿ ਕਥੂਰੀ ਵੰਡੀਐ ਸੁਤਿਆ ਮਿਲੈ ਨ ਭਾਉ ॥
1734578675,SDO_MGA_1,Bhai Mohinder Singh Ji SDO,00:42:26,2382,27282,apane kaaj kau. kiau alakaieeaai ||,https://s3.us-east-1.amazonaws.com/keerat.xyz/keertan/sdo/yt_mga/097 MGA SDO 1074 M 43 A SIDE.m4a,ਅਪਨੇ ਕਾਜ ਕਉ ਕਿਉ ਅਲਕਾਈਐ ॥
1734578793,SDO_MGA_1,Bhai Mohinder Singh Ji SDO,00:04:04,4082,48613,jo jo dheesai so so rogee ||,https://s3.us-east-1.amazonaws.com/keerat.xyz/keertan/sdo/yt_mga/098 MGA SDO 1075 M 44 A SIDE GURU LINE IN TRACK 01.m4a,ਜੋ ਜੋ ਦੀਸੈ ਸੋ ਸੋ ਰੋਗੀ ॥
1734752196,random,Bhai Tejinderpal Singh Ji Dulla,00:00:00,3506,40829,a(n)tar tirasanaa mar giee har gun gaaveetaa ||,https://s3.us-east-1.amazonaws.com/keerat.xyz/keertan/dulla_ji/sc/scottishsikhs/Anthar Thrisunaa Mar Gee Har Gun Gaaveethaa (Dulla Ji).mp3,ਅੰਤਰਿ ਤ੍ਰਿਸਨਾ ਮਰਿ ਗਈ ਹਰਿ ਗੁਣ ਗਾਵੀਤਾ ॥
1734753959,random,Bhai Mohinder Singh Ji SDO,00:03:02,1438,16860,dhurajan maare vairee sa(n)ghaare satiguri. mo kau har naam dhivaiaa ||1|| rahaau ||,https://s3.us-east-1.amazonaws.com/keerat.xyz/keertan/sdo/yt_mga/397 MGA SDO 1362 111 B 1 Sunho loka Mai Prem Ras Pyiea.m4a,ਦੁਰਜਨ ਮਾਰੇ ਵੈਰੀ ਸੰਘਾਰੇ ਸਤਿਗੁਰਿ ਮੋ ਕਉ ਹਰਿ ਨਾਮੁ ਦਿਵਾਇਆ ॥੧॥ ਰਹਾਉ ॥
1736180784,random,Bhai Mohinder Singh Ji SDO,00:01:27,169,2561,"ਹਉ ਵਾਰੀ ਵੰਞਾ ਘੋਲੀ ਵੰਞਾ ਤੂ ਪਰਬਤੁ ਮੇਰਾ ਓਲੑਾ ਰਾਮ ॥ hau vaaree va(n)n(j)aa gholee va(n)n(j)aa too parabat meraa ol(h)aa raam || I am a sacrifice, devoted and dedicated to You; You are my sheltering mountain, Lord. ਹਉ ਬਲਿ ਜਾਈ. ਲਖ ਲਖ ਲਖ ਬਰੀਆ ਜਿਨਿ. ਭ੍ਰਮੁ ਪਰਦਾ ਖੋਲੑਾ ਰਾਮ ॥ hau bal jaiee. lakh lakh lakh bareeaa jini. bhram paradhaa khol(h)aa raam || I am a sacrifice, thousands, hundreds of thousands of times, to the Lord. He has torn away the veil of doubt;",https://s3.us-east-1.amazonaws.com/keerat.xyz/keertan/sdo/yt_mga/150 MGA SDO 1115 8 A.m4a,ਊਚਉ ਪਰਬਤੁ ਗਾਖੜੋ ਨਾ ਪਉੜੀ ਤਿਤੁ ਤਾਸੁ ॥
1736634335,HeeraRattan,Bhai Mohinder Singh Ji SDO,02:03:16,,,SDO katha rehtnama ਧਰੇ ਕੇਸ ਪੁਹਲ ਬਿਨ ,https://s3.us-east-1.amazonaws.com/keerat.xyz/keertan/sdo/yt_heeraRattan/006 Bhai Mohinder Singh Ji SDO Bebe Nanaki Birmingham 10 10 1983 -1 (heeraRattan).mp3,
1741109538,random,Bhai Mohinder Singh Ji SDO,00:39:28,2514,28416,naadh samailo re satigur bheTile dhevaa ||1|| rahaau ||,https://s3.us-east-1.amazonaws.com/keerat.xyz/keertan/sdo/yt_heeraRattan/071 Bhai Mohinder Singh Ji SDO ਮੇਰੇ ਮਨ ਗੁਰਮੁਖਿ ਨਾਮੁ ਹਰਿ ਧਿਆਇ 1972 (heeraRattan).mp3,ਨਾਦਿ ਸਮਾਇਲੋ ਰੇ ਸਤਿਗੁਰੁ ਭੇਟਿਲੇ ਦੇਵਾ ॥੧॥ ਰਹਾਉ ॥
1741109983,HeeraRattan,Bhai Mohinder Singh Ji SDO,02:08:53,330,4671,"ਹਰਿ ਕਾ ਨਾਮੁ ਨ ਜਪਸਿ ਗਵਾਰਾ ॥ har kaa naam na japas gavaaraa || The fool does not chant the Name of the Lord. ਕਿਆ ਸੋਚਹਿ ਬਾਰੰ ਬਾਰਾ ॥੧॥ ਰਹਾਉ ॥ kiaa socheh baara(n) baaraa ||1|| rahaau || So what does he think of, over and over again? ||1||Pause||",https://s3.us-east-1.amazonaws.com/keerat.xyz/keertan/sdo/yt_heeraRattan/006 Bhai Mohinder Singh Ji SDO Bebe Nanaki Birmingham 10 10 1983 -1 (heeraRattan).mp3,ਸਤਿਗੁਰੁ ਨ ਸੇਵਹਿ ਮੂਰਖ ਅੰਧ ਗਵਾਰਾ ॥
1741110029,HeeraRattan,Bhai Mohinder Singh Ji SDO,02:09:52,2478,28130,ਹਰਿ ਹਰਿ ਹਰਿ. ਹਰਿ ਭਗਤਿ ਦ੍ਰਿੜਾਵਹੁ ਹਰਿ ਹਰਿ ਨਾਮੁ ਓੁਮਾਹਾ ਰਾਮ ॥੧॥,https://s3.us-east-1.amazonaws.com/keerat.xyz/keertan/sdo/yt_heeraRattan/006 Bhai Mohinder Singh Ji SDO Bebe Nanaki Birmingham 10 10 1983 -1 (heeraRattan).mp3,ਹਰਿ ਹਰਿ ਸੰਤ ਮਿਲਹੁ ਮੇਰੇ ਭਾਈ ਹਰਿ ਨਾਮੁ ਦ੍ਰਿੜਾਵਹੁ ਇਕ ਕਿਨਕਾ ॥
1741110416,HeeraRattan,Bhai Mohinder Singh Ji SDO,02:12:59,1442,16932,paradhes jhaag saudhe kau aaiaa ||,https://s3.us-east-1.amazonaws.com/keerat.xyz/keertan/sdo/yt_heeraRattan/006 Bhai Mohinder Singh Ji SDO Bebe Nanaki Birmingham 10 10 1983 -1 (heeraRattan).mp3,ਪਰਦੇਸੁ ਝਾਗਿ ਸਉਦੇ ਕਉ ਆਇਆ ॥
1741110486,HeeraRattan,Bhai Mohinder Singh Ji SDO,02:14:05,3506,40826,failed. se jan saache sadhaa sadhaa jinee har ras peetaa ||,https://s3.us-east-1.amazonaws.com/keerat.xyz/keertan/sdo/yt_heeraRattan/006 Bhai Mohinder Singh Ji SDO Bebe Nanaki Birmingham 10 10 1983 -1 (heeraRattan).mp3,ਸੇ ਜਨ ਸਾਚੇ ਸਦਾ ਸਦਾ ਜਿਨੀ ਹਰਿ ਰਸੁ ਪੀਤਾ ॥
1741114054,HeeraRattan,Bhai Mohinder Singh Ji SDO,02:18:54,4021,47882,har ke naam ke biaapaaree ||,https://s3.us-east-1.amazonaws.com/keerat.xyz/keertan/sdo/yt_heeraRattan/006 Bhai Mohinder Singh Ji SDO Bebe Nanaki Birmingham 10 10 1983 -1 (heeraRattan).mp3,ਹਰਿ ਕੇ ਨਾਮ ਕੇ ਬਿਆਪਾਰੀ ॥
1741647597,HeeraRattan,Bhai Mohinder Singh Ji SDO,00:17:20,48,527,ਗੁਰ ਮੂਰਤਿ ਗੁਰ ਸਬਦੁ ਹੈ ਸਾਧਸੰਗਤਿ ਮਿਲਿ ਅੰਮ੍ਰਿਤ ਵੇਲਾ । ਵਾਹਿਗੁਰੂ gurshabad hai,https://s3.us-east-1.amazonaws.com/keerat.xyz/keertan/sdo/yt_heeraRattan/007 Bhai Mohinder Singh Ji Smagam UK 13 10 1983 -2 (heeraRattan).mp3,ਮਿਲੁ ਸਾਧਸੰਗਤਿ ਭਜੁ ਕੇਵਲ ਨਾਮ ॥੧॥
1741647693,HeeraRattan,Bhai Mohinder Singh Ji SDO,00:18:04,,,saadhasa(n)gat asathaan jagamag noor hai |,https://s3.us-east-1.amazonaws.com/keerat.xyz/keertan/sdo/yt_heeraRattan/007 Bhai Mohinder Singh Ji Smagam UK 13 10 1983 -2 (heeraRattan).mp3,
1752342733,HeeraRattan,Bhai Mohinder Singh Ji SDO,00:20:02,2280,26091,bin sabadhai. jag bhuladhaa firadhaa dharageh milai sajai || rahaau ||,https://s3.us-east-1.amazonaws.com/keerat.xyz/keertan/sdo/yt_heeraRattan/007 Bhai Mohinder Singh Ji Smagam UK 13 10 1983 -2 (heeraRattan).mp3,ਬਿਨੁ ਸਬਦੈ ਜਗੁ ਭੁਲਦਾ ਫਿਰਦਾ ਦਰਗਹ ਮਿਲੈ ਸਜਾਇ ॥ ਰਹਾਉ ॥
1752356079,HeeraRattan,Bhai Mohinder Singh Ji SDO,00:20:46,4279,51834,"ਜੈਸੇ ਫਲ ਤੇ ਬਿਰਖ ਬਿਰਖ ਤੇ ਹੋਤ ਫਲ  ਅਦਭੁਤ ਗਤਿ ਕਛੁ ਕਹਤ ਨ ਆਵੈ ਜੀ ॥ ਜੈਸੇ ਬਾਸ ਬਾਵਨ ਮੈ ਬਾਵਨ ਹੈ ਬਾਸ ਬਿਖੈ  ਬਿਸਮ ਚਰਿਤ੍ਰ ਕੋਊ ਮਰਮ ਨ ਪਾਵੈ ਜੀ ॥ ਕਾਸ ਮੈ ਅਗਨਿ ਅਰੁ ਅਗਨਿ ਮੈ ਕਾਸਟ ਜੈਸੇ  ਅਤਿ ਅਸਚਰਯ ਮਯ ਕੌਤਕ ਕਹਾਵੈ ਜੀ ॥ ਸਤਿਗੁਰ ਮਹਿ ਸਬਦ ਸਬਦ ਮਹਿ ਸਤਿਗੁਰ ਹੈ  ਨਿਗੁਨ ਸਗੁਨ ਗਿਆਨ ਧਿਆਨ ਸਮਝਾਵੈ ਜੀ ॥੬੦੮॥ Just as a tree is born out of fruit and fruit grows on the tree this act is wonderous and cannot be explained. Just as fragrance is in sandalwood and sandalwood is in fragrance, no one can know secret of this astonishing display. Just as fire exists in wood and wood is fire. This play is no less amazing. Similarly, the True Guru has word (Naam) and True Guru resides in it. The True Guru alone explains us the focusing of mind on the absolute and transcendental form of divine knowledge.  (608)",https://s3.us-east-1.amazonaws.com/keerat.xyz/keertan/sdo/yt_heeraRattan/007 Bhai Mohinder Singh Ji Smagam UK 13 10 1983 -2 (heeraRattan).mp3,ਦੇਖਿ ਚਰਿਤ੍ਰ ਭਈ ਹਉ ਬਿਸਮਨਿ ਗੁਰਿ ਸਤਿਗੁਰਿ ਪੁਰਖਿ ਮਿਲਾਈ ॥
1752356332,HeeraRattan,Bhai Mohinder Singh Ji SDO,00:24:52,,,ਨਾਨਕ ਸੋ ਅੰਗਦ ਗੁਰਦੇਵਨਾ jotvigas,https://s3.us-east-1.amazonaws.com/keerat.xyz/keertan/sdo/yt_heeraRattan/007 Bhai Mohinder Singh Ji Smagam UK 13 10 1983 -2 (heeraRattan).mp3,
1752356603,HeeraRattan,Bhai Mohinder Singh Ji SDO,00:27:52,43,451,"ਸਤਿ ਸਤਿ ਸਤਿ ਸਤਿ ਸਤਿ ਗੁਰਦੇਵ ॥ sat sat sat sat sat gurdhev || True, True, True True, True is the Divine Guru. ਝੂਠੁ ਝੂਠੁ ਝੂਠੁ ਝੂਠੁ ਆਨ ਸਭ ਸੇਵ ॥੧॥ ਰਹਾਉ ॥ jhooTh jhooTh jhooTh jhooTh aan sabh sev ||1|| rahaau || False, false, false, false is all other service. ||1||Pause||",https://s3.us-east-1.amazonaws.com/keerat.xyz/keertan/sdo/yt_heeraRattan/007 Bhai Mohinder Singh Ji Smagam UK 13 10 1983 -2 (heeraRattan).mp3,ਮੇਰੇ ਮੀਤ ਗੁਰਦੇਵ ਮੋ ਕਉ ਰਾਮ ਨਾਮੁ ਪਰਗਾਸਿ ॥
1752356725,HeeraRattan,Bhai Mohinder Singh Ji SDO,00:29:30,3428,40213,teraa kavan guroo jis kaa too chelaa ||,https://s3.us-east-1.amazonaws.com/keerat.xyz/keertan/sdo/yt_heeraRattan/007 Bhai Mohinder Singh Ji Smagam UK 13 10 1983 -2 (heeraRattan).mp3,ਤੇਰਾ ਕਵਣੁ ਗੁਰੂ ਜਿਸ ਕਾ ਤੂ ਚੇਲਾ ॥
1752356858,HeeraRattan,Bhai Mohinder Singh Ji SDO,00:32:12,1,3,ਆਦਿ ਸਚੁ ਜੁਗਾਦਿ ਸਚੁ ॥,https://s3.us-east-1.amazonaws.com/keerat.xyz/keertan/sdo/yt_heeraRattan/007 Bhai Mohinder Singh Ji Smagam UK 13 10 1983 -2 (heeraRattan).mp3,ਆਦਿ ਸਚੁ ਜੁਗਾਦਿ ਸਚੁ ॥
1752357243,HeeraRattan,Bhai Mohinder Singh Ji SDO,00:35:57,,,SDO Katha Sultanpur how did sikhs do bhagti when no bani,https://s3.us-east-1.amazonaws.com/keerat.xyz/keertan/sdo/yt_heeraRattan/007 Bhai Mohinder Singh Ji Smagam UK 13 10 1983 -2 (heeraRattan).mp3,
1752357262,HeeraRattan,Bhai Mohinder Singh Ji SDO,00:36:18,599,8361,"੨੧ : ਸੁਲਤਾਨ ਪੁਰੀਏ ਸਿਖ Sikhs from Sultanpur    ਕਾਲੂ ਚਾਊ ਬੰਮੀਆ ਮੂਲੇ ਨੋ ਗੁਰ ਸਬਦੁ ਪਿਆਰਾ। ਹੋਮਾ ਵਿਚਿ ਕਪਾਹੀਆ ਗੋਬਿੰਦੁ ਘੇਈ ਗੁਰ ਨਿਸਤਾਰਾ। ਭਿਖਾ ਟੋਡਾ ਭਟ ਦੁਇ ਧਾਰੂ ਸੂਦ ਮਹਲੁ ਤਿਸੁ ਭਾਰਾ। ਗੁਰਮੁਖਿ ਰਾਮੂ ਕੋਹਲੀ ਨਾਲਿ ਨਿਹਾਲੂ ਸੇਵਕੁ ਸਾਰਾ। ਛਜੂ ਭਲਾ ਜਾਣੀਐ ਮਾਈ ਦਿਤਾ ਸਾਧੁ ਵਿਚਾਰਾ। ਤੁਲਸਾ ਵਹੁਰਾ ਭਗਤ ਹੈ ਦਾਮੋਦਰੁ ਆਕੁਲ ਬਲਿਹਾਰਾ। ਭਾਨਾ ਆਵਲ ਵਿਗਹ ਮਲੁ ਬੁਧੋ ਛੀਂਬਾ ਗੁਰ ਦਰਬਾਰਾ। ਸੁਲਤਾਨੇ ਪੁਰਿ ਭਗਤਿ ਭੰਡਾਰਾ ॥੨੧॥ Bhai Kalu, Chau, Bammi and Bhai Mula love the Word of the Guru. Along with Homa, the cotton trader, Goving Ghai was also taken across by the Guru. Bhikkha and Todi both were Bhatts and Dharu Sud had a large mansion. Gurmukh of Kohli caste and Ramu along with servant Nihalu are also there. Chhaju was Bhalla and Mai Ditta was a poor sadhu. Devotte Tulasa is of Bohara caste and I am sacrifice unto Damodar and Akul. Bhana, Vigah Mal and Buddho, the calicoprinter have also come to the court of the Guru. Sultanpur is the warehouse of devotion (and devotees).",https://s3.us-east-1.amazonaws.com/keerat.xyz/keertan/sdo/yt_heeraRattan/007 Bhai Mohinder Singh Ji Smagam UK 13 10 1983 -2 (heeraRattan).mp3,ਸਫਲ ਦਰਸਨੁ ਗੋਬਿੰਦੁ ਹਮਾਰਾ ॥੪॥੭੯॥੧੪੮॥
1752357353,HeeraRattan,Bhai Mohinder Singh Ji SDO,00:37:11,183,2983,ਗੁਰਸਿਖ ਆਸਕੁ ਸਬਦ ਦੇ ਕੁਤੇ ਦਾ ਪੜਕੁਤਾ ਭਾਣਾ ।,https://s3.us-east-1.amazonaws.com/keerat.xyz/keertan/sdo/yt_heeraRattan/007 Bhai Mohinder Singh Ji Smagam UK 13 10 1983 -2 (heeraRattan).mp3,ਗੁਰਸਿਖਾ ਲਹਦਾ ਭਾਲਿ ਕੈ ॥
1752357527,HeeraRattan,Bhai Mohinder Singh Ji SDO,00:39:50,,,P10 giving Gurgadi. Something about dasam saroop,https://s3.us-east-1.amazonaws.com/keerat.xyz/keertan/sdo/yt_heeraRattan/007 Bhai Mohinder Singh Ji Smagam UK 13 10 1983 -2 (heeraRattan).mp3,
1752358206,HeeraRattan,Bhai Mohinder Singh Ji SDO,00:51:01,7426,75147,kaahoo lai paahan pooj dharayo sir kaahoo lai li(n)g gare laTakaio ||,https://s3.us-east-1.amazonaws.com/keerat.xyz/keertan/sdo/yt_heeraRattan/007 Bhai Mohinder Singh Ji Smagam UK 13 10 1983 -2 (heeraRattan).mp3,ਕਾਹੂ ਲੈ ਪਾਹਨ ਪੂਜ ਧਰਯੋ ਸਿਰ ਕਾਹੂ ਲੈ ਲਿੰਗੁ ਗਰੇ ਲਟਕਾਇਓ ॥
1752358682,HeeraRattan,Bhai Mohinder Singh Ji SDO,01:02:20,2029,23538,har raam naam jap laahaa ||,https://s3.us-east-1.amazonaws.com/keerat.xyz/keertan/sdo/yt_heeraRattan/007 Bhai Mohinder Singh Ji Smagam UK 13 10 1983 -2 (heeraRattan).mp3,ਹਰਿ ਰਾਮ ਨਾਮੁ ਜਪਿ ਲਾਹਾ ॥
1752539985,HeeraRattan,Bhai Mohinder Singh Ji SDO,01:05:14,1022,12907,"ਮਨੁ ਮੇਰੋ ਗਜੁ ਜਿਹਬਾ ਮੇਰੀ ਕਾਤੀ ॥ man mero gaj jihabaa meree kaatee || My mind is the yardstick, and my tongue is the scissors. ਮਪਿ ਮਪਿ ਕਾਟਉ ਜਮ ਕੀ ਫਾਸੀ ॥੧॥ map map kaaTau jam kee faasee ||1|| I measure it out and cut off the noose of death. ||1||",https://s3.us-east-1.amazonaws.com/keerat.xyz/keertan/sdo/yt_heeraRattan/007 Bhai Mohinder Singh Ji Smagam UK 13 10 1983 -2 (heeraRattan).mp3,ਬੋਲਹੁ ਜਸੁ ਜਿਹਬਾ ਦਿਨੁ ਰਾਤਿ ॥
1752540040,HeeraRattan,Bhai Mohinder Singh Ji SDO,01:06:27,32,313,ਲਖੁ ਲਖੁ ਗੇੜਾ ਆਖੀਅਹਿ ਏਕੁ ਨਾਮੁ ਜਗਦੀਸ ॥,https://s3.us-east-1.amazonaws.com/keerat.xyz/keertan/sdo/yt_heeraRattan/007 Bhai Mohinder Singh Ji Smagam UK 13 10 1983 -2 (heeraRattan).mp3,ਲਖੁ ਲਖੁ ਗੇੜਾ ਆਖੀਅਹਿ ਏਕੁ ਨਾਮੁ ਜਗਦੀਸ ॥
1752540490,HeeraRattan,Bhai Mohinder Singh Ji SDO,01:11:49,1544,18216,jap jap har kaa naam kadhe na jhooreeaai ||,https://s3.us-east-1.amazonaws.com/keerat.xyz/keertan/sdo/yt_heeraRattan/007 Bhai Mohinder Singh Ji Smagam UK 13 10 1983 -2 (heeraRattan).mp3,ਜਪਿ ਜਪਿ ਹਰਿ ਕਾ ਨਾਮੁ ਕਦੇ ਨ ਝੂਰੀਐ ॥
1752540568,HeeraRattan,Bhai Mohinder Singh Ji SDO,01:17:27,69,828,ਗੁਰ ਕੈ ਸਬਦਿ. ਰਹਿਆ ਭਰਪੂਰਿ ॥੭॥,https://s3.us-east-1.amazonaws.com/keerat.xyz/keertan/sdo/yt_heeraRattan/007 Bhai Mohinder Singh Ji Smagam UK 13 10 1983 -2 (heeraRattan).mp3,ਜਿਸ ਤੇ ਉਪਜੈ ਤਿਸ ਤੇ ਬਿਨਸੈ ਘਟਿ ਘਟਿ ਸਚੁ ਭਰਪੂਰਿ ॥
1752540624,HeeraRattan,Bhai Mohinder Singh Ji SDO,01:18:17,40,388,ਤੇਰਾ ਅੰਤੁ. ਨ ਜਾਈ ਲਖਿਆ ॥੧॥ ਰਹਾਉ ॥,https://s3.us-east-1.amazonaws.com/keerat.xyz/keertan/sdo/yt_heeraRattan/007 Bhai Mohinder Singh Ji Smagam UK 13 10 1983 -2 (heeraRattan).mp3,ਸੋ ਦਰੁ ਤੇਰਾ ਕੇਹਾ ਸੋ ਘਰੁ ਕੇਹਾ ਜਿਤੁ ਬਹਿ ਸਰਬ ਸਮਾਲੇ ॥
1752540739,HeeraRattan,Bhai Mohinder Singh Ji SDO,01:24:37,245,3559,sikhahu sabadh piaariho janam maran kee Tek ||,https://s3.us-east-1.amazonaws.com/keerat.xyz/keertan/sdo/yt_heeraRattan/007 Bhai Mohinder Singh Ji Smagam UK 13 10 1983 -2 (heeraRattan).mp3,ਮੁੰਢਹੁ ਭੁਲੀ ਨਾਨਕਾ ਫਿਰਿ ਫਿਰਿ ਜਨਮਿ ਮੁਈਆਸੁ ॥
1752540763,HeeraRattan,Bhai Mohinder Singh Ji SDO,01:25:36,,,anand Sahib ,https://s3.us-east-1.amazonaws.com/keerat.xyz/keertan/sdo/yt_heeraRattan/007 Bhai Mohinder Singh Ji Smagam UK 13 10 1983 -2 (heeraRattan).mp3,
1752540787,HeeraRattan,Bhai Mohinder Singh Ji SDO,00:00:00,2905,33125,too Thaakuro bairaagaro mai jehee ghan cheree raam ||,https://s3.us-east-1.amazonaws.com/keerat.xyz/keertan/sdo/yt_heeraRattan/008 Bhai Mohinder Singh Ji (SDO) Derby Smagam 14 10 1983 UK 3 (heeraRattan).mp3,ਤੂ ਠਾਕੁਰੋ ਬੈਰਾਗਰੋ ਮੈ ਜੇਹੀ ਘਣ ਚੇਰੀ ਰਾਮ ॥
1752612970,HeeraRattan,Bhai Mohinder Singh Ji SDO,00:02:39,4847,56722,jal jaau jeevan naam binaa ||,https://s3.us-east-1.amazonaws.com/keerat.xyz/keertan/sdo/yt_heeraRattan/008 Bhai Mohinder Singh Ji (SDO) Derby Smagam 14 10 1983 UK 3 (heeraRattan).mp3,ਜਲਿ ਜਾਉ ਜੀਵਨੁ ਨਾਮ ਬਿਨਾ ॥
1752782365,HeeraRattan,Bhai Mohinder Singh Ji SDO,00:10:50,2679,30266,ab man chhooT giaa saadhoo sa(n)g mile ||,https://s3.us-east-1.amazonaws.com/keerat.xyz/keertan/sdo/yt_heeraRattan/008 Bhai Mohinder Singh Ji (SDO) Derby Smagam 14 10 1983 UK 3 (heeraRattan).mp3,ਅਬ ਮਨੁ ਛੂਟਿ ਗਇਆ ਸਾਧੂ ਸੰਗਿ ਮਿਲੇ ॥
1752782690,HeeraRattan,Bhai Mohinder Singh Ji SDO,00:12:58,1017,12857,ਮਨ. ਤੂੰ ਜੋਤਿ ਸਰੂਪੁ ਹੈ ਆਪਣਾ ਮੂਲੁ ਪਛਾਣੁ ॥,https://s3.us-east-1.amazonaws.com/keerat.xyz/keertan/sdo/yt_heeraRattan/008 Bhai Mohinder Singh Ji (SDO) Derby Smagam 14 10 1983 UK 3 (heeraRattan).mp3,ਸਤਿ ਸਰੂਪੁ ਰਿਦੈ ਜਿਨਿ ਮਾਨਿਆ ॥
1752782766,HeeraRattan,Bhai Mohinder Singh Ji SDO,00:14:07,182,2915,"ਜਿਨੑ ਪੀਆ. ਸੇ ਮਸਤ ਭਏ ਹੈ ਤੂਟੇ ਬੰਧਨ ਫਾਹੇ ॥ jin(h) peeaa. se masat bhe hai tooTe ba(n)dhan faahe || Those who drink it in are enraptured; their bonds and shackles are cut away. ਜੋਤੀ ਜੋਤਿ ਸਮਾਣੀ ਭੀਤਰਿ ਤਾ ਛੋਡੇ ਮਾਇਆ ਕੇ ਲਾਹੇ ॥੨॥ jotee jot samaanee bheetar taa chhodde maiaa ke laahe ||2|| When one's light blends into the Divine Light, then the desire for Maya is ended. ||2||",https://s3.us-east-1.amazonaws.com/keerat.xyz/keertan/sdo/yt_heeraRattan/008 Bhai Mohinder Singh Ji (SDO) Derby Smagam 14 10 1983 UK 3 (heeraRattan).mp3,ਤੇਰਿਆ ਭਗਤਾ ਰਿਦੈ ਸਮਾਣੀਆ ॥
1752784335,HeeraRattan,Bhai Mohinder Singh Ji SDO,00:21:52,719,9886,bin gursabadha. na chhooTeeaai dhekhahu veechaaraa ||,https://s3.us-east-1.amazonaws.com/keerat.xyz/keertan/sdo/yt_heeraRattan/008 Bhai Mohinder Singh Ji (SDO) Derby Smagam 14 10 1983 UK 3 (heeraRattan).mp3,ਬਿਨੁ ਗੁਰ ਸਬਦ ਨ ਛੂਟੀਐ ਦੇਖਹੁ ਵੀਚਾਰਾ ॥
1753699305,random,Bhai Mohinder Singh Ji SDO,01:57:57,3058,34583,eih saagar soiee tarai jo har gun gaae ||,"https://s3.us-east-1.amazonaws.com/keerat.xyz/keertan/sdo/yt_heeraRattan/163 Bhai Mohinder Singh Ji SDO Dulla ji playing Tabla, Amritsar 1980 Smagam (heeraRattan).mp3",ਇਹੁ ਸਾਗਰੁ ਸੋਈ ਤਰੈ ਜੋ ਹਰਿ ਗੁਣ ਗਾਏ ॥
1754530226,random,Bhai Mohinder Singh Ji SDO,00:07:03,2367,27117,prabh jee too mero sukhadhaataa ||,https://s3.us-east-1.amazonaws.com/keerat.xyz/keertan/sdo/yt_heeraRattan/121 Bhai Mohinder Singh Ji SDO Chicago 1984 Smagam (heeraRattan).mp3,ਪ੍ਰਭ ਜੀ ਤੂ ਮੇਰੋ ਸੁਖਦਾਤਾ ॥
1757434774,HeeraRattan,Bhai Mohinder Singh Ji SDO,00:25:00,3428,40212,"ਤੇਰਾ ਕਵਣੁ ਗੁਰੂ ਜਿਸ ਕਾ ਤੂ ਚੇਲਾ ॥,ਸਬਦੁ ਗੁਰੂ ਸੁਰਤਿ ਧੁਨਿ ਚੇਲਾ ॥",https://s3.us-east-1.amazonaws.com/keerat.xyz/keertan/sdo/yt_heeraRattan/008 Bhai Mohinder Singh Ji (SDO) Derby Smagam 14 10 1983 UK 3 (heeraRattan).mp3,ਕਵਣ ਮੂਲੁ ਕਵਣ ਮਤਿ ਵੇਲਾ ॥
1757435523,HeeraRattan,Bhai Mohinder Singh Ji SDO,00:37:15,2638,29894,har ke naam bin jhooThe sagal paasaare ||1|| rahaau ||,https://s3.us-east-1.amazonaws.com/keerat.xyz/keertan/sdo/yt_heeraRattan/008 Bhai Mohinder Singh Ji (SDO) Derby Smagam 14 10 1983 UK 3 (heeraRattan).mp3,ਹਰਿ ਕੇ ਨਾਮ ਬਿਨੁ ਝੂਠੇ ਸਗਲ ਪਾਸਾਰੇ ॥੧॥ ਰਹਾਉ ॥
1757435761,HeeraRattan,Bhai Mohinder Singh Ji SDO,00:39:54,7426,75149,"ਕਾਹੂ ਲੈ ਪਾਹਨ ਪੂਜ ਧਰਯੋ ਸਿਰ ਕਾਹੂ ਲੈ ਲਿੰਗ ਗਰੇ ਲਟਕਾਇਓ ॥ kaahoo lai paahan pooj dharayo sir kaahoo lai li(n)g gare laTakaio || Someone worshipped stone and placed it on his head. Someone hung the phallus (lingam) from his neck. ਕਾਹੂ ਲਖਿਓ ਹਰਿ ਅਵਾਚੀ ਦਿਸਾ ਮਹਿ ਕਾਹੂ, ਪਛਾਹ ਕੋ ਸੀਸੁ ਨਿਵਾਇਓ ॥ kaahoo lakhio har avaachee dhisaa meh kaahoo, pachhaeh ko sees nivaio || Someone visualized God in the South and someone bowed his head towards the West. ਕੋਊ, ਬੁਤਾਨ ਕੋ ਪੂਜਤ ਹੈ ਪਸੁ ਕੋਊ, ਮ੍ਰਿਤਾਨ ਕੋ ਪੂਜਨ ਧਾਇਓ ॥ kouoo, butaan ko poojat hai pas kouoo, mritaan ko poojan dhaio || Some fool worships the idols and someone goes to worship the dead. ਕੂਰ ਕ੍ਰਿਆ ਉਰਝਿਓ ਸਭ ਹੀ ਜਗ ਸ੍ਰੀ ਭਗਵਾਨ ਕੋ ਭੇਦੁ ਨ ਪਾਇਓ ॥੧੦॥੩੦॥ koor kiraa urajhio sabh hee jag sree bhagavaan ko bhedh na paio ||10||30|| The whole world is entangled in false rituals and has not known the secret of Lord-God 10.30",https://s3.us-east-1.amazonaws.com/keerat.xyz/keertan/sdo/yt_heeraRattan/008 Bhai Mohinder Singh Ji (SDO) Derby Smagam 14 10 1983 UK 3 (heeraRattan).mp3,ਕੋਊ ਬੁਤਾਨ ਕੋ ਪੂਜਤ ਹੈ ਪਸੁ ਕੋਊ ਮ੍ਰਿਤਾਨ ਕੋ ਪੂਜਨ ਧਾਇਓ ॥
1757609078,HeeraRattan,Bhai Mohinder Singh Ji SDO,00:51:58,440,6154,paiaa ratan gharaahu dheevaa baaliaa ||,https://s3.us-east-1.amazonaws.com/keerat.xyz/keertan/sdo/yt_heeraRattan/008 Bhai Mohinder Singh Ji (SDO) Derby Smagam 14 10 1983 UK 3 (heeraRattan).mp3,ਪਾਇਆ ਰਤਨੁ ਘਰਾਹੁ ਦੀਵਾ ਬਾਲਿਆ ॥
1757609502,HeeraRattan,Bhai Mohinder Singh Ji SDO,00:59:47,1579,18556,har har naam amolaa || (Rab da Proontha/har ka chola),https://s3.us-east-1.amazonaws.com/keerat.xyz/keertan/sdo/yt_heeraRattan/008 Bhai Mohinder Singh Ji (SDO) Derby Smagam 14 10 1983 UK 3 (heeraRattan).mp3,ਹਰਿ ਹਰਿ ਨਾਮੁ ਅਮੋਲਾ ॥
1757609820,HeeraRattan,Bhai Mohinder Singh Ji SDO,01:05:05,33,321,ਇਹੁ ਭੋਜਨੁ ਅਲਭੁ ਹੈ ਸੰਤਹੁ ਲਭੈ ਗੁਰ ਵੀਚਾਰਿ ॥,https://s3.us-east-1.amazonaws.com/keerat.xyz/keertan/sdo/yt_heeraRattan/008 Bhai Mohinder Singh Ji (SDO) Derby Smagam 14 10 1983 UK 3 (heeraRattan).mp3,ਜੋਰੁ ਨ ਸੁਰਤੀ ਗਿਆਨਿ ਵੀਚਾਰਿ ॥
1757610232,HeeraRattan,Bhai Mohinder Singh Ji SDO,01:05:56,48,525,ਜਪਿ ਜਪਿ ਨਾਮੁ ਗੋਬਿੰਦ ਕਾ ਪੂਰਨ ਬੀਚਾਰੁ ॥੧॥,https://s3.us-east-1.amazonaws.com/keerat.xyz/keertan/sdo/yt_heeraRattan/008 Bhai Mohinder Singh Ji (SDO) Derby Smagam 14 10 1983 UK 3 (heeraRattan).mp3,ਗੋਬਿੰਦ ਮਿਲਣ ਕੀ ਇਹ ਤੇਰੀ ਬਰੀਆ ॥
1757610306,HeeraRattan,Bhai Mohinder Singh Ji SDO,01:06:39,40209,201735,leehaa a(n)dhar chaleeaai jiau gaaddee raahu |,https://s3.us-east-1.amazonaws.com/keerat.xyz/keertan/sdo/yt_heeraRattan/008 Bhai Mohinder Singh Ji (SDO) Derby Smagam 14 10 1983 UK 3 (heeraRattan).mp3,
1757610418,HeeraRattan,Bhai Mohinder Singh Ji SDO,01:08:57,218,3376,ਹਰਿ ਹਰਿ ਨਾਮੁ ਦੀਓ ਕੀਰਤਨ ਕਉ ਭਈ ਹਮਾਰੀ ਗਾਤਿ ॥ ਰਹਾਉ ॥,https://s3.us-east-1.amazonaws.com/keerat.xyz/keertan/sdo/yt_heeraRattan/008 Bhai Mohinder Singh Ji (SDO) Derby Smagam 14 10 1983 UK 3 (heeraRattan).mp3,ਹਰਿ ਕੀ ਵਡਿਆਈ ਵਡੀ ਹੈ ਹਰਿ ਕੀਰਤਨੁ ਹਰਿ ਕਾ ॥
1757610813,HeeraRattan,Bhai Mohinder Singh Ji SDO,01:10:44,38,375,"ਗੁਰ ਕਾ ਸਬਦੁ ਮਹਾ ਰਸੁ ਮੀਠਾ ॥ gur kaa sabadh mahaa ras meeThaa || The Word of the Guru's Shabad is utterly sweet and sublime. ਐਸਾ ਅੰਮ੍ਰਿਤੁ ਅੰਤਰਿ ਡੀਠਾ ॥ aaisaa a(n)mrit a(n)tar ddeeThaa || Such is the Ambrosial Nectar I see deep within. ਜਿਨਿ ਚਾਖਿਆ ਪੂਰਾ ਪਦੁ ਹੋਇ ॥ jin chaakhiaa pooraa padh hoi || Those who taste this, attain the state of perfection. ਨਾਨਕ ਧ੍ਰਾਪਿਓ ਤਨਿ ਸੁਖੁ ਹੋਇ ॥੫॥੧੪॥ naanak dhraapio tan sukh hoi ||5||14|| O Nanak, they are satisfied, and their bodies are at peace. ||5||14||",https://s3.us-east-1.amazonaws.com/keerat.xyz/keertan/sdo/yt_heeraRattan/008 Bhai Mohinder Singh Ji (SDO) Derby Smagam 14 10 1983 UK 3 (heeraRattan).mp3,ਭਾਂਡਾ ਭਾਉ ਅੰਮ੍ਰਿਤੁ ਤਿਤੁ ਢਾਲਿ ॥
1757610951,HeeraRattan,Bhai Mohinder Singh Ji SDO,01:11:54,4847,56723,har jap jaap japau japamaalee gurmukh aavai saadh manaa ||1|| rahaau ||,https://s3.us-east-1.amazonaws.com/keerat.xyz/keertan/sdo/yt_heeraRattan/008 Bhai Mohinder Singh Ji (SDO) Derby Smagam 14 10 1983 UK 3 (heeraRattan).mp3,ਹਰਿ ਜਪਿ ਜਾਪੁ ਜਪਉ ਜਪਮਾਲੀ ਗੁਰਮੁਖਿ ਆਵੈ ਸਾਦੁ ਮਨਾ ॥੧॥ ਰਹਾਉ ॥
1757611115,HeeraRattan,Bhai Mohinder Singh Ji SDO,01:13:39,,,Anand Sahib,https://s3.us-east-1.amazonaws.com/keerat.xyz/keertan/sdo/yt_heeraRattan/008 Bhai Mohinder Singh Ji (SDO) Derby Smagam 14 10 1983 UK 3 (heeraRattan).mp3,
1757611377,HeeraRattan,Bhai Mohinder Singh Ji SDO,00:04:26,1097,13578,(4 minutes of managls before) bhagat soheh gun gaavate naanaka. prabh kai dhuaar ||6||,https://s3.us-east-1.amazonaws.com/keerat.xyz/keertan/sdo/yt_heeraRattan/009 Bhai Mohinder Singh Ji (SDO) Boston usa Smagam 1982-2 (heeraRattan).mp3,
1757611643,HeeraRattan,Bhai Mohinder Singh Ji SDO,00:07:51,359,5553,sevee satigur aapanaa har simaree. dhin sabh rain ||,https://s3.us-east-1.amazonaws.com/keerat.xyz/keertan/sdo/yt_heeraRattan/009 Bhai Mohinder Singh Ji (SDO) Boston usa Smagam 1982-2 (heeraRattan).mp3,ਸੇਵੀ ਸਤਿਗੁਰੁ ਆਪਣਾ ਹਰਿ ਸਿਮਰੀ ਦਿਨ ਸਭਿ ਰੈਣ ॥
1757631350,HeeraRattan,Bhai Mohinder Singh Ji SDO,00:19:57,236,3502,har ke sa(n)t sunahu jan bhaiee har satigur kee ik saakhee ||,https://s3.us-east-1.amazonaws.com/keerat.xyz/keertan/sdo/yt_heeraRattan/009 Bhai Mohinder Singh Ji (SDO) Boston usa Smagam 1982-2 (heeraRattan).mp3,ਹਰਿ ਕੇ ਸੰਤ ਸੁਣਹੁ ਜਨ ਭਾਈ ਹਰਿ ਸਤਿਗੁਰ ਕੀ ਇਕ ਸਾਖੀ ॥
1757956636,HeeraRattan,Bhai Mohinder Singh Ji SDO,00:25:34,245,3558,hasa(n)dhiaa khela(n)dhiaa paina(n)dhiaa khaava(n)dhiaa viche hovai mukat ||2||,https://s3.us-east-1.amazonaws.com/keerat.xyz/keertan/sdo/yt_heeraRattan/009 Bhai Mohinder Singh Ji (SDO) Boston usa Smagam 1982-2 (heeraRattan).mp3,ਮਃ ੫ ॥
1758876800,random,Bhai Mohinder Singh Ji SDO,00:00:00,1496,17582,maarag chalat hare har gaieeaai ||1||,https://s3.us-east-1.amazonaws.com/keerat.xyz/keertan/sdo/yt_heeraRattan/265 Bhai Mohinder Singh Ji SDO New Delhi Smagam (heeraRattan).mp3,ਮਾਰਗਿ ਚਲਤ ਹਰੇ ਹਰਿ ਗਾਈਐ ॥੧॥
1759431418,HeeraRattan,Bhai Mohinder Singh Ji SDO,00:26:27,245,3560,naanaka. satigur bheTiaai pooree hovai jugat ||,https://s3.us-east-1.amazonaws.com/keerat.xyz/keertan/sdo/yt_heeraRattan/009 Bhai Mohinder Singh Ji (SDO) Boston usa Smagam 1982-2 (heeraRattan).mp3,ਕਸਤੂਰੀ ਕੈ ਭੋਲੜੈ ਗੰਦੇ ਡੁੰਮਿ ਪਈਆਸੁ ॥੨॥
1759431563,HeeraRattan,Bhai Mohinder Singh Ji SDO,00:28:38,355,5337,ਊਠਤ ਸੁਖੀਆ ਬੈਠਤ ਸੁਖੀਆ ॥,https://s3.us-east-1.amazonaws.com/keerat.xyz/keertan/sdo/yt_heeraRattan/009 Bhai Mohinder Singh Ji (SDO) Boston usa Smagam 1982-2 (heeraRattan).mp3,ਕਉਣੁ ਸੁ ਸੁਖੀਆ ਕਉਣੁ ਸੁ ਦੁਖੀਆ ॥
1759605163,random,Bhai Mohinder Singh Ji SDO,00:14:43,4021,47882,har ke naam ke biaapaaree ||,https://s3.us-east-1.amazonaws.com/keerat.xyz/keertan/sdo/yt_heeraRattan/218 Bhai Mohinder Singh Ji SDO 1967 Patiala Smagam Old Spool (heeraRattan).mp3,ਹਰਿ ਕੇ ਨਾਮ ਕੇ ਬਿਆਪਾਰੀ ॥
1764650926,sikhsoul_SDO,Bhai Mohinder Singh Ji SDO,00:00:19,4650,54964,bin sabadhai aachaar na kin hee paiaa ||,https://sikhsoul.com/golden_khajana_files/mp3/Keertan/Bhai Mohinder Singh SDO/Aad Steh Jugad Steh.mp3,ਬਿਨੁ ਸਬਦੈ ਆਚਾਰੁ ਨ ਕਿਨ ਹੀ ਪਾਇਆ ॥
1765229221,sikhsoul_SDO,Bhai Mohinder Singh Ji SDO,00:01:14,,,Sa Bolo (for Shabadaa),https://sikhsoul.com/golden_khajana_files/mp3/Keertan/Bhai Mohinder Singh SDO/Aad Steh Jugad Steh.mp3,
1765229269,sikhsoul_SDO,Bhai Mohinder Singh Ji SDO,00:02:08,5428,59386,ਵਾਹਿਗੁਰੂ ਵਾਹਿਗੁਰੂ japiyo praiyo,https://sikhsoul.com/golden_khajana_files/mp3/Keertan/Bhai Mohinder Singh SDO/Aad Steh Jugad Steh.mp3,ਵਾਹਿਗੁਰੂ ਵਾਹਿਗੁਰੂ ਵਾਹਿਗੁਰੂ ਵਾਹਿ ਜੀਉ ॥
1765229331,sikhsoul_SDO,Bhai Mohinder Singh Ji SDO,00:05:54,,,Sdo Katha. Bad if no clean Bhai Gurdas Ji Vaar,https://sikhsoul.com/golden_khajana_files/mp3/Keertan/Bhai Mohinder Singh SDO/Aad Steh Jugad Steh.mp3,
1765229401,sikhsoul_SDO,Bhai Mohinder Singh Ji SDO,00:08:33,2351,26858,"ਹਿਰਦੈ ਨਾਮੁ ਵਸਾਇਹੁ ॥ hiradhai naam vasaih || Enshrine the Naam, the Name of the Lord, within your heart; ਘਰਿ ਬੈਠੇ ਗੁਰੂ ਧਿਆਇਹੁ ॥ ghar baiThe guroo dhiaaih || sitting within your own home, meditate on the Guru.",https://sikhsoul.com/golden_khajana_files/mp3/Keertan/Bhai Mohinder Singh SDO/Aad Steh Jugad Steh.mp3,ਹਿਰਦੈ ਨਾਮੁ ਵਸਾਇਹੁ ॥
1765229484,sikhsoul_SDO,Bhai Mohinder Singh Ji SDO,00:08:17,4647,54940,eik van kha(n)dd baiseh jai sadhu. na dhevahee ||,https://sikhsoul.com/golden_khajana_files/mp3/Keertan/Bhai Mohinder Singh SDO/Aad Steh Jugad Steh.mp3,ਇਕਿ ਵਣ ਖੰਡਿ ਬੈਸਹਿ ਜਾਇ ਸਦੁ ਨ ਦੇਵਹੀ ॥
1765229536,sikhsoul_SDO,Bhai Mohinder Singh Ji SDO,00:13:48,43,451,ਸਤਿ ਸਤਿ ਸਤਿ ਸਤਿ ਸਤਿ ਗੁਰਦੇਵ ॥,https://sikhsoul.com/golden_khajana_files/mp3/Keertan/Bhai Mohinder Singh SDO/Aad Steh Jugad Steh.mp3,ਮੇਰੇ ਮੀਤ ਗੁਰਦੇਵ ਮੋ ਕਉ ਰਾਮ ਨਾਮੁ ਪਰਗਾਸਿ ॥
1765229577,sikhsoul_SDO,Bhai Mohinder Singh Ji SDO,00:15:52,245,3559,sikhahu sabadh piaariho janam maran kee Tek ||,https://sikhsoul.com/golden_khajana_files/mp3/Keertan/Bhai Mohinder Singh SDO/Aad Steh Jugad Steh.mp3,ਮੁੰਢਹੁ ਭੁਲੀ ਨਾਨਕਾ ਫਿਰਿ ਫਿਰਿ ਜਨਮਿ ਮੁਈਆਸੁ ॥
1765229629,sikhsoul_SDO,Bhai Mohinder Singh Ji SDO,00:16:18,506,7074,Dhan Sri Guru Granth Sahib Ji. Dhan SGGS. raam hama. satigur paarabraham kar maane ||,https://sikhsoul.com/golden_khajana_files/mp3/Keertan/Bhai Mohinder Singh SDO/Aad Steh Jugad Steh.mp3,ਰਾਮ ਹਮ ਸਤਿਗੁਰ ਪਾਰਬ੍ਰਹਮ ਕਰਿ ਮਾਨੇ ॥
1765230225,sikhsoul_SDO,Bhai Mohinder Singh Ji SDO,00:26:38,,,Ganee Da Ras,https://sikhsoul.com/golden_khajana_files/mp3/Keertan/Bhai Mohinder Singh SDO/Aad Steh Jugad Steh.mp3,
1765296216,sikhsoul_SDO,Bhai Mohinder Singh Ji SDO,00:37:45,1544,18216,jap jap har kaa naam kadhe na jhooreeaai ||,https://sikhsoul.com/golden_khajana_files/mp3/Keertan/Bhai Mohinder Singh SDO/Aad Steh Jugad Steh.mp3,ਜਪਿ ਜਪਿ ਹਰਿ ਕਾ ਨਾਮੁ ਕਦੇ ਨ ਝੂਰੀਐ ॥
1767159665,random,Bhai Mohinder Singh Ji SDO,00:00:00,2987,33755,ham tau ek raam keh chhooTiaa ||4||3||,https://www.ikirtan.com//Bhai_Mohinder_Singh_Jee_SDO/Vancouver_BC_1980s/Bhai_Mohinder_Singh_Jee_SDO_Vancouver_1980s_Vol_27.mp3,ਹਮ ਤਉ ਏਕ ਰਾਮੁ ਕਹਿ ਛੂਟਿਆ ॥੪॥੩॥
